id,cow_id,timestamp,daily_steps,lying_time_hours,activity_index,restlessness_events
act_1,cow_1,2026-09-03T18:00:00.000Z,3211,11.3,1.00,1
act_2,cow_1,2026-09-04T18:00:00.000Z,3128,11.3,0.98,1
act_3,cow_1,2026-09-05T18:00:00.000Z,3258,11.1,1.02,1
act_4,cow_1,2026-09-06T18:00:00.000Z,2911,12.0,0.91,1
act_5,cow_1,2026-09-07T18:00:00.000Z,3066,11.3,0.96,1
act_6,cow_1,2026-09-08T18:00:00.000Z,3402,12.2,1.06,1
act_7,cow_1,2026-09-09T18:00:00.000Z,3241,11.6,1.01,1
act_8,cow_1,2026-09-10T18:00:00.000Z,3426,11.8,1.07,1
act_9,cow_1,2026-09-11T18:00:00.000Z,3261,11.1,1.02,1
act_10,cow_1,2026-09-12T18:00:00.000Z,3036,11.6,0.95,1
act_11,cow_1,2026-09-13T18:00:00.000Z,3386,10.8,1.06,1
act_12,cow_1,2026-09-14T18:00:00.000Z,3372,11.8,1.05,1
act_13,cow_1,2026-09-15T18:00:00.000Z,3395,11.2,1.06,1
act_14,cow_1,2026-09-16T18:00:00.000Z,3096,11.9,0.97,1
act_15,cow_1,2026-09-17T18:00:00.000Z,3230,11.8,1.01,1
act_16,cow_1,2026-09-18T18:00:00.000Z,3249,11.5,1.02,1
act_17,cow_1,2026-09-19T18:00:00.000Z,3233,11.0,1.01,1
act_18,cow_1,2026-09-20T18:00:00.000Z,3193,10.7,1.00,1
act_19,cow_1,2026-09-21T18:00:00.000Z,3108,12.1,0.97,1
act_20,cow_1,2026-09-22T18:00:00.000Z,3291,11.5,1.03,1
act_21,cow_1,2026-09-23T18:00:00.000Z,3129,11.7,0.98,1
act_22,cow_1,2026-09-24T18:00:00.000Z,3464,11.8,1.08,1
act_23,cow_1,2026-09-25T18:00:00.000Z,3364,10.8,1.05,1
act_24,cow_1,2026-09-26T18:00:00.000Z,3331,11.3,1.04,1
act_25,cow_1,2026-09-27T18:00:00.000Z,2961,11.1,0.93,1
act_26,cow_1,2026-09-28T18:00:00.000Z,3418,11.4,1.07,1
act_27,cow_1,2026-09-29T18:00:00.000Z,2923,12.2,0.91,1
act_28,cow_1,2026-09-30T18:00:00.000Z,3461,11.1,1.08,1
act_29,cow_1,2026-10-01T18:00:00.000Z,2936,11.9,0.92,1
act_30,cow_1,2026-10-02T18:00:00.000Z,3491,11.1,1.09,1
act_31,cow_1,2026-10-03T18:00:00.000Z,3139,11.0,0.98,1
act_32,cow_2,2026-09-03T18:00:00.000Z,3442,11.9,1.08,1
act_33,cow_2,2026-09-04T18:00:00.000Z,3114,11.6,0.97,1
act_34,cow_2,2026-09-05T18:00:00.000Z,3079,11.6,0.96,1
act_35,cow_2,2026-09-06T18:00:00.000Z,3295,12.3,1.03,1
act_36,cow_2,2026-09-07T18:00:00.000Z,3124,11.6,0.98,1
act_37,cow_2,2026-09-08T18:00:00.000Z,3495,11.6,1.09,1
act_38,cow_2,2026-09-09T18:00:00.000Z,3105,10.8,0.97,1
act_39,cow_2,2026-09-10T18:00:00.000Z,3084,11.8,0.96,1
act_40,cow_2,2026-09-11T18:00:00.000Z,3461,12.0,1.08,1
act_41,cow_2,2026-09-12T18:00:00.000Z,3125,11.8,0.98,1
act_42,cow_2,2026-09-13T18:00:00.000Z,3361,12.1,1.05,1
act_43,cow_2,2026-09-14T18:00:00.000Z,2955,11.4,0.92,1
act_44,cow_2,2026-09-15T18:00:00.000Z,3066,11.4,0.96,1
act_45,cow_2,2026-09-16T18:00:00.000Z,3067,11.2,0.96,1
act_46,cow_2,2026-09-17T18:00:00.000Z,3274,11.2,1.02,1
act_47,cow_2,2026-09-18T18:00:00.000Z,2924,10.8,0.91,1
act_48,cow_2,2026-09-19T18:00:00.000Z,2909,11.2,0.91,1
act_49,cow_2,2026-09-20T18:00:00.000Z,3339,12.2,1.04,1
act_50,cow_2,2026-09-21T18:00:00.000Z,3241,12.1,1.01,1
act_51,cow_2,2026-09-22T18:00:00.000Z,3286,11.3,1.03,1
act_52,cow_2,2026-09-23T18:00:00.000Z,3221,11.8,1.01,1
act_53,cow_2,2026-09-24T18:00:00.000Z,3334,11.0,1.04,1
act_54,cow_2,2026-09-25T18:00:00.000Z,2912,10.8,0.91,1
act_55,cow_2,2026-09-26T18:00:00.000Z,3375,11.8,1.05,1
act_56,cow_2,2026-09-27T18:00:00.000Z,3397,11.7,1.06,1
act_57,cow_2,2026-09-28T18:00:00.000Z,3277,11.7,1.02,1
act_58,cow_2,2026-09-29T18:00:00.000Z,2927,12.0,0.91,1
act_59,cow_2,2026-09-30T18:00:00.000Z,3372,12.2,1.05,1
act_60,cow_2,2026-10-01T18:00:00.000Z,3179,12.3,0.99,1
act_61,cow_2,2026-10-02T18:00:00.000Z,3283,11.9,1.03,1
act_62,cow_2,2026-10-03T18:00:00.000Z,3302,10.9,1.03,1
act_63,cow_3,2026-09-03T18:00:00.000Z,3113,11.6,0.97,1
act_64,cow_3,2026-09-04T18:00:00.000Z,3292,11.6,1.03,1
act_65,cow_3,2026-09-05T18:00:00.000Z,3221,11.2,1.01,1
act_66,cow_3,2026-09-06T18:00:00.000Z,3118,11.3,0.97,1
act_67,cow_3,2026-09-07T18:00:00.000Z,3179,10.9,0.99,1
act_68,cow_3,2026-09-08T18:00:00.000Z,3095,10.8,0.97,1
act_69,cow_3,2026-09-09T18:00:00.000Z,3067,11.9,0.96,1
act_70,cow_3,2026-09-10T18:00:00.000Z,3296,12.2,1.03,1
act_71,cow_3,2026-09-11T18:00:00.000Z,3158,11.0,0.99,1
act_72,cow_3,2026-09-12T18:00:00.000Z,3308,11.5,1.03,1
act_73,cow_3,2026-09-13T18:00:00.000Z,3093,11.4,0.97,1
act_74,cow_3,2026-09-14T18:00:00.000Z,3288,12.3,1.03,1
act_75,cow_3,2026-09-15T18:00:00.000Z,3281,11.2,1.03,1
act_76,cow_3,2026-09-16T18:00:00.000Z,3108,10.8,0.97,1
act_77,cow_3,2026-09-17T18:00:00.000Z,3423,10.8,1.07,1
act_78,cow_3,2026-09-18T18:00:00.000Z,3418,11.6,1.07,1
act_79,cow_3,2026-09-19T18:00:00.000Z,3154,11.2,0.99,1
act_80,cow_3,2026-09-20T18:00:00.000Z,2934,11.9,0.92,1
act_81,cow_3,2026-09-21T18:00:00.000Z,3172,11.9,0.99,1
act_82,cow_3,2026-09-22T18:00:00.000Z,3252,11.3,1.02,1
act_83,cow_3,2026-09-23T18:00:00.000Z,3080,12.1,0.96,1
act_84,cow_3,2026-09-24T18:00:00.000Z,2992,11.1,0.94,1
act_85,cow_3,2026-09-25T18:00:00.000Z,3000,12.2,0.94,1
act_86,cow_3,2026-09-26T18:00:00.000Z,3303,12.3,1.03,1
act_87,cow_3,2026-09-27T18:00:00.000Z,3460,11.0,1.08,1
act_88,cow_3,2026-09-28T18:00:00.000Z,3288,11.0,1.03,1
act_89,cow_3,2026-09-29T18:00:00.000Z,3327,11.5,1.04,1
act_90,cow_3,2026-09-30T18:00:00.000Z,3489,12.0,1.09,1
act_91,cow_3,2026-10-01T18:00:00.000Z,3106,11.9,0.97,1
act_92,cow_3,2026-10-02T18:00:00.000Z,3288,11.3,1.03,1
act_93,cow_3,2026-10-03T18:00:00.000Z,3425,11.1,1.07,1
act_94,cow_4,2026-09-03T18:00:00.000Z,3008,10.8,0.94,1
act_95,cow_4,2026-09-04T18:00:00.000Z,3115,12.3,0.97,1
act_96,cow_4,2026-09-05T18:00:00.000Z,3327,11.7,1.04,1
act_97,cow_4,2026-09-06T18:00:00.000Z,3188,11.5,1.00,1
act_98,cow_4,2026-09-07T18:00:00.000Z,3106,11.7,0.97,1
act_99,cow_4,2026-09-08T18:00:00.000Z,3197,10.7,1.00,1
act_100,cow_4,2026-09-09T18:00:00.000Z,3091,12.1,0.97,1
act_101,cow_4,2026-09-10T18:00:00.000Z,3069,12.1,0.96,1
act_102,cow_4,2026-09-11T18:00:00.000Z,3210,11.6,1.00,1
act_103,cow_4,2026-09-12T18:00:00.000Z,3266,11.0,1.02,1
act_104,cow_4,2026-09-13T18:00:00.000Z,3319,11.6,1.04,1
act_105,cow_4,2026-09-14T18:00:00.000Z,3488,10.7,1.09,1
act_106,cow_4,2026-09-15T18:00:00.000Z,3136,11.8,0.98,1
act_107,cow_4,2026-09-16T18:00:00.000Z,3225,11.3,1.01,1
act_108,cow_4,2026-09-17T18:00:00.000Z,3189,11.8,1.00,1
act_109,cow_4,2026-09-18T18:00:00.000Z,3067,11.1,0.96,1
act_110,cow_4,2026-09-19T18:00:00.000Z,3080,11.9,0.96,1
act_111,cow_4,2026-09-20T18:00:00.000Z,3373,11.0,1.05,1
act_112,cow_4,2026-09-21T18:00:00.000Z,3245,11.3,1.01,1
act_113,cow_4,2026-09-22T18:00:00.000Z,3285,11.0,1.03,1
act_114,cow_4,2026-09-23T18:00:00.000Z,3161,11.2,0.99,1
act_115,cow_4,2026-09-24T18:00:00.000Z,3323,11.4,1.04,1
act_116,cow_4,2026-09-25T18:00:00.000Z,3163,12.0,0.99,1
act_117,cow_4,2026-09-26T18:00:00.000Z,3087,12.1,0.96,1
act_118,cow_4,2026-09-27T18:00:00.000Z,2959,11.3,0.92,1
act_119,cow_4,2026-09-28T18:00:00.000Z,3122,11.1,0.98,1
act_120,cow_4,2026-09-29T18:00:00.000Z,3146,12.2,0.98,1
act_121,cow_4,2026-09-30T18:00:00.000Z,3236,12.2,1.01,1
act_122,cow_4,2026-10-01T18:00:00.000Z,2992,11.1,0.94,1
act_123,cow_4,2026-10-02T18:00:00.000Z,3064,11.9,0.96,1
act_124,cow_4,2026-10-03T18:00:00.000Z,3108,11.4,0.97,1
act_125,cow_5,2026-09-03T18:00:00.000Z,2912,10.9,0.91,1
act_126,cow_5,2026-09-04T18:00:00.000Z,3242,10.9,1.01,1
act_127,cow_5,2026-09-05T18:00:00.000Z,3213,11.9,1.00,1
act_128,cow_5,2026-09-06T18:00:00.000Z,2913,10.9,0.91,1
act_129,cow_5,2026-09-07T18:00:00.000Z,2943,11.1,0.92,1
act_130,cow_5,2026-09-08T18:00:00.000Z,3068,10.7,0.96,1
act_131,cow_5,2026-09-09T18:00:00.000Z,3085,11.7,0.96,1
act_132,cow_5,2026-09-10T18:00:00.000Z,3183,11.9,0.99,1
act_133,cow_5,2026-09-11T18:00:00.000Z,3294,10.8,1.03,1
act_134,cow_5,2026-09-12T18:00:00.000Z,3209,11.6,1.00,1
act_135,cow_5,2026-09-13T18:00:00.000Z,3011,11.2,0.94,1
act_136,cow_5,2026-09-14T18:00:00.000Z,3478,11.4,1.09,1
act_137,cow_5,2026-09-15T18:00:00.000Z,2991,11.4,0.93,1
act_138,cow_5,2026-09-16T18:00:00.000Z,2943,11.2,0.92,1
act_139,cow_5,2026-09-17T18:00:00.000Z,2972,10.8,0.93,1
act_140,cow_5,2026-09-18T18:00:00.000Z,3492,11.6,1.09,1
act_141,cow_5,2026-09-19T18:00:00.000Z,3359,12.3,1.05,1
act_142,cow_5,2026-09-20T18:00:00.000Z,3036,11.0,0.95,1
act_143,cow_5,2026-09-21T18:00:00.000Z,3229,11.3,1.01,1
act_144,cow_5,2026-09-22T18:00:00.000Z,3023,12.2,0.94,1
act_145,cow_5,2026-09-23T18:00:00.000Z,3115,10.7,0.97,1
act_146,cow_5,2026-09-24T18:00:00.000Z,2917,11.3,0.91,1
act_147,cow_5,2026-09-25T18:00:00.000Z,2912,10.7,0.91,1
act_148,cow_5,2026-09-26T18:00:00.000Z,3061,11.1,0.96,1
act_149,cow_5,2026-09-27T18:00:00.000Z,3111,11.0,0.97,1
act_150,cow_5,2026-09-28T18:00:00.000Z,3430,12.1,1.07,1
act_151,cow_5,2026-09-29T18:00:00.000Z,3290,12.0,1.03,1
act_152,cow_5,2026-09-30T18:00:00.000Z,3477,11.7,1.09,1
act_153,cow_5,2026-10-01T18:00:00.000Z,3376,11.2,1.05,1
act_154,cow_5,2026-10-02T18:00:00.000Z,3480,10.7,1.09,1
act_155,cow_5,2026-10-03T18:00:00.000Z,3091,10.7,0.97,1
act_156,cow_6,2026-09-03T18:00:00.000Z,3201,11.9,1.00,1
act_157,cow_6,2026-09-04T18:00:00.000Z,3001,11.0,0.94,1
act_158,cow_6,2026-09-05T18:00:00.000Z,3013,11.8,0.94,1
act_159,cow_6,2026-09-06T18:00:00.000Z,3178,12.2,0.99,1
act_160,cow_6,2026-09-07T18:00:00.000Z,3457,10.8,1.08,1
act_161,cow_6,2026-09-08T18:00:00.000Z,2974,11.3,0.93,1
act_162,cow_6,2026-09-09T18:00:00.000Z,3038,11.0,0.95,1
act_163,cow_6,2026-09-10T18:00:00.000Z,3468,11.3,1.08,1
act_164,cow_6,2026-09-11T18:00:00.000Z,3499,11.9,1.09,1
act_165,cow_6,2026-09-12T18:00:00.000Z,3457,12.2,1.08,1
act_166,cow_6,2026-09-13T18:00:00.000Z,3232,10.8,1.01,1
act_167,cow_6,2026-09-14T18:00:00.000Z,2920,11.3,0.91,1
act_168,cow_6,2026-09-15T18:00:00.000Z,3466,12.2,1.08,1
act_169,cow_6,2026-09-16T18:00:00.000Z,3284,11.3,1.03,1
act_170,cow_6,2026-09-17T18:00:00.000Z,3499,11.0,1.09,1
act_171,cow_6,2026-09-18T18:00:00.000Z,3041,11.1,0.95,1
act_172,cow_6,2026-09-19T18:00:00.000Z,3013,10.8,0.94,1
act_173,cow_6,2026-09-20T18:00:00.000Z,2923,11.4,0.91,1
act_174,cow_6,2026-09-21T18:00:00.000Z,3180,11.6,0.99,1
act_175,cow_6,2026-09-22T18:00:00.000Z,3076,11.5,0.96,1
act_176,cow_6,2026-09-23T18:00:00.000Z,3454,11.3,1.08,1
act_177,cow_6,2026-09-24T18:00:00.000Z,3125,10.7,0.98,1
act_178,cow_6,2026-09-25T18:00:00.000Z,3235,11.8,1.01,1
act_179,cow_6,2026-09-26T18:00:00.000Z,3344,11.1,1.04,1
act_180,cow_6,2026-09-27T18:00:00.000Z,3257,10.9,1.02,1
act_181,cow_6,2026-09-28T18:00:00.000Z,3080,11.6,0.96,1
act_182,cow_6,2026-09-29T18:00:00.000Z,3267,11.6,1.02,1
act_183,cow_6,2026-09-30T18:00:00.000Z,3009,11.6,0.94,1
act_184,cow_6,2026-10-01T18:00:00.000Z,3289,11.8,1.03,1
act_185,cow_6,2026-10-02T18:00:00.000Z,3093,12.2,0.97,1
act_186,cow_6,2026-10-03T18:00:00.000Z,3415,11.5,1.07,1
act_187,cow_7,2026-09-03T18:00:00.000Z,3434,11.2,1.07,1
act_188,cow_7,2026-09-04T18:00:00.000Z,3208,10.7,1.00,1
act_189,cow_7,2026-09-05T18:00:00.000Z,3004,11.7,0.94,1
act_190,cow_7,2026-09-06T18:00:00.000Z,3429,12.1,1.07,1
act_191,cow_7,2026-09-07T18:00:00.000Z,3303,11.1,1.03,1
act_192,cow_7,2026-09-08T18:00:00.000Z,3276,12.0,1.02,1
act_193,cow_7,2026-09-09T18:00:00.000Z,3154,12.0,0.99,1
act_194,cow_7,2026-09-10T18:00:00.000Z,3216,11.0,1.00,1
act_195,cow_7,2026-09-11T18:00:00.000Z,2999,11.9,0.94,1
act_196,cow_7,2026-09-12T18:00:00.000Z,3055,10.9,0.95,1
act_197,cow_7,2026-09-13T18:00:00.000Z,3226,12.0,1.01,1
act_198,cow_7,2026-09-14T18:00:00.000Z,3016,12.0,0.94,1
act_199,cow_7,2026-09-15T18:00:00.000Z,3313,12.1,1.04,1
act_200,cow_7,2026-09-16T18:00:00.000Z,3011,11.3,0.94,1
act_201,cow_7,2026-09-17T18:00:00.000Z,3400,11.7,1.06,1
act_202,cow_7,2026-09-18T18:00:00.000Z,3017,11.3,0.94,1
act_203,cow_7,2026-09-19T18:00:00.000Z,3148,11.1,0.98,1
act_204,cow_7,2026-09-20T18:00:00.000Z,3164,11.4,0.99,1
act_205,cow_7,2026-09-21T18:00:00.000Z,3455,11.2,1.08,1
act_206,cow_7,2026-09-22T18:00:00.000Z,2984,11.3,0.93,1
act_207,cow_7,2026-09-23T18:00:00.000Z,3300,12.2,1.03,1
act_208,cow_7,2026-09-24T18:00:00.000Z,3147,11.8,0.98,1
act_209,cow_7,2026-09-25T18:00:00.000Z,3152,12.3,0.98,1
act_210,cow_7,2026-09-26T18:00:00.000Z,2969,11.4,0.93,1
act_211,cow_7,2026-09-27T18:00:00.000Z,3291,12.2,1.03,1
act_212,cow_7,2026-09-28T18:00:00.000Z,3491,12.0,1.09,1
act_213,cow_7,2026-09-29T18:00:00.000Z,3084,11.1,0.96,1
act_214,cow_7,2026-09-30T18:00:00.000Z,3351,12.1,1.05,1
act_215,cow_7,2026-10-01T18:00:00.000Z,2969,12.3,0.93,1
act_216,cow_7,2026-10-02T18:00:00.000Z,3084,11.5,0.96,1
act_217,cow_7,2026-10-03T18:00:00.000Z,2902,10.7,0.91,1
act_218,cow_8,2026-09-03T18:00:00.000Z,3224,11.9,1.01,1
act_219,cow_8,2026-09-04T18:00:00.000Z,2915,12.1,0.91,1
act_220,cow_8,2026-09-05T18:00:00.000Z,3087,12.0,0.96,1
act_221,cow_8,2026-09-06T18:00:00.000Z,2950,11.3,0.92,1
act_222,cow_8,2026-09-07T18:00:00.000Z,3008,12.1,0.94,1
act_223,cow_8,2026-09-08T18:00:00.000Z,3336,11.4,1.04,1
act_224,cow_8,2026-09-09T18:00:00.000Z,2953,12.1,0.92,1
act_225,cow_8,2026-09-10T18:00:00.000Z,3028,11.7,0.95,1
act_226,cow_8,2026-09-11T18:00:00.000Z,3491,11.5,1.09,1
act_227,cow_8,2026-09-12T18:00:00.000Z,2942,11.1,0.92,1
act_228,cow_8,2026-09-13T18:00:00.000Z,3256,11.5,1.02,1
act_229,cow_8,2026-09-14T18:00:00.000Z,3400,12.0,1.06,1
act_230,cow_8,2026-09-15T18:00:00.000Z,2914,11.9,0.91,1
act_231,cow_8,2026-09-16T18:00:00.000Z,3036,11.9,0.95,1
act_232,cow_8,2026-09-17T18:00:00.000Z,3257,10.8,1.02,1
act_233,cow_8,2026-09-18T18:00:00.000Z,3293,10.9,1.03,1
act_234,cow_8,2026-09-19T18:00:00.000Z,3039,11.4,0.95,1
act_235,cow_8,2026-09-20T18:00:00.000Z,3408,11.9,1.06,1
act_236,cow_8,2026-09-21T18:00:00.000Z,3205,11.7,1.00,1
act_237,cow_8,2026-09-22T18:00:00.000Z,3472,11.2,1.08,1
act_238,cow_8,2026-09-23T18:00:00.000Z,3151,11.4,0.98,1
act_239,cow_8,2026-09-24T18:00:00.000Z,3123,11.4,0.98,1
act_240,cow_8,2026-09-25T18:00:00.000Z,3495,11.9,1.09,1
act_241,cow_8,2026-09-26T18:00:00.000Z,3159,10.9,0.99,1
act_242,cow_8,2026-09-27T18:00:00.000Z,3318,12.2,1.04,1
act_243,cow_8,2026-09-28T18:00:00.000Z,3252,11.4,1.02,1
act_244,cow_8,2026-09-29T18:00:00.000Z,3069,11.4,0.96,1
act_245,cow_8,2026-09-30T18:00:00.000Z,3315,11.6,1.04,1
act_246,cow_8,2026-10-01T18:00:00.000Z,3013,11.5,0.94,1
act_247,cow_8,2026-10-02T18:00:00.000Z,3059,12.0,0.96,1
act_248,cow_8,2026-10-03T18:00:00.000Z,3333,11.3,1.04,1
act_249,cow_9,2026-09-03T18:00:00.000Z,3390,11.1,1.06,1
act_250,cow_9,2026-09-04T18:00:00.000Z,3418,11.2,1.07,1
act_251,cow_9,2026-09-05T18:00:00.000Z,2914,10.8,0.91,1
act_252,cow_9,2026-09-06T18:00:00.000Z,3315,11.5,1.04,1
act_253,cow_9,2026-09-07T18:00:00.000Z,3218,11.0,1.01,1
act_254,cow_9,2026-09-08T18:00:00.000Z,3133,12.3,0.98,1
act_255,cow_9,2026-09-09T18:00:00.000Z,3274,12.0,1.02,1
act_256,cow_9,2026-09-10T18:00:00.000Z,3457,11.9,1.08,1
act_257,cow_9,2026-09-11T18:00:00.000Z,3028,10.7,0.95,1
act_258,cow_9,2026-09-12T18:00:00.000Z,3060,11.3,0.96,1
act_259,cow_9,2026-09-13T18:00:00.000Z,3053,10.8,0.95,1
act_260,cow_9,2026-09-14T18:00:00.000Z,3414,11.0,1.07,1
act_261,cow_9,2026-09-15T18:00:00.000Z,3255,11.3,1.02,1
act_262,cow_9,2026-09-16T18:00:00.000Z,2904,10.8,0.91,1
act_263,cow_9,2026-09-17T18:00:00.000Z,3298,10.9,1.03,1
act_264,cow_9,2026-09-18T18:00:00.000Z,3056,12.1,0.95,1
act_265,cow_9,2026-09-19T18:00:00.000Z,3178,12.3,0.99,1
act_266,cow_9,2026-09-20T18:00:00.000Z,3039,11.9,0.95,1
act_267,cow_9,2026-09-21T18:00:00.000Z,3039,11.0,0.95,1
act_268,cow_9,2026-09-22T18:00:00.000Z,3033,11.9,0.95,1
act_269,cow_9,2026-09-23T18:00:00.000Z,3381,11.0,1.06,1
act_270,cow_9,2026-09-24T18:00:00.000Z,3157,11.0,0.99,1
act_271,cow_9,2026-09-25T18:00:00.000Z,2931,12.1,0.92,1
act_272,cow_9,2026-09-26T18:00:00.000Z,2948,12.3,0.92,1
act_273,cow_9,2026-09-27T18:00:00.000Z,3344,12.0,1.04,1
act_274,cow_9,2026-09-28T18:00:00.000Z,3235,11.6,1.01,1
act_275,cow_9,2026-09-29T18:00:00.000Z,3210,11.5,1.00,1
act_276,cow_9,2026-09-30T18:00:00.000Z,2966,11.6,0.93,1
act_277,cow_9,2026-10-01T18:00:00.000Z,2955,11.1,0.92,1
act_278,cow_9,2026-10-02T18:00:00.000Z,3133,11.7,0.98,1
act_279,cow_9,2026-10-03T18:00:00.000Z,2940,11.7,0.92,1
act_280,cow_10,2026-09-03T18:00:00.000Z,2954,11.9,0.92,1
act_281,cow_10,2026-09-04T18:00:00.000Z,3304,12.2,1.03,1
act_282,cow_10,2026-09-05T18:00:00.000Z,3001,11.7,0.94,1
act_283,cow_10,2026-09-06T18:00:00.000Z,3054,11.5,0.95,1
act_284,cow_10,2026-09-07T18:00:00.000Z,3363,11.2,1.05,1
act_285,cow_10,2026-09-08T18:00:00.000Z,3051,11.5,0.95,1
act_286,cow_10,2026-09-09T18:00:00.000Z,2962,11.1,0.93,1
act_287,cow_10,2026-09-10T18:00:00.000Z,3102,11.4,0.97,1
act_288,cow_10,2026-09-11T18:00:00.000Z,3446,11.1,1.08,1
act_289,cow_10,2026-09-12T18:00:00.000Z,3070,12.1,0.96,1
act_290,cow_10,2026-09-13T18:00:00.000Z,3398,11.6,1.06,1
act_291,cow_10,2026-09-14T18:00:00.000Z,3042,12.2,0.95,1
act_292,cow_10,2026-09-15T18:00:00.000Z,3110,11.6,0.97,1
act_293,cow_10,2026-09-16T18:00:00.000Z,3311,11.4,1.03,1
act_294,cow_10,2026-09-17T18:00:00.000Z,3148,10.7,0.98,1
act_295,cow_10,2026-09-18T18:00:00.000Z,3301,12.2,1.03,1
act_296,cow_10,2026-09-19T18:00:00.000Z,3427,10.9,1.07,1
act_297,cow_10,2026-09-20T18:00:00.000Z,3106,10.7,0.97,1
act_298,cow_10,2026-09-21T18:00:00.000Z,3397,10.8,1.06,1
act_299,cow_10,2026-09-22T18:00:00.000Z,2975,11.8,0.93,1
act_300,cow_10,2026-09-23T18:00:00.000Z,3156,11.7,0.99,1
act_301,cow_10,2026-09-24T18:00:00.000Z,2947,11.4,0.92,1
act_302,cow_10,2026-09-25T18:00:00.000Z,3418,10.9,1.07,1
act_303,cow_10,2026-09-26T18:00:00.000Z,3145,11.2,0.98,1
act_304,cow_10,2026-09-27T18:00:00.000Z,3372,11.9,1.05,1
act_305,cow_10,2026-09-28T18:00:00.000Z,2990,11.7,0.93,1
act_306,cow_10,2026-09-29T18:00:00.000Z,3464,11.2,1.08,1
act_307,cow_10,2026-09-30T18:00:00.000Z,3314,11.4,1.04,1
act_308,cow_10,2026-10-01T18:00:00.000Z,3113,12.1,0.97,1
act_309,cow_10,2026-10-02T18:00:00.000Z,3086,12.1,0.96,1
act_310,cow_10,2026-10-03T18:00:00.000Z,3288,12.3,1.03,1
act_311,cow_11,2026-09-03T18:00:00.000Z,2984,11.6,0.93,1
act_312,cow_11,2026-09-04T18:00:00.000Z,3092,12.0,0.97,1
act_313,cow_11,2026-09-05T18:00:00.000Z,3221,10.9,1.01,1
act_314,cow_11,2026-09-06T18:00:00.000Z,2926,12.1,0.91,1
act_315,cow_11,2026-09-07T18:00:00.000Z,3068,12.1,0.96,1
act_316,cow_11,2026-09-08T18:00:00.000Z,3467,11.2,1.08,1
act_317,cow_11,2026-09-09T18:00:00.000Z,3186,11.3,1.00,1
act_318,cow_11,2026-09-10T18:00:00.000Z,3260,11.1,1.02,1
act_319,cow_11,2026-09-11T18:00:00.000Z,3124,12.1,0.98,1
act_320,cow_11,2026-09-12T18:00:00.000Z,3214,12.2,1.00,1
act_321,cow_11,2026-09-13T18:00:00.000Z,3423,11.6,1.07,1
act_322,cow_11,2026-09-14T18:00:00.000Z,2973,11.4,0.93,1
act_323,cow_11,2026-09-15T18:00:00.000Z,3321,11.0,1.04,1
act_324,cow_11,2026-09-16T18:00:00.000Z,3018,11.7,0.94,1
act_325,cow_11,2026-09-17T18:00:00.000Z,2975,10.7,0.93,1
act_326,cow_11,2026-09-18T18:00:00.000Z,3035,11.2,0.95,1
act_327,cow_11,2026-09-19T18:00:00.000Z,3276,11.3,1.02,1
act_328,cow_11,2026-09-20T18:00:00.000Z,3100,12.1,0.97,1
act_329,cow_11,2026-09-21T18:00:00.000Z,2936,11.8,0.92,1
act_330,cow_11,2026-09-22T18:00:00.000Z,3473,11.9,1.09,1
act_331,cow_11,2026-09-23T18:00:00.000Z,3483,11.6,1.09,1
act_332,cow_11,2026-09-24T18:00:00.000Z,2983,11.5,0.93,1
act_333,cow_11,2026-09-25T18:00:00.000Z,3362,11.1,1.05,1
act_334,cow_11,2026-09-26T18:00:00.000Z,2958,12.3,0.92,1
act_335,cow_11,2026-09-27T18:00:00.000Z,3481,11.6,1.09,1
act_336,cow_11,2026-09-28T18:00:00.000Z,2910,11.3,0.91,1
act_337,cow_11,2026-09-29T18:00:00.000Z,2969,12.0,0.93,1
act_338,cow_11,2026-09-30T18:00:00.000Z,3423,11.5,1.07,1
act_339,cow_11,2026-10-01T18:00:00.000Z,3063,11.1,0.96,1
act_340,cow_11,2026-10-02T18:00:00.000Z,3460,11.2,1.08,1
act_341,cow_11,2026-10-03T18:00:00.000Z,3387,10.9,1.06,1
act_342,cow_12,2026-09-03T18:00:00.000Z,2927,12.0,0.91,1
act_343,cow_12,2026-09-04T18:00:00.000Z,2970,11.0,0.93,1
act_344,cow_12,2026-09-05T18:00:00.000Z,3328,11.5,1.04,1
act_345,cow_12,2026-09-06T18:00:00.000Z,3259,11.8,1.02,1
act_346,cow_12,2026-09-07T18:00:00.000Z,3432,11.7,1.07,1
act_347,cow_12,2026-09-08T18:00:00.000Z,3079,11.7,0.96,1
act_348,cow_12,2026-09-09T18:00:00.000Z,3209,10.9,1.00,1
act_349,cow_12,2026-09-10T18:00:00.000Z,3436,11.2,1.07,1
act_350,cow_12,2026-09-11T18:00:00.000Z,3380,11.3,1.06,1
act_351,cow_12,2026-09-12T18:00:00.000Z,3005,10.7,0.94,1
act_352,cow_12,2026-09-13T18:00:00.000Z,3459,12.2,1.08,1
act_353,cow_12,2026-09-14T18:00:00.000Z,3185,11.6,1.00,1
act_354,cow_12,2026-09-15T18:00:00.000Z,3239,11.5,1.01,1
act_355,cow_12,2026-09-16T18:00:00.000Z,3161,12.1,0.99,1
act_356,cow_12,2026-09-17T18:00:00.000Z,3326,11.7,1.04,1
act_357,cow_12,2026-09-18T18:00:00.000Z,3475,12.3,1.09,1
act_358,cow_12,2026-09-19T18:00:00.000Z,2972,11.3,0.93,1
act_359,cow_12,2026-09-20T18:00:00.000Z,3449,11.0,1.08,1
act_360,cow_12,2026-09-21T18:00:00.000Z,3140,11.7,0.98,1
act_361,cow_12,2026-09-22T18:00:00.000Z,2938,11.7,0.92,1
act_362,cow_12,2026-09-23T18:00:00.000Z,3394,11.6,1.06,1
act_363,cow_12,2026-09-24T18:00:00.000Z,2967,11.4,0.93,1
act_364,cow_12,2026-09-25T18:00:00.000Z,3048,11.1,0.95,1
act_365,cow_12,2026-09-26T18:00:00.000Z,3307,10.9,1.03,1
act_366,cow_12,2026-09-27T18:00:00.000Z,3350,12.2,1.05,1
act_367,cow_12,2026-09-28T18:00:00.000Z,3112,12.0,0.97,1
act_368,cow_12,2026-09-29T18:00:00.000Z,3383,11.6,1.06,1
act_369,cow_12,2026-09-30T18:00:00.000Z,3259,11.6,1.02,1
act_370,cow_12,2026-10-01T18:00:00.000Z,3320,11.4,1.04,1
act_371,cow_12,2026-10-02T18:00:00.000Z,3116,11.7,0.97,1
act_372,cow_12,2026-10-03T18:00:00.000Z,3035,11.2,0.95,1
act_373,cow_13,2026-09-03T18:00:00.000Z,3335,11.6,1.04,1
act_374,cow_13,2026-09-04T18:00:00.000Z,3418,12.0,1.07,1
act_375,cow_13,2026-09-05T18:00:00.000Z,3278,11.9,1.02,1
act_376,cow_13,2026-09-06T18:00:00.000Z,2961,11.4,0.93,1
act_377,cow_13,2026-09-07T18:00:00.000Z,3323,11.6,1.04,1
act_378,cow_13,2026-09-08T18:00:00.000Z,3466,11.7,1.08,1
act_379,cow_13,2026-09-09T18:00:00.000Z,2976,11.8,0.93,1
act_380,cow_13,2026-09-10T18:00:00.000Z,2906,11.4,0.91,1
act_381,cow_13,2026-09-11T18:00:00.000Z,2951,11.0,0.92,1
act_382,cow_13,2026-09-12T18:00:00.000Z,3361,11.2,1.05,1
act_383,cow_13,2026-09-13T18:00:00.000Z,3319,11.4,1.04,1
act_384,cow_13,2026-09-14T18:00:00.000Z,3291,10.7,1.03,1
act_385,cow_13,2026-09-15T18:00:00.000Z,3187,11.7,1.00,1
act_386,cow_13,2026-09-16T18:00:00.000Z,3438,12.1,1.07,1
act_387,cow_13,2026-09-17T18:00:00.000Z,3456,11.6,1.08,1
act_388,cow_13,2026-09-18T18:00:00.000Z,3254,10.7,1.02,1
act_389,cow_13,2026-09-19T18:00:00.000Z,3130,11.4,0.98,1
act_390,cow_13,2026-09-20T18:00:00.000Z,3238,12.0,1.01,1
act_391,cow_13,2026-09-21T18:00:00.000Z,3378,10.9,1.06,1
act_392,cow_13,2026-09-22T18:00:00.000Z,2933,12.2,0.92,1
act_393,cow_13,2026-09-23T18:00:00.000Z,3460,11.5,1.08,1
act_394,cow_13,2026-09-24T18:00:00.000Z,3470,11.2,1.08,1
act_395,cow_13,2026-09-25T18:00:00.000Z,3199,11.4,1.00,1
act_396,cow_13,2026-09-26T18:00:00.000Z,3114,11.8,0.97,1
act_397,cow_13,2026-09-27T18:00:00.000Z,2984,11.0,0.93,1
act_398,cow_13,2026-09-28T18:00:00.000Z,3251,11.0,1.02,1
act_399,cow_13,2026-09-29T18:00:00.000Z,3446,11.7,1.08,1
act_400,cow_13,2026-09-30T18:00:00.000Z,3281,11.9,1.03,1
act_401,cow_13,2026-10-01T18:00:00.000Z,2990,11.7,0.93,1
act_402,cow_13,2026-10-02T18:00:00.000Z,3398,11.9,1.06,1
act_403,cow_13,2026-10-03T18:00:00.000Z,3003,11.2,0.94,1
act_404,cow_14,2026-09-03T18:00:00.000Z,3076,12.3,0.96,1
act_405,cow_14,2026-09-04T18:00:00.000Z,3308,11.1,1.03,1
act_406,cow_14,2026-09-05T18:00:00.000Z,3308,12.0,1.03,1
act_407,cow_14,2026-09-06T18:00:00.000Z,3465,10.9,1.08,1
act_408,cow_14,2026-09-07T18:00:00.000Z,3498,11.3,1.09,1
act_409,cow_14,2026-09-08T18:00:00.000Z,3388,12.2,1.06,1
act_410,cow_14,2026-09-09T18:00:00.000Z,3236,12.3,1.01,1
act_411,cow_14,2026-09-10T18:00:00.000Z,3416,10.9,1.07,1
act_412,cow_14,2026-09-11T18:00:00.000Z,3218,12.2,1.01,1
act_413,cow_14,2026-09-12T18:00:00.000Z,3369,12.2,1.05,1
act_414,cow_14,2026-09-13T18:00:00.000Z,3321,12.2,1.04,1
act_415,cow_14,2026-09-14T18:00:00.000Z,3353,11.9,1.05,1
act_416,cow_14,2026-09-15T18:00:00.000Z,2994,11.9,0.94,1
act_417,cow_14,2026-09-16T18:00:00.000Z,3001,12.1,0.94,1
act_418,cow_14,2026-09-17T18:00:00.000Z,2930,11.8,0.92,1
act_419,cow_14,2026-09-18T18:00:00.000Z,2947,11.6,0.92,1
act_420,cow_14,2026-09-19T18:00:00.000Z,2968,11.4,0.93,1
act_421,cow_14,2026-09-20T18:00:00.000Z,3127,11.1,0.98,1
act_422,cow_14,2026-09-21T18:00:00.000Z,3045,11.7,0.95,1
act_423,cow_14,2026-09-22T18:00:00.000Z,3195,11.3,1.00,1
act_424,cow_14,2026-09-23T18:00:00.000Z,3380,11.4,1.06,1
act_425,cow_14,2026-09-24T18:00:00.000Z,3324,11.8,1.04,1
act_426,cow_14,2026-09-25T18:00:00.000Z,3169,11.3,0.99,1
act_427,cow_14,2026-09-26T18:00:00.000Z,3085,12.0,0.96,1
act_428,cow_14,2026-09-27T18:00:00.000Z,3331,12.2,1.04,1
act_429,cow_14,2026-09-28T18:00:00.000Z,3216,11.4,1.00,1
act_430,cow_14,2026-09-29T18:00:00.000Z,3410,12.0,1.07,1
act_431,cow_14,2026-09-30T18:00:00.000Z,3403,11.5,1.06,1
act_432,cow_14,2026-10-01T18:00:00.000Z,2921,11.1,0.91,1
act_433,cow_14,2026-10-02T18:00:00.000Z,3365,11.3,1.05,1
act_434,cow_14,2026-10-03T18:00:00.000Z,3243,10.9,1.01,1
act_435,cow_15,2026-09-03T18:00:00.000Z,3318,11.5,1.04,1
act_436,cow_15,2026-09-04T18:00:00.000Z,3114,11.0,0.97,1
act_437,cow_15,2026-09-05T18:00:00.000Z,3071,12.3,0.96,1
act_438,cow_15,2026-09-06T18:00:00.000Z,3168,11.3,0.99,1
act_439,cow_15,2026-09-07T18:00:00.000Z,3429,11.1,1.07,1
act_440,cow_15,2026-09-08T18:00:00.000Z,3435,12.1,1.07,1
act_441,cow_15,2026-09-09T18:00:00.000Z,3008,11.1,0.94,1
act_442,cow_15,2026-09-10T18:00:00.000Z,2939,11.9,0.92,1
act_443,cow_15,2026-09-11T18:00:00.000Z,3468,11.3,1.08,1
act_444,cow_15,2026-09-12T18:00:00.000Z,3223,11.1,1.01,1
act_445,cow_15,2026-09-13T18:00:00.000Z,3342,12.1,1.04,1
act_446,cow_15,2026-09-14T18:00:00.000Z,3253,11.4,1.02,1
act_447,cow_15,2026-09-15T18:00:00.000Z,3132,11.6,0.98,1
act_448,cow_15,2026-09-16T18:00:00.000Z,2980,10.9,0.93,1
act_449,cow_15,2026-09-17T18:00:00.000Z,3355,12.0,1.05,1
act_450,cow_15,2026-09-18T18:00:00.000Z,2931,11.2,0.92,1
act_451,cow_15,2026-09-19T18:00:00.000Z,3385,10.8,1.06,1
act_452,cow_15,2026-09-20T18:00:00.000Z,3334,11.6,1.04,1
act_453,cow_15,2026-09-21T18:00:00.000Z,2925,11.4,0.91,1
act_454,cow_15,2026-09-22T18:00:00.000Z,2978,12.1,0.93,1
act_455,cow_15,2026-09-23T18:00:00.000Z,3403,11.4,1.06,1
act_456,cow_15,2026-09-24T18:00:00.000Z,2932,12.1,0.92,1
act_457,cow_15,2026-09-25T18:00:00.000Z,3120,11.2,0.97,1
act_458,cow_15,2026-09-26T18:00:00.000Z,2962,11.6,0.93,1
act_459,cow_15,2026-09-27T18:00:00.000Z,3142,11.3,0.98,1
act_460,cow_15,2026-09-28T18:00:00.000Z,3329,11.9,1.04,1
act_461,cow_15,2026-09-29T18:00:00.000Z,3470,11.6,1.08,1
act_462,cow_15,2026-09-30T18:00:00.000Z,2988,11.4,0.93,1
act_463,cow_15,2026-10-01T18:00:00.000Z,3406,11.3,1.06,1
act_464,cow_15,2026-10-02T18:00:00.000Z,3389,11.7,1.06,1
act_465,cow_15,2026-10-03T18:00:00.000Z,3094,11.5,0.97,1
act_466,cow_16,2026-09-03T18:00:00.000Z,3201,12.2,1.00,1
act_467,cow_16,2026-09-04T18:00:00.000Z,3323,11.6,1.04,1
act_468,cow_16,2026-09-05T18:00:00.000Z,3294,12.3,1.03,1
act_469,cow_16,2026-09-06T18:00:00.000Z,2998,10.9,0.94,1
act_470,cow_16,2026-09-07T18:00:00.000Z,3189,12.0,1.00,1
act_471,cow_16,2026-09-08T18:00:00.000Z,3350,12.3,1.05,1
act_472,cow_16,2026-09-09T18:00:00.000Z,2935,12.2,0.92,1
act_473,cow_16,2026-09-10T18:00:00.000Z,3037,12.2,0.95,1
act_474,cow_16,2026-09-11T18:00:00.000Z,2909,11.8,0.91,1
act_475,cow_16,2026-09-12T18:00:00.000Z,3359,11.9,1.05,1
act_476,cow_16,2026-09-13T18:00:00.000Z,3314,11.9,1.04,1
act_477,cow_16,2026-09-14T18:00:00.000Z,3140,12.2,0.98,1
act_478,cow_16,2026-09-15T18:00:00.000Z,3306,11.8,1.03,1
act_479,cow_16,2026-09-16T18:00:00.000Z,3493,10.9,1.09,1
act_480,cow_16,2026-09-17T18:00:00.000Z,2904,10.7,0.91,1
act_481,cow_16,2026-09-18T18:00:00.000Z,3495,12.1,1.09,1
act_482,cow_16,2026-09-19T18:00:00.000Z,3258,12.1,1.02,1
act_483,cow_16,2026-09-20T18:00:00.000Z,3388,10.8,1.06,1
act_484,cow_16,2026-09-21T18:00:00.000Z,3063,10.7,0.96,1
act_485,cow_16,2026-09-22T18:00:00.000Z,3210,10.9,1.00,1
act_486,cow_16,2026-09-23T18:00:00.000Z,3107,10.8,0.97,1
act_487,cow_16,2026-09-24T18:00:00.000Z,3347,11.7,1.05,1
act_488,cow_16,2026-09-25T18:00:00.000Z,3358,11.4,1.05,1
act_489,cow_16,2026-09-26T18:00:00.000Z,3370,11.8,1.05,1
act_490,cow_16,2026-09-27T18:00:00.000Z,3432,12.2,1.07,1
act_491,cow_16,2026-09-28T18:00:00.000Z,2939,12.0,0.92,1
act_492,cow_16,2026-09-29T18:00:00.000Z,3481,11.5,1.09,1
act_493,cow_16,2026-09-30T18:00:00.000Z,3165,11.3,0.99,1
act_494,cow_16,2026-10-01T18:00:00.000Z,3208,11.0,1.00,1
act_495,cow_16,2026-10-02T18:00:00.000Z,3143,11.5,0.98,1
act_496,cow_16,2026-10-03T18:00:00.000Z,3438,11.7,1.07,1
act_497,cow_17,2026-09-03T18:00:00.000Z,2901,10.8,0.91,1
act_498,cow_17,2026-09-04T18:00:00.000Z,3378,11.1,1.06,1
act_499,cow_17,2026-09-05T18:00:00.000Z,3198,11.1,1.00,1
act_500,cow_17,2026-09-06T18:00:00.000Z,3105,11.4,0.97,1
act_501,cow_17,2026-09-07T18:00:00.000Z,3387,10.8,1.06,1
act_502,cow_17,2026-09-08T18:00:00.000Z,2947,12.0,0.92,1
act_503,cow_17,2026-09-09T18:00:00.000Z,2949,11.4,0.92,1
act_504,cow_17,2026-09-10T18:00:00.000Z,3078,12.0,0.96,1
act_505,cow_17,2026-09-11T18:00:00.000Z,3265,11.0,1.02,1
act_506,cow_17,2026-09-12T18:00:00.000Z,3233,10.7,1.01,1
act_507,cow_17,2026-09-13T18:00:00.000Z,3332,11.5,1.04,1
act_508,cow_17,2026-09-14T18:00:00.000Z,2964,12.0,0.93,1
act_509,cow_17,2026-09-15T18:00:00.000Z,3163,12.1,0.99,1
act_510,cow_17,2026-09-16T18:00:00.000Z,3397,12.1,1.06,1
act_511,cow_17,2026-09-17T18:00:00.000Z,3248,11.3,1.01,1
act_512,cow_17,2026-09-18T18:00:00.000Z,3433,11.5,1.07,1
act_513,cow_17,2026-09-19T18:00:00.000Z,3358,10.9,1.05,1
act_514,cow_17,2026-09-20T18:00:00.000Z,3227,12.1,1.01,1
act_515,cow_17,2026-09-21T18:00:00.000Z,3417,11.1,1.07,1
act_516,cow_17,2026-09-22T18:00:00.000Z,2900,11.1,0.91,1
act_517,cow_17,2026-09-23T18:00:00.000Z,2952,11.9,0.92,1
act_518,cow_17,2026-09-24T18:00:00.000Z,3091,11.4,0.97,1
act_519,cow_17,2026-09-25T18:00:00.000Z,3291,12.1,1.03,1
act_520,cow_17,2026-09-26T18:00:00.000Z,3320,11.5,1.04,1
act_521,cow_17,2026-09-27T18:00:00.000Z,3155,11.5,0.99,1
act_522,cow_17,2026-09-28T18:00:00.000Z,3076,11.7,0.96,1
act_523,cow_17,2026-09-29T18:00:00.000Z,3274,10.8,1.02,1
act_524,cow_17,2026-09-30T18:00:00.000Z,3041,12.0,0.95,1
act_525,cow_17,2026-10-01T18:00:00.000Z,3196,11.1,1.00,1
act_526,cow_17,2026-10-02T18:00:00.000Z,2980,11.5,0.93,1
act_527,cow_17,2026-10-03T18:00:00.000Z,3287,12.1,1.03,1
act_528,cow_18,2026-09-03T18:00:00.000Z,3326,12.3,1.04,1
act_529,cow_18,2026-09-04T18:00:00.000Z,3159,11.0,0.99,1
act_530,cow_18,2026-09-05T18:00:00.000Z,3118,12.3,0.97,1
act_531,cow_18,2026-09-06T18:00:00.000Z,3221,11.4,1.01,1
act_532,cow_18,2026-09-07T18:00:00.000Z,3459,12.3,1.08,1
act_533,cow_18,2026-09-08T18:00:00.000Z,3320,12.1,1.04,1
act_534,cow_18,2026-09-09T18:00:00.000Z,3277,11.2,1.02,1
act_535,cow_18,2026-09-10T18:00:00.000Z,3500,11.1,1.09,1
act_536,cow_18,2026-09-11T18:00:00.000Z,3292,11.7,1.03,1
act_537,cow_18,2026-09-12T18:00:00.000Z,3347,12.0,1.05,1
act_538,cow_18,2026-09-13T18:00:00.000Z,2903,11.7,0.91,1
act_539,cow_18,2026-09-14T18:00:00.000Z,2942,11.7,0.92,1
act_540,cow_18,2026-09-15T18:00:00.000Z,3337,10.9,1.04,1
act_541,cow_18,2026-09-16T18:00:00.000Z,3412,12.0,1.07,1
act_542,cow_18,2026-09-17T18:00:00.000Z,3025,10.8,0.95,1
act_543,cow_18,2026-09-18T18:00:00.000Z,3331,11.6,1.04,1
act_544,cow_18,2026-09-19T18:00:00.000Z,3461,11.2,1.08,1
act_545,cow_18,2026-09-20T18:00:00.000Z,3294,11.6,1.03,1
act_546,cow_18,2026-09-21T18:00:00.000Z,2962,11.7,0.93,1
act_547,cow_18,2026-09-22T18:00:00.000Z,2934,11.8,0.92,1
act_548,cow_18,2026-09-23T18:00:00.000Z,3335,11.1,1.04,1
act_549,cow_18,2026-09-24T18:00:00.000Z,3223,11.5,1.01,1
act_550,cow_18,2026-09-25T18:00:00.000Z,3074,11.5,0.96,1
act_551,cow_18,2026-09-26T18:00:00.000Z,3449,11.9,1.08,1
act_552,cow_18,2026-09-27T18:00:00.000Z,2906,11.1,0.91,1
act_553,cow_18,2026-09-28T18:00:00.000Z,3322,11.3,1.04,1
act_554,cow_18,2026-09-29T18:00:00.000Z,3486,11.2,1.09,1
act_555,cow_18,2026-09-30T18:00:00.000Z,3176,11.8,0.99,1
act_556,cow_18,2026-10-01T18:00:00.000Z,3306,11.4,1.03,1
act_557,cow_18,2026-10-02T18:00:00.000Z,2911,11.5,0.91,1
act_558,cow_18,2026-10-03T18:00:00.000Z,3054,11.4,0.95,1
act_559,cow_19,2026-09-03T18:00:00.000Z,3299,11.1,1.03,1
act_560,cow_19,2026-09-04T18:00:00.000Z,3424,11.2,1.07,1
act_561,cow_19,2026-09-05T18:00:00.000Z,3340,11.9,1.04,1
act_562,cow_19,2026-09-06T18:00:00.000Z,3444,12.1,1.08,1
act_563,cow_19,2026-09-07T18:00:00.000Z,2946,11.3,0.92,1
act_564,cow_19,2026-09-08T18:00:00.000Z,3045,11.8,0.95,1
act_565,cow_19,2026-09-09T18:00:00.000Z,2916,11.0,0.91,1
act_566,cow_19,2026-09-10T18:00:00.000Z,3329,10.8,1.04,1
act_567,cow_19,2026-09-11T18:00:00.000Z,3027,12.3,0.95,1
act_568,cow_19,2026-09-12T18:00:00.000Z,2941,11.5,0.92,1
act_569,cow_19,2026-09-13T18:00:00.000Z,3420,11.8,1.07,1
act_570,cow_19,2026-09-14T18:00:00.000Z,3150,11.4,0.98,1
act_571,cow_19,2026-09-15T18:00:00.000Z,3403,10.7,1.06,1
act_572,cow_19,2026-09-16T18:00:00.000Z,3149,11.5,0.98,1
act_573,cow_19,2026-09-17T18:00:00.000Z,3112,10.8,0.97,1
act_574,cow_19,2026-09-18T18:00:00.000Z,2923,11.0,0.91,1
act_575,cow_19,2026-09-19T18:00:00.000Z,3421,11.7,1.07,1
act_576,cow_19,2026-09-20T18:00:00.000Z,3125,11.6,0.98,1
act_577,cow_19,2026-09-21T18:00:00.000Z,3047,11.3,0.95,1
act_578,cow_19,2026-09-22T18:00:00.000Z,3335,11.7,1.04,1
act_579,cow_19,2026-09-23T18:00:00.000Z,2931,10.8,0.92,1
act_580,cow_19,2026-09-24T18:00:00.000Z,3284,10.8,1.03,1
act_581,cow_19,2026-09-25T18:00:00.000Z,3316,11.5,1.04,1
act_582,cow_19,2026-09-26T18:00:00.000Z,3230,12.2,1.01,1
act_583,cow_19,2026-09-27T18:00:00.000Z,3057,12.2,0.96,1
act_584,cow_19,2026-09-28T18:00:00.000Z,3474,12.0,1.09,1
act_585,cow_19,2026-09-29T18:00:00.000Z,3394,11.0,1.06,1
act_586,cow_19,2026-09-30T18:00:00.000Z,2912,11.7,0.91,1
act_587,cow_19,2026-10-01T18:00:00.000Z,3151,10.8,0.98,1
act_588,cow_19,2026-10-02T18:00:00.000Z,2951,12.1,0.92,1
act_589,cow_19,2026-10-03T18:00:00.000Z,2933,10.9,0.92,1
act_590,cow_20,2026-09-03T18:00:00.000Z,3424,11.9,1.07,1
act_591,cow_20,2026-09-04T18:00:00.000Z,3415,11.0,1.07,1
act_592,cow_20,2026-09-05T18:00:00.000Z,3258,11.4,1.02,1
act_593,cow_20,2026-09-06T18:00:00.000Z,3428,11.9,1.07,1
act_594,cow_20,2026-09-07T18:00:00.000Z,3405,10.8,1.06,1
act_595,cow_20,2026-09-08T18:00:00.000Z,3317,12.1,1.04,1
act_596,cow_20,2026-09-09T18:00:00.000Z,3243,11.9,1.01,1
act_597,cow_20,2026-09-10T18:00:00.000Z,2985,11.2,0.93,1
act_598,cow_20,2026-09-11T18:00:00.000Z,3365,11.1,1.05,1
act_599,cow_20,2026-09-12T18:00:00.000Z,2919,12.0,0.91,1
act_600,cow_20,2026-09-13T18:00:00.000Z,3124,12.1,0.98,1
act_601,cow_20,2026-09-14T18:00:00.000Z,3105,10.8,0.97,1
act_602,cow_20,2026-09-15T18:00:00.000Z,3259,10.7,1.02,1
act_603,cow_20,2026-09-16T18:00:00.000Z,3433,11.8,1.07,1
act_604,cow_20,2026-09-17T18:00:00.000Z,3237,12.2,1.01,1
act_605,cow_20,2026-09-18T18:00:00.000Z,3225,12.1,1.01,1
act_606,cow_20,2026-09-19T18:00:00.000Z,3362,11.8,1.05,1
act_607,cow_20,2026-09-20T18:00:00.000Z,3008,12.0,0.94,1
act_608,cow_20,2026-09-21T18:00:00.000Z,3004,11.1,0.94,1
act_609,cow_20,2026-09-22T18:00:00.000Z,2964,11.7,0.93,1
act_610,cow_20,2026-09-23T18:00:00.000Z,3212,11.6,1.00,1
act_611,cow_20,2026-09-24T18:00:00.000Z,3357,11.7,1.05,1
act_612,cow_20,2026-09-25T18:00:00.000Z,3444,11.2,1.08,1
act_613,cow_20,2026-09-26T18:00:00.000Z,3439,12.3,1.07,1
act_614,cow_20,2026-09-27T18:00:00.000Z,2912,11.0,0.91,1
act_615,cow_20,2026-09-28T18:00:00.000Z,2918,10.8,0.91,1
act_616,cow_20,2026-09-29T18:00:00.000Z,3243,11.5,1.01,1
act_617,cow_20,2026-09-30T18:00:00.000Z,3309,11.8,1.03,1
act_618,cow_20,2026-10-01T18:00:00.000Z,3227,11.3,1.01,1
act_619,cow_20,2026-10-02T18:00:00.000Z,3039,12.0,0.95,1
act_620,cow_20,2026-10-03T18:00:00.000Z,3477,11.7,1.09,1
act_621,cow_21,2026-09-03T18:00:00.000Z,2935,11.7,0.92,1
act_622,cow_21,2026-09-04T18:00:00.000Z,3191,11.1,1.00,1
act_623,cow_21,2026-09-05T18:00:00.000Z,3038,12.1,0.95,1
act_624,cow_21,2026-09-06T18:00:00.000Z,3015,11.8,0.94,1
act_625,cow_21,2026-09-07T18:00:00.000Z,3369,11.5,1.05,1
act_626,cow_21,2026-09-08T18:00:00.000Z,3400,11.9,1.06,1
act_627,cow_21,2026-09-09T18:00:00.000Z,3306,11.4,1.03,1
act_628,cow_21,2026-09-10T18:00:00.000Z,3316,11.6,1.04,1
act_629,cow_21,2026-09-11T18:00:00.000Z,3299,10.9,1.03,1
act_630,cow_21,2026-09-12T18:00:00.000Z,3294,12.2,1.03,1
act_631,cow_21,2026-09-13T18:00:00.000Z,3027,11.2,0.95,1
act_632,cow_21,2026-09-14T18:00:00.000Z,2944,10.8,0.92,1
act_633,cow_21,2026-09-15T18:00:00.000Z,3352,10.9,1.05,1
act_634,cow_21,2026-09-16T18:00:00.000Z,2933,10.7,0.92,1
act_635,cow_21,2026-09-17T18:00:00.000Z,3114,11.2,0.97,1
act_636,cow_21,2026-09-18T18:00:00.000Z,2972,11.6,0.93,1
act_637,cow_21,2026-09-19T18:00:00.000Z,3084,11.5,0.96,1
act_638,cow_21,2026-09-20T18:00:00.000Z,3210,11.2,1.00,1
act_639,cow_21,2026-09-21T18:00:00.000Z,3041,10.9,0.95,1
act_640,cow_21,2026-09-22T18:00:00.000Z,3062,11.9,0.96,1
act_641,cow_21,2026-09-23T18:00:00.000Z,3441,11.6,1.08,1
act_642,cow_21,2026-09-24T18:00:00.000Z,3306,12.2,1.03,1
act_643,cow_21,2026-09-25T18:00:00.000Z,2979,12.2,0.93,1
act_644,cow_21,2026-09-26T18:00:00.000Z,3439,10.7,1.07,1
act_645,cow_21,2026-09-27T18:00:00.000Z,3371,11.7,1.05,1
act_646,cow_21,2026-09-28T18:00:00.000Z,3091,12.1,0.97,1
act_647,cow_21,2026-09-29T18:00:00.000Z,3339,11.2,1.04,1
act_648,cow_21,2026-09-30T18:00:00.000Z,2594,12.3,0.81,1
act_649,cow_21,2026-10-01T18:00:00.000Z,3023,11.3,0.94,1
act_650,cow_21,2026-10-02T18:00:00.000Z,2573,12.1,0.80,1
act_651,cow_21,2026-10-03T18:00:00.000Z,2877,11.6,0.90,1
act_652,cow_22,2026-09-03T18:00:00.000Z,3383,11.9,1.06,1
act_653,cow_22,2026-09-04T18:00:00.000Z,3172,10.9,0.99,1
act_654,cow_22,2026-09-05T18:00:00.000Z,3148,12.3,0.98,1
act_655,cow_22,2026-09-06T18:00:00.000Z,3056,11.7,0.95,1
act_656,cow_22,2026-09-07T18:00:00.000Z,3399,11.4,1.06,1
act_657,cow_22,2026-09-08T18:00:00.000Z,2930,11.1,0.92,1
act_658,cow_22,2026-09-09T18:00:00.000Z,3295,12.1,1.03,1
act_659,cow_22,2026-09-10T18:00:00.000Z,3340,10.8,1.04,1
act_660,cow_22,2026-09-11T18:00:00.000Z,3073,11.7,0.96,1
act_661,cow_22,2026-09-12T18:00:00.000Z,2921,12.2,0.91,1
act_662,cow_22,2026-09-13T18:00:00.000Z,3052,11.0,0.95,1
act_663,cow_22,2026-09-14T18:00:00.000Z,3219,12.0,1.01,1
act_664,cow_22,2026-09-15T18:00:00.000Z,3332,11.8,1.04,1
act_665,cow_22,2026-09-16T18:00:00.000Z,3152,11.7,0.98,1
act_666,cow_22,2026-09-17T18:00:00.000Z,3050,10.8,0.95,1
act_667,cow_22,2026-09-18T18:00:00.000Z,3156,11.1,0.99,1
act_668,cow_22,2026-09-19T18:00:00.000Z,3063,11.6,0.96,1
act_669,cow_22,2026-09-20T18:00:00.000Z,2968,11.2,0.93,1
act_670,cow_22,2026-09-21T18:00:00.000Z,3317,10.8,1.04,1
act_671,cow_22,2026-09-22T18:00:00.000Z,3171,11.5,0.99,1
act_672,cow_22,2026-09-23T18:00:00.000Z,2993,10.9,0.94,1
act_673,cow_22,2026-09-24T18:00:00.000Z,3134,11.8,0.98,1
act_674,cow_22,2026-09-25T18:00:00.000Z,3005,11.8,0.94,1
act_675,cow_22,2026-09-26T18:00:00.000Z,3322,12.1,1.04,1
act_676,cow_22,2026-09-27T18:00:00.000Z,3239,11.1,1.01,1
act_677,cow_22,2026-09-28T18:00:00.000Z,3208,11.8,1.00,1
act_678,cow_22,2026-09-29T18:00:00.000Z,3219,10.8,1.01,1
act_679,cow_22,2026-09-30T18:00:00.000Z,2998,12.0,0.94,1
act_680,cow_22,2026-10-01T18:00:00.000Z,3018,11.4,0.94,1
act_681,cow_22,2026-10-02T18:00:00.000Z,2974,11.4,0.93,1
act_682,cow_22,2026-10-03T18:00:00.000Z,2638,11.3,0.82,1
act_683,cow_23,2026-09-03T18:00:00.000Z,3074,10.9,0.96,1
act_684,cow_23,2026-09-04T18:00:00.000Z,3469,11.6,1.08,1
act_685,cow_23,2026-09-05T18:00:00.000Z,3356,12.1,1.05,1
act_686,cow_23,2026-09-06T18:00:00.000Z,3288,12.2,1.03,1
act_687,cow_23,2026-09-07T18:00:00.000Z,3456,12.1,1.08,1
act_688,cow_23,2026-09-08T18:00:00.000Z,3433,12.1,1.07,1
act_689,cow_23,2026-09-09T18:00:00.000Z,2942,11.7,0.92,1
act_690,cow_23,2026-09-10T18:00:00.000Z,3258,11.8,1.02,1
act_691,cow_23,2026-09-11T18:00:00.000Z,3269,11.0,1.02,1
act_692,cow_23,2026-09-12T18:00:00.000Z,3004,11.6,0.94,1
act_693,cow_23,2026-09-13T18:00:00.000Z,3369,12.2,1.05,1
act_694,cow_23,2026-09-14T18:00:00.000Z,3220,11.6,1.01,1
act_695,cow_23,2026-09-15T18:00:00.000Z,2974,12.1,0.93,1
act_696,cow_23,2026-09-16T18:00:00.000Z,3176,11.0,0.99,1
act_697,cow_23,2026-09-17T18:00:00.000Z,2994,10.9,0.94,1
act_698,cow_23,2026-09-18T18:00:00.000Z,3172,10.9,0.99,1
act_699,cow_23,2026-09-19T18:00:00.000Z,3476,11.0,1.09,1
act_700,cow_23,2026-09-20T18:00:00.000Z,3119,11.2,0.97,1
act_701,cow_23,2026-09-21T18:00:00.000Z,2993,11.5,0.94,1
act_702,cow_23,2026-09-22T18:00:00.000Z,2917,11.0,0.91,1
act_703,cow_23,2026-09-23T18:00:00.000Z,3018,11.0,0.94,1
act_704,cow_23,2026-09-24T18:00:00.000Z,3087,10.9,0.96,1
act_705,cow_23,2026-09-25T18:00:00.000Z,3209,11.3,1.00,1
act_706,cow_23,2026-09-26T18:00:00.000Z,3418,12.2,1.07,1
act_707,cow_23,2026-09-27T18:00:00.000Z,3210,11.0,1.00,1
act_708,cow_23,2026-09-28T18:00:00.000Z,2900,11.5,0.91,1
act_709,cow_23,2026-09-29T18:00:00.000Z,2971,12.3,0.93,1
act_710,cow_23,2026-09-30T18:00:00.000Z,2670,11.7,0.83,1
act_711,cow_23,2026-10-01T18:00:00.000Z,2626,11.2,0.82,1
act_712,cow_23,2026-10-02T18:00:00.000Z,3032,12.2,0.95,1
act_713,cow_23,2026-10-03T18:00:00.000Z,2533,11.9,0.79,1
act_714,cow_24,2026-09-03T18:00:00.000Z,2917,10.9,0.91,1
act_715,cow_24,2026-09-04T18:00:00.000Z,3455,10.7,1.08,1
act_716,cow_24,2026-09-05T18:00:00.000Z,2992,11.9,0.94,1
act_717,cow_24,2026-09-06T18:00:00.000Z,3117,10.8,0.97,1
act_718,cow_24,2026-09-07T18:00:00.000Z,3038,10.9,0.95,1
act_719,cow_24,2026-09-08T18:00:00.000Z,2929,11.4,0.92,1
act_720,cow_24,2026-09-09T18:00:00.000Z,3013,11.3,0.94,1
act_721,cow_24,2026-09-10T18:00:00.000Z,3054,12.1,0.95,1
act_722,cow_24,2026-09-11T18:00:00.000Z,3357,11.3,1.05,1
act_723,cow_24,2026-09-12T18:00:00.000Z,2910,11.9,0.91,1
act_724,cow_24,2026-09-13T18:00:00.000Z,3495,11.6,1.09,1
act_725,cow_24,2026-09-14T18:00:00.000Z,3007,10.8,0.94,1
act_726,cow_24,2026-09-15T18:00:00.000Z,3387,11.6,1.06,1
act_727,cow_24,2026-09-16T18:00:00.000Z,3386,11.3,1.06,1
act_728,cow_24,2026-09-17T18:00:00.000Z,3064,11.9,0.96,1
act_729,cow_24,2026-09-18T18:00:00.000Z,3369,10.8,1.05,1
act_730,cow_24,2026-09-19T18:00:00.000Z,3460,11.0,1.08,1
act_731,cow_24,2026-09-20T18:00:00.000Z,3197,11.5,1.00,1
act_732,cow_24,2026-09-21T18:00:00.000Z,3464,11.3,1.08,1
act_733,cow_24,2026-09-22T18:00:00.000Z,3430,12.3,1.07,1
act_734,cow_24,2026-09-23T18:00:00.000Z,3282,11.4,1.03,1
act_735,cow_24,2026-09-24T18:00:00.000Z,3033,11.2,0.95,1
act_736,cow_24,2026-09-25T18:00:00.000Z,3424,12.2,1.07,1
act_737,cow_24,2026-09-26T18:00:00.000Z,3264,11.4,1.02,1
act_738,cow_24,2026-09-27T18:00:00.000Z,3155,12.3,0.99,1
act_739,cow_24,2026-09-28T18:00:00.000Z,3272,11.5,1.02,1
act_740,cow_24,2026-09-29T18:00:00.000Z,3276,11.0,1.02,1
act_741,cow_24,2026-09-30T18:00:00.000Z,2818,12.2,0.88,1
act_742,cow_24,2026-10-01T18:00:00.000Z,2869,11.9,0.90,1
act_743,cow_24,2026-10-02T18:00:00.000Z,2666,10.9,0.83,1
act_744,cow_24,2026-10-03T18:00:00.000Z,2707,12.3,0.85,1
act_745,cow_25,2026-09-03T18:00:00.000Z,2964,12.1,0.93,1
act_746,cow_25,2026-09-04T18:00:00.000Z,3167,11.7,0.99,1
act_747,cow_25,2026-09-05T18:00:00.000Z,3153,12.2,0.99,1
act_748,cow_25,2026-09-06T18:00:00.000Z,3103,12.0,0.97,1
act_749,cow_25,2026-09-07T18:00:00.000Z,3136,12.1,0.98,1
act_750,cow_25,2026-09-08T18:00:00.000Z,3328,11.4,1.04,1
act_751,cow_25,2026-09-09T18:00:00.000Z,3063,11.7,0.96,1
act_752,cow_25,2026-09-10T18:00:00.000Z,3352,11.7,1.05,1
act_753,cow_25,2026-09-11T18:00:00.000Z,3106,12.2,0.97,1
act_754,cow_25,2026-09-12T18:00:00.000Z,3153,12.1,0.99,1
act_755,cow_25,2026-09-13T18:00:00.000Z,3483,12.2,1.09,1
act_756,cow_25,2026-09-14T18:00:00.000Z,3372,11.2,1.05,1
act_757,cow_25,2026-09-15T18:00:00.000Z,3455,11.5,1.08,1
act_758,cow_25,2026-09-16T18:00:00.000Z,2936,12.2,0.92,1
act_759,cow_25,2026-09-17T18:00:00.000Z,3012,11.2,0.94,1
act_760,cow_25,2026-09-18T18:00:00.000Z,3088,11.4,0.96,1
act_761,cow_25,2026-09-19T18:00:00.000Z,3259,12.0,1.02,1
act_762,cow_25,2026-09-20T18:00:00.000Z,3282,10.8,1.03,1
act_763,cow_25,2026-09-21T18:00:00.000Z,3113,11.3,0.97,1
act_764,cow_25,2026-09-22T18:00:00.000Z,3153,10.7,0.99,1
act_765,cow_25,2026-09-23T18:00:00.000Z,3199,12.2,1.00,1
act_766,cow_25,2026-09-24T18:00:00.000Z,2910,11.9,0.91,1
act_767,cow_25,2026-09-25T18:00:00.000Z,2963,12.2,0.93,1
act_768,cow_25,2026-09-26T18:00:00.000Z,3192,11.9,1.00,1
act_769,cow_25,2026-09-27T18:00:00.000Z,3320,11.2,1.04,1
act_770,cow_25,2026-09-28T18:00:00.000Z,3060,11.9,0.96,1
act_771,cow_25,2026-09-29T18:00:00.000Z,3192,11.7,1.00,1
act_772,cow_25,2026-09-30T18:00:00.000Z,2605,12.2,0.81,1
act_773,cow_25,2026-10-01T18:00:00.000Z,2924,12.1,0.91,1
act_774,cow_25,2026-10-02T18:00:00.000Z,2527,12.1,0.79,1
act_775,cow_25,2026-10-03T18:00:00.000Z,2470,12.3,0.77,1
act_776,cow_26,2026-09-03T18:00:00.000Z,3463,11.2,1.08,1
act_777,cow_26,2026-09-04T18:00:00.000Z,3439,11.4,1.07,1
act_778,cow_26,2026-09-05T18:00:00.000Z,2927,10.8,0.91,1
act_779,cow_26,2026-09-06T18:00:00.000Z,3111,11.0,0.97,1
act_780,cow_26,2026-09-07T18:00:00.000Z,3094,11.2,0.97,1
act_781,cow_26,2026-09-08T18:00:00.000Z,3369,10.8,1.05,1
act_782,cow_26,2026-09-09T18:00:00.000Z,3452,10.9,1.08,1
act_783,cow_26,2026-09-10T18:00:00.000Z,3273,11.7,1.02,1
act_784,cow_26,2026-09-11T18:00:00.000Z,2921,11.6,0.91,1
act_785,cow_26,2026-09-12T18:00:00.000Z,3120,11.5,0.97,1
act_786,cow_26,2026-09-13T18:00:00.000Z,3079,11.9,0.96,1
act_787,cow_26,2026-09-14T18:00:00.000Z,3108,12.3,0.97,1
act_788,cow_26,2026-09-15T18:00:00.000Z,3086,11.6,0.96,1
act_789,cow_26,2026-09-16T18:00:00.000Z,3205,11.3,1.00,1
act_790,cow_26,2026-09-17T18:00:00.000Z,3118,10.9,0.97,1
act_791,cow_26,2026-09-18T18:00:00.000Z,3010,11.6,0.94,1
act_792,cow_26,2026-09-19T18:00:00.000Z,3474,10.7,1.09,1
act_793,cow_26,2026-09-20T18:00:00.000Z,3015,10.9,0.94,1
act_794,cow_26,2026-09-21T18:00:00.000Z,3302,11.9,1.03,1
act_795,cow_26,2026-09-22T18:00:00.000Z,3147,11.5,0.98,1
act_796,cow_26,2026-09-23T18:00:00.000Z,3207,11.2,1.00,1
act_797,cow_26,2026-09-24T18:00:00.000Z,3249,11.9,1.02,1
act_798,cow_26,2026-09-25T18:00:00.000Z,3076,10.7,0.96,1
act_799,cow_26,2026-09-26T18:00:00.000Z,3161,11.6,0.99,1
act_800,cow_26,2026-09-27T18:00:00.000Z,2928,11.8,0.92,1
act_801,cow_26,2026-09-28T18:00:00.000Z,1870,14.1,0.58,6
act_802,cow_26,2026-09-29T18:00:00.000Z,1997,14.1,0.62,6
act_803,cow_26,2026-09-30T18:00:00.000Z,1982,13.6,0.62,6
act_804,cow_26,2026-10-01T18:00:00.000Z,2237,14.7,0.70,6
act_805,cow_26,2026-10-02T18:00:00.000Z,1676,14.2,0.52,6
act_806,cow_26,2026-10-03T18:00:00.000Z,1956,13.2,0.61,6
act_807,cow_27,2026-09-03T18:00:00.000Z,2985,11.8,0.93,1
act_808,cow_27,2026-09-04T18:00:00.000Z,3327,11.7,1.04,1
act_809,cow_27,2026-09-05T18:00:00.000Z,3233,11.5,1.01,1
act_810,cow_27,2026-09-06T18:00:00.000Z,2948,10.9,0.92,1
act_811,cow_27,2026-09-07T18:00:00.000Z,3167,11.9,0.99,1
act_812,cow_27,2026-09-08T18:00:00.000Z,3475,10.8,1.09,1
act_813,cow_27,2026-09-09T18:00:00.000Z,3110,11.9,0.97,1
act_814,cow_27,2026-09-10T18:00:00.000Z,2988,12.3,0.93,1
act_815,cow_27,2026-09-11T18:00:00.000Z,3289,11.8,1.03,1
act_816,cow_27,2026-09-12T18:00:00.000Z,2902,11.5,0.91,1
act_817,cow_27,2026-09-13T18:00:00.000Z,3452,11.2,1.08,1
act_818,cow_27,2026-09-14T18:00:00.000Z,3099,11.4,0.97,1
act_819,cow_27,2026-09-15T18:00:00.000Z,3354,11.1,1.05,1
act_820,cow_27,2026-09-16T18:00:00.000Z,2934,12.0,0.92,1
act_821,cow_27,2026-09-17T18:00:00.000Z,3152,11.2,0.98,1
act_822,cow_27,2026-09-18T18:00:00.000Z,3159,11.5,0.99,1
act_823,cow_27,2026-09-19T18:00:00.000Z,3157,11.7,0.99,1
act_824,cow_27,2026-09-20T18:00:00.000Z,2968,11.1,0.93,1
act_825,cow_27,2026-09-21T18:00:00.000Z,3495,11.1,1.09,1
act_826,cow_27,2026-09-22T18:00:00.000Z,3088,12.1,0.96,1
act_827,cow_27,2026-09-23T18:00:00.000Z,3238,10.9,1.01,1
act_828,cow_27,2026-09-24T18:00:00.000Z,3322,11.9,1.04,1
act_829,cow_27,2026-09-25T18:00:00.000Z,3280,12.0,1.02,1
act_830,cow_27,2026-09-26T18:00:00.000Z,2940,11.1,0.92,1
act_831,cow_27,2026-09-27T18:00:00.000Z,3263,11.8,1.02,1
act_832,cow_27,2026-09-28T18:00:00.000Z,1903,13.4,0.59,6
act_833,cow_27,2026-09-29T18:00:00.000Z,2102,13.2,0.66,6
act_834,cow_27,2026-09-30T18:00:00.000Z,1861,13.6,0.58,6
act_835,cow_27,2026-10-01T18:00:00.000Z,1939,14.2,0.61,6
act_836,cow_27,2026-10-02T18:00:00.000Z,2028,13.2,0.63,6
act_837,cow_27,2026-10-03T18:00:00.000Z,2250,13.9,0.70,6
act_838,cow_28,2026-09-03T18:00:00.000Z,3132,11.3,0.98,1
act_839,cow_28,2026-09-04T18:00:00.000Z,3378,10.8,1.06,1
act_840,cow_28,2026-09-05T18:00:00.000Z,3208,12.0,1.00,1
act_841,cow_28,2026-09-06T18:00:00.000Z,3309,11.2,1.03,1
act_842,cow_28,2026-09-07T18:00:00.000Z,3393,11.0,1.06,1
act_843,cow_28,2026-09-08T18:00:00.000Z,2979,11.9,0.93,1
act_844,cow_28,2026-09-09T18:00:00.000Z,2929,12.0,0.92,1
act_845,cow_28,2026-09-10T18:00:00.000Z,3424,11.2,1.07,1
act_846,cow_28,2026-09-11T18:00:00.000Z,2968,11.2,0.93,1
act_847,cow_28,2026-09-12T18:00:00.000Z,3276,11.7,1.02,1
act_848,cow_28,2026-09-13T18:00:00.000Z,3330,12.2,1.04,1
act_849,cow_28,2026-09-14T18:00:00.000Z,3369,11.0,1.05,1
act_850,cow_28,2026-09-15T18:00:00.000Z,3153,11.9,0.99,1
act_851,cow_28,2026-09-16T18:00:00.000Z,3054,11.2,0.95,1
act_852,cow_28,2026-09-17T18:00:00.000Z,3222,11.7,1.01,1
act_853,cow_28,2026-09-18T18:00:00.000Z,3448,11.7,1.08,1
act_854,cow_28,2026-09-19T18:00:00.000Z,3067,12.2,0.96,1
act_855,cow_28,2026-09-20T18:00:00.000Z,3043,11.5,0.95,1
act_856,cow_28,2026-09-21T18:00:00.000Z,2916,10.8,0.91,1
act_857,cow_28,2026-09-22T18:00:00.000Z,3012,11.5,0.94,1
act_858,cow_28,2026-09-23T18:00:00.000Z,2992,11.9,0.94,1
act_859,cow_28,2026-09-24T18:00:00.000Z,3286,12.1,1.03,1
act_860,cow_28,2026-09-25T18:00:00.000Z,3267,11.7,1.02,1
act_861,cow_28,2026-09-26T18:00:00.000Z,3424,12.0,1.07,1
act_862,cow_28,2026-09-27T18:00:00.000Z,3148,11.0,0.98,1
act_863,cow_28,2026-09-28T18:00:00.000Z,1900,14.6,0.59,6
act_864,cow_28,2026-09-29T18:00:00.000Z,1974,13.6,0.62,6
act_865,cow_28,2026-09-30T18:00:00.000Z,2082,14.2,0.65,6
act_866,cow_28,2026-10-01T18:00:00.000Z,1975,13.8,0.62,6
act_867,cow_28,2026-10-02T18:00:00.000Z,1874,13.7,0.59,6
act_868,cow_28,2026-10-03T18:00:00.000Z,1783,14.2,0.56,6
act_869,cow_29,2026-09-03T18:00:00.000Z,3476,11.2,1.09,1
act_870,cow_29,2026-09-04T18:00:00.000Z,3318,12.3,1.04,1
act_871,cow_29,2026-09-05T18:00:00.000Z,3283,11.3,1.03,1
act_872,cow_29,2026-09-06T18:00:00.000Z,3137,11.8,0.98,1
act_873,cow_29,2026-09-07T18:00:00.000Z,3064,10.7,0.96,1
act_874,cow_29,2026-09-08T18:00:00.000Z,3438,12.2,1.07,1
act_875,cow_29,2026-09-09T18:00:00.000Z,2987,10.9,0.93,1
act_876,cow_29,2026-09-10T18:00:00.000Z,3018,12.3,0.94,1
act_877,cow_29,2026-09-11T18:00:00.000Z,3063,11.1,0.96,1
act_878,cow_29,2026-09-12T18:00:00.000Z,2992,11.4,0.94,1
act_879,cow_29,2026-09-13T18:00:00.000Z,3412,12.2,1.07,1
act_880,cow_29,2026-09-14T18:00:00.000Z,3289,11.3,1.03,1
act_881,cow_29,2026-09-15T18:00:00.000Z,3023,12.1,0.94,1
act_882,cow_29,2026-09-16T18:00:00.000Z,3210,12.0,1.00,1
act_883,cow_29,2026-09-17T18:00:00.000Z,3009,11.2,0.94,1
act_884,cow_29,2026-09-18T18:00:00.000Z,3098,10.9,0.97,1
act_885,cow_29,2026-09-19T18:00:00.000Z,3212,10.7,1.00,1
act_886,cow_29,2026-09-20T18:00:00.000Z,3247,11.8,1.01,1
act_887,cow_29,2026-09-21T18:00:00.000Z,3267,12.0,1.02,1
act_888,cow_29,2026-09-22T18:00:00.000Z,3433,11.7,1.07,1
act_889,cow_29,2026-09-23T18:00:00.000Z,3202,11.8,1.00,1
act_890,cow_29,2026-09-24T18:00:00.000Z,3128,11.4,0.98,1
act_891,cow_29,2026-09-25T18:00:00.000Z,3177,11.4,0.99,1
act_892,cow_29,2026-09-26T18:00:00.000Z,3119,12.2,0.97,1
act_893,cow_29,2026-09-27T18:00:00.000Z,3336,11.4,1.04,1
act_894,cow_29,2026-09-28T18:00:00.000Z,1942,13.2,0.61,6
act_895,cow_29,2026-09-29T18:00:00.000Z,1733,13.7,0.54,6
act_896,cow_29,2026-09-30T18:00:00.000Z,1895,14.5,0.59,6
act_897,cow_29,2026-10-01T18:00:00.000Z,2179,13.6,0.68,6
act_898,cow_29,2026-10-02T18:00:00.000Z,2142,14.2,0.67,6
act_899,cow_29,2026-10-03T18:00:00.000Z,1677,13.8,0.52,6
act_900,cow_30,2026-09-03T18:00:00.000Z,3065,11.3,0.96,1
act_901,cow_30,2026-09-04T18:00:00.000Z,3408,12.2,1.06,1
act_902,cow_30,2026-09-05T18:00:00.000Z,3284,12.2,1.03,1
act_903,cow_30,2026-09-06T18:00:00.000Z,3233,11.6,1.01,1
act_904,cow_30,2026-09-07T18:00:00.000Z,2948,12.0,0.92,1
act_905,cow_30,2026-09-08T18:00:00.000Z,3376,10.9,1.05,1
act_906,cow_30,2026-09-09T18:00:00.000Z,3221,11.5,1.01,1
act_907,cow_30,2026-09-10T18:00:00.000Z,3315,10.9,1.04,1
act_908,cow_30,2026-09-11T18:00:00.000Z,2937,11.9,0.92,1
act_909,cow_30,2026-09-12T18:00:00.000Z,2962,11.9,0.93,1
act_910,cow_30,2026-09-13T18:00:00.000Z,3030,11.5,0.95,1
act_911,cow_30,2026-09-14T18:00:00.000Z,3066,12.1,0.96,1
act_912,cow_30,2026-09-15T18:00:00.000Z,3344,10.8,1.04,1
act_913,cow_30,2026-09-16T18:00:00.000Z,3426,11.7,1.07,1
act_914,cow_30,2026-09-17T18:00:00.000Z,2975,10.8,0.93,1
act_915,cow_30,2026-09-18T18:00:00.000Z,3005,11.9,0.94,1
act_916,cow_30,2026-09-19T18:00:00.000Z,3257,11.5,1.02,1
act_917,cow_30,2026-09-20T18:00:00.000Z,3371,11.1,1.05,1
act_918,cow_30,2026-09-21T18:00:00.000Z,3051,11.8,0.95,1
act_919,cow_30,2026-09-22T18:00:00.000Z,3150,12.2,0.98,1
act_920,cow_30,2026-09-23T18:00:00.000Z,3376,11.4,1.05,1
act_921,cow_30,2026-09-24T18:00:00.000Z,2966,10.7,0.93,1
act_922,cow_30,2026-09-25T18:00:00.000Z,2948,10.9,0.92,1
act_923,cow_30,2026-09-26T18:00:00.000Z,3415,10.8,1.07,1
act_924,cow_30,2026-09-27T18:00:00.000Z,3246,11.8,1.01,1
act_925,cow_30,2026-09-28T18:00:00.000Z,1969,13.5,0.62,6
act_926,cow_30,2026-09-29T18:00:00.000Z,1793,14.0,0.56,6
act_927,cow_30,2026-09-30T18:00:00.000Z,1904,14.5,0.59,6
act_928,cow_30,2026-10-01T18:00:00.000Z,1971,13.9,0.62,6
act_929,cow_30,2026-10-02T18:00:00.000Z,1730,13.2,0.54,6
act_930,cow_30,2026-10-03T18:00:00.000Z,2047,14.2,0.64,6