id,farm_id,cow_id,session_id,alert_type,severity,title,message,status,created_at
alt_1,farm_01,cow_26,ses_2966,MASTITIS_RISK,HIGH,"Elevated Mastitis Risk Detected: COW-026","Automated early-warning: SCC reached 745 k/mL (+464.4%), milk yield fell by 22.2%. Personal baseline exceeded.",RESOLVED,2026-09-23T07:29:00.000Z
alt_2,farm_01,cow_27,ses_2967,MASTITIS_RISK,HIGH,"Elevated Mastitis Risk Detected: COW-027","Automated early-warning: SCC reached 761 k/mL (+447.5%), milk yield fell by 24.1%. Personal baseline exceeded.",RESOLVED,2026-09-23T06:41:45.000Z
alt_3,farm_01,cow_28,ses_2968,MASTITIS_RISK,HIGH,"Elevated Mastitis Risk Detected: COW-028","Automated early-warning: SCC reached 775 k/mL (+430.8%), milk yield fell by 24.5%. Personal baseline exceeded.",RESOLVED,2026-09-23T06:29:57.000Z
alt_4,farm_01,cow_29,ses_2969,MASTITIS_RISK,HIGH,"Elevated Mastitis Risk Detected: COW-029","Automated early-warning: SCC reached 768 k/mL (+402%), milk yield fell by 24.5%. Personal baseline exceeded.",RESOLVED,2026-09-23T07:06:43.000Z
alt_5,farm_01,cow_30,ses_2970,MASTITIS_RISK,HIGH,"Elevated Mastitis Risk Detected: COW-030","Automated early-warning: SCC reached 711 k/mL (+690%), milk yield fell by 17.3%. Personal baseline exceeded.",RESOLVED,2026-09-23T07:30:45.000Z
alt_6,farm_01,cow_26,ses_2996,MASTITIS_RISK,HIGH,"Elevated Mastitis Risk Detected: COW-026","Automated early-warning: SCC reached 753 k/mL (+470.5%), milk yield fell by 21.3%. Personal baseline exceeded.",RESOLVED,2026-09-23T18:12:55.000Z
alt_7,farm_01,cow_27,ses_2997,MASTITIS_RISK,HIGH,"Elevated Mastitis Risk Detected: COW-027","Automated early-warning: SCC reached 754 k/mL (+442.4%), milk yield fell by 25.4%. Personal baseline exceeded.",RESOLVED,2026-09-23T17:14:19.000Z
alt_8,farm_01,cow_28,ses_2998,MASTITIS_RISK,HIGH,"Elevated Mastitis Risk Detected: COW-028","Automated early-warning: SCC reached 768 k/mL (+426%), milk yield fell by 24.9%. Personal baseline exceeded.",RESOLVED,2026-09-23T17:49:42.000Z
alt_9,farm_01,cow_29,ses_2999,MASTITIS_RISK,HIGH,"Elevated Mastitis Risk Detected: COW-029","Automated early-warning: SCC reached 772 k/mL (+404.6%), milk yield fell by 19.8%. Personal baseline exceeded.",RESOLVED,2026-09-23T18:01:44.000Z
alt_10,farm_01,cow_30,ses_3000,MASTITIS_RISK,HIGH,"Elevated Mastitis Risk Detected: COW-030","Automated early-warning: SCC reached 704 k/mL (+682.2%), milk yield fell by 17.8%. Personal baseline exceeded.",RESOLVED,2026-09-23T17:51:28.000Z
alt_11,farm_01,cow_26,ses_3026,MASTITIS_RISK,CRITICAL,"Elevated Mastitis Risk Detected: COW-026","Automated early-warning: SCC reached 1013 k/mL (+667.4%), milk yield fell by 28.2%. Personal baseline exceeded.",RESOLVED,2026-09-24T07:01:52.000Z
alt_12,farm_01,cow_27,ses_3027,MASTITIS_RISK,CRITICAL,"Elevated Mastitis Risk Detected: COW-027","Automated early-warning: SCC reached 930 k/mL (+569.1%), milk yield fell by 25.5%. Personal baseline exceeded.",RESOLVED,2026-09-24T06:09:12.000Z
alt_13,farm_01,cow_28,ses_3028,MASTITIS_RISK,CRITICAL,"Elevated Mastitis Risk Detected: COW-028","Automated early-warning: SCC reached 916 k/mL (+527.4%), milk yield fell by 28%. Personal baseline exceeded.",RESOLVED,2026-09-24T07:06:02.000Z
alt_14,farm_01,cow_29,ses_3029,MASTITIS_RISK,CRITICAL,"Elevated Mastitis Risk Detected: COW-029","Automated early-warning: SCC reached 936 k/mL (+511.8%), milk yield fell by 31.8%. Personal baseline exceeded.",RESOLVED,2026-09-24T06:48:33.000Z
alt_15,farm_01,cow_30,ses_3030,MASTITIS_RISK,CRITICAL,"Elevated Mastitis Risk Detected: COW-030","Automated early-warning: SCC reached 976 k/mL (+984.4%), milk yield fell by 33.2%. Personal baseline exceeded.",RESOLVED,2026-09-24T07:32:02.000Z
alt_16,farm_01,cow_26,ses_3056,MASTITIS_RISK,CRITICAL,"Elevated Mastitis Risk Detected: COW-026","Automated early-warning: SCC reached 1001 k/mL (+658.3%), milk yield fell by 29.4%. Personal baseline exceeded.",RESOLVED,2026-09-24T17:58:03.000Z
alt_17,farm_01,cow_27,ses_3057,MASTITIS_RISK,CRITICAL,"Elevated Mastitis Risk Detected: COW-027","Automated early-warning: SCC reached 985 k/mL (+608.6%), milk yield fell by 33.1%. Personal baseline exceeded.",RESOLVED,2026-09-24T17:37:48.000Z
alt_18,farm_01,cow_28,ses_3058,MASTITIS_RISK,CRITICAL,"Elevated Mastitis Risk Detected: COW-028","Automated early-warning: SCC reached 947 k/mL (+548.6%), milk yield fell by 25.6%. Personal baseline exceeded.",RESOLVED,2026-09-24T17:26:14.000Z
alt_19,farm_01,cow_29,ses_3059,MASTITIS_RISK,CRITICAL,"Elevated Mastitis Risk Detected: COW-029","Automated early-warning: SCC reached 911 k/mL (+495.4%), milk yield fell by 34.9%. Personal baseline exceeded.",RESOLVED,2026-09-24T18:17:49.000Z
alt_20,farm_01,cow_30,ses_3060,MASTITIS_RISK,CRITICAL,"Elevated Mastitis Risk Detected: COW-030","Automated early-warning: SCC reached 826 k/mL (+817.8%), milk yield fell by 27.7%. Personal baseline exceeded.",RESOLVED,2026-09-24T18:02:32.000Z
alt_21,farm_01,cow_26,ses_3086,MASTITIS_RISK,CRITICAL,"Elevated Mastitis Risk Detected: COW-026","Automated early-warning: SCC reached 1003 k/mL (+659.8%), milk yield fell by 31.5%. Personal baseline exceeded.",RESOLVED,2026-09-25T07:30:03.000Z
alt_22,farm_01,cow_27,ses_3087,MASTITIS_RISK,CRITICAL,"Elevated Mastitis Risk Detected: COW-027","Automated early-warning: SCC reached 899 k/mL (+546.8%), milk yield fell by 32.7%. Personal baseline exceeded.",RESOLVED,2026-09-25T07:09:09.000Z
alt_23,farm_01,cow_28,ses_3088,MASTITIS_RISK,CRITICAL,"Elevated Mastitis Risk Detected: COW-028","Automated early-warning: SCC reached 999 k/mL (+584.2%), milk yield fell by 28.2%. Personal baseline exceeded.",RESOLVED,2026-09-25T06:56:36.000Z
alt_24,farm_01,cow_29,ses_3089,MASTITIS_RISK,CRITICAL,"Elevated Mastitis Risk Detected: COW-029","Automated early-warning: SCC reached 1054 k/mL (+588.9%), milk yield fell by 29.5%. Personal baseline exceeded.",RESOLVED,2026-09-25T06:43:54.000Z
alt_25,farm_01,cow_30,ses_3090,MASTITIS_RISK,CRITICAL,"Elevated Mastitis Risk Detected: COW-030","Automated early-warning: SCC reached 952 k/mL (+957.8%), milk yield fell by 26.8%. Personal baseline exceeded.",RESOLVED,2026-09-25T06:48:53.000Z
alt_26,farm_01,cow_26,ses_3116,MASTITIS_RISK,CRITICAL,"Elevated Mastitis Risk Detected: COW-026","Automated early-warning: SCC reached 933 k/mL (+606.8%), milk yield fell by 25.3%. Personal baseline exceeded.",RESOLVED,2026-09-25T18:22:26.000Z
alt_27,farm_01,cow_27,ses_3117,MASTITIS_RISK,CRITICAL,"Elevated Mastitis Risk Detected: COW-027","Automated early-warning: SCC reached 1014 k/mL (+629.5%), milk yield fell by 32.7%. Personal baseline exceeded.",RESOLVED,2026-09-25T17:33:58.000Z
alt_28,farm_01,cow_28,ses_3118,MASTITIS_RISK,CRITICAL,"Elevated Mastitis Risk Detected: COW-028","Automated early-warning: SCC reached 908 k/mL (+521.9%), milk yield fell by 27.6%. Personal baseline exceeded.",RESOLVED,2026-09-25T17:56:00.000Z
alt_29,farm_01,cow_29,ses_3119,MASTITIS_RISK,CRITICAL,"Elevated Mastitis Risk Detected: COW-029","Automated early-warning: SCC reached 1026 k/mL (+570.6%), milk yield fell by 28%. Personal baseline exceeded.",RESOLVED,2026-09-25T17:55:01.000Z
alt_30,farm_01,cow_30,ses_3120,MASTITIS_RISK,CRITICAL,"Elevated Mastitis Risk Detected: COW-030","Automated early-warning: SCC reached 871 k/mL (+867.8%), milk yield fell by 29.1%. Personal baseline exceeded.",RESOLVED,2026-09-25T17:29:52.000Z
alt_31,farm_01,cow_26,ses_3146,MASTITIS_RISK,CRITICAL,"Elevated Mastitis Risk Detected: COW-026","Automated early-warning: SCC reached 881 k/mL (+567.4%), milk yield fell by 29.4%. Personal baseline exceeded.",RESOLVED,2026-09-26T07:27:35.000Z
alt_32,farm_01,cow_27,ses_3147,MASTITIS_RISK,CRITICAL,"Elevated Mastitis Risk Detected: COW-027","Automated early-warning: SCC reached 905 k/mL (+551.1%), milk yield fell by 33.1%. Personal baseline exceeded.",RESOLVED,2026-09-26T06:42:51.000Z
alt_33,farm_01,cow_28,ses_3148,MASTITIS_RISK,CRITICAL,"Elevated Mastitis Risk Detected: COW-028","Automated early-warning: SCC reached 943 k/mL (+545.9%), milk yield fell by 32%. Personal baseline exceeded.",RESOLVED,2026-09-26T06:09:47.000Z
alt_34,farm_01,cow_29,ses_3149,MASTITIS_RISK,CRITICAL,"Elevated Mastitis Risk Detected: COW-029","Automated early-warning: SCC reached 883 k/mL (+477.1%), milk yield fell by 32.3%. Personal baseline exceeded.",RESOLVED,2026-09-26T06:52:13.000Z
alt_35,farm_01,cow_30,ses_3150,MASTITIS_RISK,CRITICAL,"Elevated Mastitis Risk Detected: COW-030","Automated early-warning: SCC reached 950 k/mL (+955.6%), milk yield fell by 33.8%. Personal baseline exceeded.",RESOLVED,2026-09-26T06:09:54.000Z
alt_36,farm_01,cow_26,ses_3176,MASTITIS_RISK,CRITICAL,"Elevated Mastitis Risk Detected: COW-026","Automated early-warning: SCC reached 957 k/mL (+625%), milk yield fell by 27.8%. Personal baseline exceeded.",RESOLVED,2026-09-26T18:20:14.000Z
alt_37,farm_01,cow_27,ses_3177,MASTITIS_RISK,CRITICAL,"Elevated Mastitis Risk Detected: COW-027","Automated early-warning: SCC reached 948 k/mL (+582%), milk yield fell by 34.3%. Personal baseline exceeded.",RESOLVED,2026-09-26T17:07:08.000Z
alt_38,farm_01,cow_28,ses_3178,MASTITIS_RISK,CRITICAL,"Elevated Mastitis Risk Detected: COW-028","Automated early-warning: SCC reached 1018 k/mL (+597.3%), milk yield fell by 26.1%. Personal baseline exceeded.",RESOLVED,2026-09-26T17:23:26.000Z
alt_39,farm_01,cow_29,ses_3179,MASTITIS_RISK,CRITICAL,"Elevated Mastitis Risk Detected: COW-029","Automated early-warning: SCC reached 976 k/mL (+537.9%), milk yield fell by 29.6%. Personal baseline exceeded.",RESOLVED,2026-09-26T18:06:20.000Z
alt_40,farm_01,cow_30,ses_3180,MASTITIS_RISK,CRITICAL,"Elevated Mastitis Risk Detected: COW-030","Automated early-warning: SCC reached 947 k/mL (+952.2%), milk yield fell by 29.2%. Personal baseline exceeded.",RESOLVED,2026-09-26T18:33:34.000Z
alt_41,farm_01,cow_26,ses_3206,MASTITIS_RISK,CRITICAL,"Elevated Mastitis Risk Detected: COW-026","Automated early-warning: SCC reached 912 k/mL (+590.9%), milk yield fell by 28.7%. Personal baseline exceeded.",RESOLVED,2026-09-27T06:19:38.000Z
alt_42,farm_01,cow_27,ses_3207,MASTITIS_RISK,CRITICAL,"Elevated Mastitis Risk Detected: COW-027","Automated early-warning: SCC reached 1001 k/mL (+620.1%), milk yield fell by 29.1%. Personal baseline exceeded.",RESOLVED,2026-09-27T07:31:03.000Z
alt_43,farm_01,cow_28,ses_3208,MASTITIS_RISK,CRITICAL,"Elevated Mastitis Risk Detected: COW-028","Automated early-warning: SCC reached 1025 k/mL (+602.1%), milk yield fell by 28.7%. Personal baseline exceeded.",RESOLVED,2026-09-27T06:11:50.000Z
alt_44,farm_01,cow_29,ses_3209,MASTITIS_RISK,CRITICAL,"Elevated Mastitis Risk Detected: COW-029","Automated early-warning: SCC reached 991 k/mL (+547.7%), milk yield fell by 30.1%. Personal baseline exceeded.",RESOLVED,2026-09-27T06:34:44.000Z
alt_45,farm_01,cow_30,ses_3210,MASTITIS_RISK,CRITICAL,"Elevated Mastitis Risk Detected: COW-030","Automated early-warning: SCC reached 907 k/mL (+907.8%), milk yield fell by 33.9%. Personal baseline exceeded.",RESOLVED,2026-09-27T07:20:36.000Z
alt_46,farm_01,cow_26,ses_3236,MASTITIS_RISK,CRITICAL,"Elevated Mastitis Risk Detected: COW-026","Automated early-warning: SCC reached 1017 k/mL (+670.5%), milk yield fell by 28.8%. Personal baseline exceeded.",RESOLVED,2026-09-27T18:15:36.000Z
alt_47,farm_01,cow_27,ses_3237,MASTITIS_RISK,CRITICAL,"Elevated Mastitis Risk Detected: COW-027","Automated early-warning: SCC reached 891 k/mL (+541%), milk yield fell by 29.3%. Personal baseline exceeded.",RESOLVED,2026-09-27T17:53:22.000Z
alt_48,farm_01,cow_28,ses_3238,MASTITIS_RISK,CRITICAL,"Elevated Mastitis Risk Detected: COW-028","Automated early-warning: SCC reached 953 k/mL (+552.7%), milk yield fell by 27.9%. Personal baseline exceeded.",RESOLVED,2026-09-27T18:02:53.000Z
alt_49,farm_01,cow_29,ses_3239,MASTITIS_RISK,CRITICAL,"Elevated Mastitis Risk Detected: COW-029","Automated early-warning: SCC reached 1028 k/mL (+571.9%), milk yield fell by 28.6%. Personal baseline exceeded.",RESOLVED,2026-09-27T17:07:39.000Z
alt_50,farm_01,cow_30,ses_3240,MASTITIS_RISK,CRITICAL,"Elevated Mastitis Risk Detected: COW-030","Automated early-warning: SCC reached 955 k/mL (+961.1%), milk yield fell by 34.8%. Personal baseline exceeded.",RESOLVED,2026-09-27T17:35:53.000Z
alt_51,farm_01,cow_26,ses_3266,MASTITIS_RISK,CRITICAL,"Elevated Mastitis Risk Detected: COW-026","Automated early-warning: SCC reached 997 k/mL (+655.3%), milk yield fell by 25.4%. Personal baseline exceeded.",RESOLVED,2026-09-28T07:20:53.000Z
alt_52,farm_01,cow_27,ses_3267,MASTITIS_RISK,CRITICAL,"Elevated Mastitis Risk Detected: COW-027","Automated early-warning: SCC reached 900 k/mL (+547.5%), milk yield fell by 31.1%. Personal baseline exceeded.",RESOLVED,2026-09-28T07:19:32.000Z
alt_53,farm_01,cow_28,ses_3268,MASTITIS_RISK,CRITICAL,"Elevated Mastitis Risk Detected: COW-028","Automated early-warning: SCC reached 1021 k/mL (+599.3%), milk yield fell by 28.7%. Personal baseline exceeded.",RESOLVED,2026-09-28T07:17:36.000Z
alt_54,farm_01,cow_29,ses_3269,MASTITIS_RISK,CRITICAL,"Elevated Mastitis Risk Detected: COW-029","Automated early-warning: SCC reached 901 k/mL (+488.9%), milk yield fell by 30.2%. Personal baseline exceeded.",RESOLVED,2026-09-28T06:53:42.000Z
alt_55,farm_01,cow_30,ses_3270,MASTITIS_RISK,CRITICAL,"Elevated Mastitis Risk Detected: COW-030","Automated early-warning: SCC reached 873 k/mL (+870%), milk yield fell by 31.6%. Personal baseline exceeded.",RESOLVED,2026-09-28T07:20:00.000Z
alt_56,farm_01,cow_26,ses_3296,MASTITIS_RISK,CRITICAL,"Elevated Mastitis Risk Detected: COW-026","Automated early-warning: SCC reached 1013 k/mL (+667.4%), milk yield fell by 30.4%. Personal baseline exceeded.",RESOLVED,2026-09-28T18:29:43.000Z
alt_57,farm_01,cow_27,ses_3297,MASTITIS_RISK,CRITICAL,"Elevated Mastitis Risk Detected: COW-027","Automated early-warning: SCC reached 979 k/mL (+604.3%), milk yield fell by 30.9%. Personal baseline exceeded.",RESOLVED,2026-09-28T17:38:38.000Z
alt_58,farm_01,cow_28,ses_3298,MASTITIS_RISK,CRITICAL,"Elevated Mastitis Risk Detected: COW-028","Automated early-warning: SCC reached 980 k/mL (+571.2%), milk yield fell by 27.1%. Personal baseline exceeded.",RESOLVED,2026-09-28T18:22:00.000Z
alt_59,farm_01,cow_29,ses_3299,MASTITIS_RISK,CRITICAL,"Elevated Mastitis Risk Detected: COW-029","Automated early-warning: SCC reached 937 k/mL (+512.4%), milk yield fell by 25.7%. Personal baseline exceeded.",RESOLVED,2026-09-28T17:28:38.000Z
alt_60,farm_01,cow_30,ses_3300,MASTITIS_RISK,CRITICAL,"Elevated Mastitis Risk Detected: COW-030","Automated early-warning: SCC reached 801 k/mL (+790%), milk yield fell by 31.7%. Personal baseline exceeded.",RESOLVED,2026-09-28T18:00:12.000Z
alt_61,farm_01,cow_26,ses_3326,MASTITIS_RISK,CRITICAL,"Elevated Mastitis Risk Detected: COW-026","Automated early-warning: SCC reached 915 k/mL (+593.2%), milk yield fell by 25.9%. Personal baseline exceeded.",RESOLVED,2026-09-29T06:31:33.000Z
alt_62,farm_01,cow_27,ses_3327,MASTITIS_RISK,CRITICAL,"Elevated Mastitis Risk Detected: COW-027","Automated early-warning: SCC reached 975 k/mL (+601.4%), milk yield fell by 32.2%. Personal baseline exceeded.",RESOLVED,2026-09-29T06:29:38.000Z
alt_63,farm_01,cow_28,ses_3328,MASTITIS_RISK,CRITICAL,"Elevated Mastitis Risk Detected: COW-028","Automated early-warning: SCC reached 951 k/mL (+551.4%), milk yield fell by 30.2%. Personal baseline exceeded.",RESOLVED,2026-09-29T06:38:46.000Z
alt_64,farm_01,cow_29,ses_3329,MASTITIS_RISK,CRITICAL,"Elevated Mastitis Risk Detected: COW-029","Automated early-warning: SCC reached 995 k/mL (+550.3%), milk yield fell by 27.1%. Personal baseline exceeded.",RESOLVED,2026-09-29T06:34:56.000Z
alt_65,farm_01,cow_30,ses_3330,MASTITIS_RISK,CRITICAL,"Elevated Mastitis Risk Detected: COW-030","Automated early-warning: SCC reached 904 k/mL (+904.4%), milk yield fell by 28.4%. Personal baseline exceeded.",RESOLVED,2026-09-29T06:58:37.000Z
alt_66,farm_01,cow_26,ses_3356,MASTITIS_RISK,CRITICAL,"Elevated Mastitis Risk Detected: COW-026","Automated early-warning: SCC reached 837 k/mL (+534.1%), milk yield fell by 31.6%. Personal baseline exceeded.",RESOLVED,2026-09-29T17:13:30.000Z
alt_67,farm_01,cow_27,ses_3357,MASTITIS_RISK,CRITICAL,"Elevated Mastitis Risk Detected: COW-027","Automated early-warning: SCC reached 958 k/mL (+589.2%), milk yield fell by 34.5%. Personal baseline exceeded.",RESOLVED,2026-09-29T17:20:33.000Z
alt_68,farm_01,cow_28,ses_3358,MASTITIS_RISK,CRITICAL,"Elevated Mastitis Risk Detected: COW-028","Automated early-warning: SCC reached 1007 k/mL (+589.7%), milk yield fell by 31.3%. Personal baseline exceeded.",RESOLVED,2026-09-29T18:03:04.000Z
alt_69,farm_01,cow_29,ses_3359,MASTITIS_RISK,CRITICAL,"Elevated Mastitis Risk Detected: COW-029","Automated early-warning: SCC reached 884 k/mL (+477.8%), milk yield fell by 28.3%. Personal baseline exceeded.",RESOLVED,2026-09-29T17:23:29.000Z
alt_70,farm_01,cow_30,ses_3360,MASTITIS_RISK,CRITICAL,"Elevated Mastitis Risk Detected: COW-030","Automated early-warning: SCC reached 883 k/mL (+881.1%), milk yield fell by 32.2%. Personal baseline exceeded.",RESOLVED,2026-09-29T17:27:24.000Z
alt_71,farm_01,cow_26,ses_3386,MASTITIS_RISK,CRITICAL,"Elevated Mastitis Risk Detected: COW-026","Automated early-warning: SCC reached 858 k/mL (+550%), milk yield fell by 35.7%. Personal baseline exceeded.",RESOLVED,2026-09-30T07:30:22.000Z
alt_72,farm_01,cow_27,ses_3387,MASTITIS_RISK,CRITICAL,"Elevated Mastitis Risk Detected: COW-027","Automated early-warning: SCC reached 1005 k/mL (+623%), milk yield fell by 29.7%. Personal baseline exceeded.",RESOLVED,2026-09-30T06:18:49.000Z
alt_73,farm_01,cow_28,ses_3388,MASTITIS_RISK,CRITICAL,"Elevated Mastitis Risk Detected: COW-028","Automated early-warning: SCC reached 1037 k/mL (+610.3%), milk yield fell by 30.1%. Personal baseline exceeded.",RESOLVED,2026-09-30T07:28:02.000Z
alt_74,farm_01,cow_29,ses_3389,MASTITIS_RISK,CRITICAL,"Elevated Mastitis Risk Detected: COW-029","Automated early-warning: SCC reached 905 k/mL (+491.5%), milk yield fell by 33.6%. Personal baseline exceeded.",RESOLVED,2026-09-30T06:06:03.000Z
alt_75,farm_01,cow_30,ses_3390,MASTITIS_RISK,CRITICAL,"Elevated Mastitis Risk Detected: COW-030","Automated early-warning: SCC reached 940 k/mL (+944.4%), milk yield fell by 27.5%. Personal baseline exceeded.",RESOLVED,2026-09-30T07:08:52.000Z
alt_76,farm_01,cow_26,ses_3416,MASTITIS_RISK,CRITICAL,"Elevated Mastitis Risk Detected: COW-026","Automated early-warning: SCC reached 942 k/mL (+613.6%), milk yield fell by 28%. Personal baseline exceeded.",RESOLVED,2026-09-30T17:52:19.000Z
alt_77,farm_01,cow_27,ses_3417,MASTITIS_RISK,CRITICAL,"Elevated Mastitis Risk Detected: COW-027","Automated early-warning: SCC reached 998 k/mL (+618%), milk yield fell by 30.8%. Personal baseline exceeded.",RESOLVED,2026-09-30T17:24:20.000Z
alt_78,farm_01,cow_28,ses_3418,MASTITIS_RISK,CRITICAL,"Elevated Mastitis Risk Detected: COW-028","Automated early-warning: SCC reached 857 k/mL (+487%), milk yield fell by 32.6%. Personal baseline exceeded.",RESOLVED,2026-09-30T17:07:47.000Z
alt_79,farm_01,cow_29,ses_3419,MASTITIS_RISK,CRITICAL,"Elevated Mastitis Risk Detected: COW-029","Automated early-warning: SCC reached 954 k/mL (+523.5%), milk yield fell by 31.2%. Personal baseline exceeded.",RESOLVED,2026-09-30T18:02:08.000Z
alt_80,farm_01,cow_30,ses_3420,MASTITIS_RISK,CRITICAL,"Elevated Mastitis Risk Detected: COW-030","Automated early-warning: SCC reached 889 k/mL (+887.8%), milk yield fell by 26.6%. Personal baseline exceeded.",RESOLVED,2026-09-30T18:07:12.000Z
alt_81,farm_01,cow_26,ses_3446,MASTITIS_RISK,CRITICAL,"Elevated Mastitis Risk Detected: COW-026","Automated early-warning: SCC reached 914 k/mL (+592.4%), milk yield fell by 25.6%. Personal baseline exceeded.",ACTIVE,2026-10-01T06:21:19.000Z
alt_82,farm_01,cow_27,ses_3447,MASTITIS_RISK,CRITICAL,"Elevated Mastitis Risk Detected: COW-027","Automated early-warning: SCC reached 921 k/mL (+562.6%), milk yield fell by 26%. Personal baseline exceeded.",ACTIVE,2026-10-01T06:51:41.000Z
alt_83,farm_01,cow_28,ses_3448,MASTITIS_RISK,CRITICAL,"Elevated Mastitis Risk Detected: COW-028","Automated early-warning: SCC reached 957 k/mL (+555.5%), milk yield fell by 31.7%. Personal baseline exceeded.",ACTIVE,2026-10-01T06:42:14.000Z
alt_84,farm_01,cow_29,ses_3449,MASTITIS_RISK,CRITICAL,"Elevated Mastitis Risk Detected: COW-029","Automated early-warning: SCC reached 972 k/mL (+535.3%), milk yield fell by 27.1%. Personal baseline exceeded.",ACTIVE,2026-10-01T07:33:58.000Z
alt_85,farm_01,cow_30,ses_3450,MASTITIS_RISK,CRITICAL,"Elevated Mastitis Risk Detected: COW-030","Automated early-warning: SCC reached 929 k/mL (+932.2%), milk yield fell by 29.8%. Personal baseline exceeded.",ACTIVE,2026-10-01T06:41:55.000Z
alt_86,farm_01,cow_26,ses_3476,MASTITIS_RISK,CRITICAL,"Elevated Mastitis Risk Detected: COW-026","Automated early-warning: SCC reached 861 k/mL (+552.3%), milk yield fell by 26.8%. Personal baseline exceeded.",ACTIVE,2026-10-01T17:48:37.000Z
alt_87,farm_01,cow_27,ses_3477,MASTITIS_RISK,CRITICAL,"Elevated Mastitis Risk Detected: COW-027","Automated early-warning: SCC reached 895 k/mL (+543.9%), milk yield fell by 34.5%. Personal baseline exceeded.",ACTIVE,2026-10-01T17:58:19.000Z
alt_88,farm_01,cow_28,ses_3478,MASTITIS_RISK,CRITICAL,"Elevated Mastitis Risk Detected: COW-028","Automated early-warning: SCC reached 956 k/mL (+554.8%), milk yield fell by 28.2%. Personal baseline exceeded.",ACTIVE,2026-10-01T18:10:36.000Z
alt_89,farm_01,cow_29,ses_3479,MASTITIS_RISK,CRITICAL,"Elevated Mastitis Risk Detected: COW-029","Automated early-warning: SCC reached 995 k/mL (+550.3%), milk yield fell by 26%. Personal baseline exceeded.",ACTIVE,2026-10-01T17:20:16.000Z
alt_90,farm_01,cow_30,ses_3480,MASTITIS_RISK,CRITICAL,"Elevated Mastitis Risk Detected: COW-030","Automated early-warning: SCC reached 884 k/mL (+882.2%), milk yield fell by 33.9%. Personal baseline exceeded.",ACTIVE,2026-10-01T17:55:17.000Z
alt_91,farm_01,cow_26,ses_3506,MASTITIS_RISK,CRITICAL,"Elevated Mastitis Risk Detected: COW-026","Automated early-warning: SCC reached 862 k/mL (+553%), milk yield fell by 25.1%. Personal baseline exceeded.",ACTIVE,2026-10-02T06:53:07.000Z
alt_92,farm_01,cow_27,ses_3507,MASTITIS_RISK,CRITICAL,"Elevated Mastitis Risk Detected: COW-027","Automated early-warning: SCC reached 897 k/mL (+545.3%), milk yield fell by 26%. Personal baseline exceeded.",ACTIVE,2026-10-02T07:00:55.000Z
alt_93,farm_01,cow_28,ses_3508,MASTITIS_RISK,CRITICAL,"Elevated Mastitis Risk Detected: COW-028","Automated early-warning: SCC reached 1022 k/mL (+600%), milk yield fell by 29.9%. Personal baseline exceeded.",ACTIVE,2026-10-02T06:55:33.000Z
alt_94,farm_01,cow_29,ses_3509,MASTITIS_RISK,CRITICAL,"Elevated Mastitis Risk Detected: COW-029","Automated early-warning: SCC reached 870 k/mL (+468.6%), milk yield fell by 29.1%. Personal baseline exceeded.",ACTIVE,2026-10-02T07:14:54.000Z
alt_95,farm_01,cow_30,ses_3510,MASTITIS_RISK,CRITICAL,"Elevated Mastitis Risk Detected: COW-030","Automated early-warning: SCC reached 911 k/mL (+912.2%), milk yield fell by 25.8%. Personal baseline exceeded.",ACTIVE,2026-10-02T07:23:03.000Z
alt_96,farm_01,cow_26,ses_3536,MASTITIS_RISK,CRITICAL,"Elevated Mastitis Risk Detected: COW-026","Automated early-warning: SCC reached 907 k/mL (+587.1%), milk yield fell by 34.9%. Personal baseline exceeded.",ACTIVE,2026-10-02T17:13:00.000Z
alt_97,farm_01,cow_27,ses_3537,MASTITIS_RISK,CRITICAL,"Elevated Mastitis Risk Detected: COW-027","Automated early-warning: SCC reached 999 k/mL (+618.7%), milk yield fell by 27.2%. Personal baseline exceeded.",ACTIVE,2026-10-02T18:01:04.000Z
alt_98,farm_01,cow_28,ses_3538,MASTITIS_RISK,CRITICAL,"Elevated Mastitis Risk Detected: COW-028","Automated early-warning: SCC reached 934 k/mL (+539.7%), milk yield fell by 29.4%. Personal baseline exceeded.",ACTIVE,2026-10-02T17:22:15.000Z
alt_99,farm_01,cow_29,ses_3539,MASTITIS_RISK,CRITICAL,"Elevated Mastitis Risk Detected: COW-029","Automated early-warning: SCC reached 982 k/mL (+541.8%), milk yield fell by 26.2%. Personal baseline exceeded.",ACTIVE,2026-10-02T18:06:47.000Z
alt_100,farm_01,cow_30,ses_3540,MASTITIS_RISK,CRITICAL,"Elevated Mastitis Risk Detected: COW-030","Automated early-warning: SCC reached 869 k/mL (+865.6%), milk yield fell by 28.5%. Personal baseline exceeded.",ACTIVE,2026-10-02T17:46:31.000Z
alt_101,farm_01,cow_26,ses_3566,MASTITIS_RISK,CRITICAL,"Elevated Mastitis Risk Detected: COW-026","Automated early-warning: SCC reached 894 k/mL (+577.3%), milk yield fell by 28.8%. Personal baseline exceeded.",ACTIVE,2026-10-03T06:58:15.000Z
alt_102,farm_01,cow_27,ses_3567,MASTITIS_RISK,CRITICAL,"Elevated Mastitis Risk Detected: COW-027","Automated early-warning: SCC reached 922 k/mL (+563.3%), milk yield fell by 33.5%. Personal baseline exceeded.",ACTIVE,2026-10-03T06:52:55.000Z
alt_103,farm_01,cow_28,ses_3568,MASTITIS_RISK,CRITICAL,"Elevated Mastitis Risk Detected: COW-028","Automated early-warning: SCC reached 988 k/mL (+576.7%), milk yield fell by 26.4%. Personal baseline exceeded.",ACTIVE,2026-10-03T06:35:17.000Z
alt_104,farm_01,cow_29,ses_3569,MASTITIS_RISK,CRITICAL,"Elevated Mastitis Risk Detected: COW-029","Automated early-warning: SCC reached 965 k/mL (+530.7%), milk yield fell by 28.8%. Personal baseline exceeded.",ACTIVE,2026-10-03T07:18:17.000Z
alt_105,farm_01,cow_30,ses_3570,MASTITIS_RISK,CRITICAL,"Elevated Mastitis Risk Detected: COW-030","Automated early-warning: SCC reached 927 k/mL (+930%), milk yield fell by 29%. Personal baseline exceeded.",ACTIVE,2026-10-03T07:28:35.000Z
alt_106,farm_01,cow_26,ses_3596,MASTITIS_RISK,CRITICAL,"Elevated Mastitis Risk Detected: COW-026","Automated early-warning: SCC reached 1015 k/mL (+668.9%), milk yield fell by 30.5%. Personal baseline exceeded.",ACTIVE,2026-10-03T17:42:39.000Z
alt_107,farm_01,cow_27,ses_3597,MASTITIS_RISK,CRITICAL,"Elevated Mastitis Risk Detected: COW-027","Automated early-warning: SCC reached 914 k/mL (+557.6%), milk yield fell by 31.3%. Personal baseline exceeded.",ACTIVE,2026-10-03T17:08:51.000Z
alt_108,farm_01,cow_28,ses_3598,MASTITIS_RISK,CRITICAL,"Elevated Mastitis Risk Detected: COW-028","Automated early-warning: SCC reached 879 k/mL (+502.1%), milk yield fell by 33.6%. Personal baseline exceeded.",ACTIVE,2026-10-03T18:29:53.000Z
alt_109,farm_01,cow_29,ses_3599,MASTITIS_RISK,CRITICAL,"Elevated Mastitis Risk Detected: COW-029","Automated early-warning: SCC reached 1032 k/mL (+574.5%), milk yield fell by 34.9%. Personal baseline exceeded.",ACTIVE,2026-10-03T17:09:07.000Z
alt_110,farm_01,cow_30,ses_3600,MASTITIS_RISK,CRITICAL,"Elevated Mastitis Risk Detected: COW-030","Automated early-warning: SCC reached 981 k/mL (+990%), milk yield fell by 31.9%. Personal baseline exceeded.",ACTIVE,2026-10-03T17:11:20.000Z