id,cow_id,timestamp,body_temperature,heart_rate,respiration_rate,rumination_minutes,activity_steps,lying_time_hours,feed_intake_kg,water_intake_liters,sensor_source
vit_1,cow_1,2026-09-03T18:00:00.000Z,38.75,75,25,457,3211,11.3,42.1,87.6,SIMULATOR
vit_2,cow_1,2026-09-04T18:00:00.000Z,38.46,76,27,450,3128,11.3,45.6,81.3,SIMULATOR
vit_3,cow_1,2026-09-05T18:00:00.000Z,38.55,72,29,490,3258,11.1,45.6,89.8,SIMULATOR
vit_4,cow_1,2026-09-06T18:00:00.000Z,38.42,74,24,461,2911,12.0,45.7,82.4,SIMULATOR
vit_5,cow_1,2026-09-07T18:00:00.000Z,38.64,68,32,465,3066,11.3,42.6,84.5,SIMULATOR
vit_6,cow_1,2026-09-08T18:00:00.000Z,38.76,70,22,508,3402,12.2,46.3,81.4,SIMULATOR
vit_7,cow_1,2026-09-09T18:00:00.000Z,38.69,71,29,506,3241,11.6,44.8,85.5,SIMULATOR
vit_8,cow_1,2026-09-10T18:00:00.000Z,38.68,72,29,495,3426,11.8,46.7,81.3,SIMULATOR
vit_9,cow_1,2026-09-11T18:00:00.000Z,38.43,74,31,460,3261,11.1,45.3,84.1,SIMULATOR
vit_10,cow_1,2026-09-12T18:00:00.000Z,38.46,73,23,491,3036,11.6,44.6,88.2,SIMULATOR
vit_11,cow_1,2026-09-13T18:00:00.000Z,38.57,70,23,450,3386,10.8,45.7,87.8,SIMULATOR
vit_12,cow_1,2026-09-14T18:00:00.000Z,38.63,71,29,475,3372,11.8,42.4,82.2,SIMULATOR
vit_13,cow_1,2026-09-15T18:00:00.000Z,38.49,78,29,478,3395,11.2,42.0,85.0,SIMULATOR
vit_14,cow_1,2026-09-16T18:00:00.000Z,38.77,76,31,450,3096,11.9,43.3,80.1,SIMULATOR
vit_15,cow_1,2026-09-17T18:00:00.000Z,38.52,71,25,485,3230,11.8,44.6,86.9,SIMULATOR
vit_16,cow_1,2026-09-18T18:00:00.000Z,38.68,67,28,476,3249,11.5,43.9,88.5,SIMULATOR
vit_17,cow_1,2026-09-19T18:00:00.000Z,38.69,72,27,453,3233,11.0,43.9,85.4,SIMULATOR
vit_18,cow_1,2026-09-20T18:00:00.000Z,38.67,64,29,505,3193,10.7,42.0,85.4,SIMULATOR
vit_19,cow_1,2026-09-21T18:00:00.000Z,38.74,73,25,467,3108,12.1,43.2,86.0,SIMULATOR
vit_20,cow_1,2026-09-22T18:00:00.000Z,38.41,75,31,507,3291,11.5,45.2,86.4,SIMULATOR
vit_21,cow_1,2026-09-23T18:00:00.000Z,38.50,65,26,450,3129,11.7,42.8,82.4,SIMULATOR
vit_22,cow_1,2026-09-24T18:00:00.000Z,38.76,68,25,462,3464,11.8,45.5,89.0,SIMULATOR
vit_23,cow_1,2026-09-25T18:00:00.000Z,38.76,75,22,486,3364,10.8,43.3,88.6,SIMULATOR
vit_24,cow_1,2026-09-26T18:00:00.000Z,38.60,77,25,464,3331,11.3,43.5,87.5,SIMULATOR
vit_25,cow_1,2026-09-27T18:00:00.000Z,38.45,62,27,494,2961,11.1,42.7,85.2,SIMULATOR
vit_26,cow_1,2026-09-28T18:00:00.000Z,38.79,74,28,480,3418,11.4,41.5,85.0,SIMULATOR
vit_27,cow_1,2026-09-29T18:00:00.000Z,38.77,65,32,504,2923,12.2,45.5,80.8,SIMULATOR
vit_28,cow_1,2026-09-30T18:00:00.000Z,38.61,72,28,503,3461,11.1,41.8,86.5,SIMULATOR
vit_29,cow_1,2026-10-01T18:00:00.000Z,38.62,76,25,479,2936,11.9,46.5,88.1,SIMULATOR
vit_30,cow_1,2026-10-02T18:00:00.000Z,38.40,62,28,508,3491,11.1,41.8,84.1,SIMULATOR
vit_31,cow_1,2026-10-03T18:00:00.000Z,38.43,73,26,492,3139,11.0,44.4,84.7,SIMULATOR
vit_32,cow_2,2026-09-03T18:00:00.000Z,38.77,74,28,468,3442,11.9,43.5,81.2,SIMULATOR
vit_33,cow_2,2026-09-04T18:00:00.000Z,38.60,76,28,480,3114,11.6,42.3,86.9,SIMULATOR
vit_34,cow_2,2026-09-05T18:00:00.000Z,38.56,66,23,462,3079,11.6,44.3,80.6,SIMULATOR
vit_35,cow_2,2026-09-06T18:00:00.000Z,38.79,64,27,474,3295,12.3,46.9,82.5,SIMULATOR
vit_36,cow_2,2026-09-07T18:00:00.000Z,38.62,63,23,494,3124,11.6,44.5,85.0,SIMULATOR
vit_37,cow_2,2026-09-08T18:00:00.000Z,38.74,67,26,507,3495,11.6,43.5,84.0,SIMULATOR
vit_38,cow_2,2026-09-09T18:00:00.000Z,38.64,69,24,488,3105,10.8,41.7,80.6,SIMULATOR
vit_39,cow_2,2026-09-10T18:00:00.000Z,38.53,69,28,494,3084,11.8,46.3,84.1,SIMULATOR
vit_40,cow_2,2026-09-11T18:00:00.000Z,38.69,73,27,474,3461,12.0,43.9,89.9,SIMULATOR
vit_41,cow_2,2026-09-12T18:00:00.000Z,38.53,72,26,456,3125,11.8,43.5,81.8,SIMULATOR
vit_42,cow_2,2026-09-13T18:00:00.000Z,38.77,69,31,452,3361,12.1,42.7,83.9,SIMULATOR
vit_43,cow_2,2026-09-14T18:00:00.000Z,38.57,71,32,461,2955,11.4,44.2,84.6,SIMULATOR
vit_44,cow_2,2026-09-15T18:00:00.000Z,38.57,73,27,450,3066,11.4,45.9,87.1,SIMULATOR
vit_45,cow_2,2026-09-16T18:00:00.000Z,38.62,62,30,497,3067,11.2,41.4,80.1,SIMULATOR
vit_46,cow_2,2026-09-17T18:00:00.000Z,38.89,69,32,509,3274,11.2,44.8,84.7,SIMULATOR
vit_47,cow_2,2026-09-18T18:00:00.000Z,38.73,66,29,509,2924,10.8,41.7,84.6,SIMULATOR
vit_48,cow_2,2026-09-19T18:00:00.000Z,38.61,70,31,470,2909,11.2,42.2,88.6,SIMULATOR
vit_49,cow_2,2026-09-20T18:00:00.000Z,38.72,72,31,505,3339,12.2,42.7,81.9,SIMULATOR
vit_50,cow_2,2026-09-21T18:00:00.000Z,38.69,66,22,505,3241,12.1,46.0,80.5,SIMULATOR
vit_51,cow_2,2026-09-22T18:00:00.000Z,38.81,67,29,500,3286,11.3,42.1,81.1,SIMULATOR
vit_52,cow_2,2026-09-23T18:00:00.000Z,38.56,75,22,482,3221,11.8,45.2,85.8,SIMULATOR
vit_53,cow_2,2026-09-24T18:00:00.000Z,38.81,63,25,493,3334,11.0,43.6,89.1,SIMULATOR
vit_54,cow_2,2026-09-25T18:00:00.000Z,38.74,71,26,494,2912,10.8,42.5,89.4,SIMULATOR
vit_55,cow_2,2026-09-26T18:00:00.000Z,38.55,71,22,451,3375,11.8,44.0,81.3,SIMULATOR
vit_56,cow_2,2026-09-27T18:00:00.000Z,38.81,75,23,472,3397,11.7,41.5,80.3,SIMULATOR
vit_57,cow_2,2026-09-28T18:00:00.000Z,38.51,68,30,489,3277,11.7,43.7,81.9,SIMULATOR
vit_58,cow_2,2026-09-29T18:00:00.000Z,38.81,70,22,461,2927,12.0,47.0,88.3,SIMULATOR
vit_59,cow_2,2026-09-30T18:00:00.000Z,38.89,72,32,496,3372,12.2,43.1,81.3,SIMULATOR
vit_60,cow_2,2026-10-01T18:00:00.000Z,38.50,68,24,480,3179,12.3,46.0,82.4,SIMULATOR
vit_61,cow_2,2026-10-02T18:00:00.000Z,38.50,77,22,493,3283,11.9,46.3,80.1,SIMULATOR
vit_62,cow_2,2026-10-03T18:00:00.000Z,38.86,75,26,477,3302,10.9,45.5,80.2,SIMULATOR
vit_63,cow_3,2026-09-03T18:00:00.000Z,38.43,66,32,488,3113,11.6,41.2,80.0,SIMULATOR
vit_64,cow_3,2026-09-04T18:00:00.000Z,38.37,64,30,489,3292,11.6,44.0,83.2,SIMULATOR
vit_65,cow_3,2026-09-05T18:00:00.000Z,38.45,64,27,478,3221,11.2,46.0,87.7,SIMULATOR
vit_66,cow_3,2026-09-06T18:00:00.000Z,38.52,78,31,488,3118,11.3,44.9,84.1,SIMULATOR
vit_67,cow_3,2026-09-07T18:00:00.000Z,38.34,72,31,504,3179,10.9,41.2,82.5,SIMULATOR
vit_68,cow_3,2026-09-08T18:00:00.000Z,38.60,66,32,473,3095,10.8,41.9,85.2,SIMULATOR
vit_69,cow_3,2026-09-09T18:00:00.000Z,38.61,68,22,450,3067,11.9,46.2,81.0,SIMULATOR
vit_70,cow_3,2026-09-10T18:00:00.000Z,38.43,68,26,453,3296,12.2,41.1,85.2,SIMULATOR
vit_71,cow_3,2026-09-11T18:00:00.000Z,38.69,62,25,473,3158,11.0,43.3,82.4,SIMULATOR
vit_72,cow_3,2026-09-12T18:00:00.000Z,38.54,64,29,453,3308,11.5,42.5,88.5,SIMULATOR
vit_73,cow_3,2026-09-13T18:00:00.000Z,38.31,73,29,455,3093,11.4,44.9,84.0,SIMULATOR
vit_74,cow_3,2026-09-14T18:00:00.000Z,38.54,63,32,500,3288,12.3,46.8,89.9,SIMULATOR
vit_75,cow_3,2026-09-15T18:00:00.000Z,38.47,74,25,460,3281,11.2,45.8,87.3,SIMULATOR
vit_76,cow_3,2026-09-16T18:00:00.000Z,38.63,68,32,499,3108,10.8,43.5,85.4,SIMULATOR
vit_77,cow_3,2026-09-17T18:00:00.000Z,38.43,71,31,460,3423,10.8,42.7,83.7,SIMULATOR
vit_78,cow_3,2026-09-18T18:00:00.000Z,38.67,64,32,506,3418,11.6,42.8,84.6,SIMULATOR
vit_79,cow_3,2026-09-19T18:00:00.000Z,38.44,70,25,505,3154,11.2,41.1,86.8,SIMULATOR
vit_80,cow_3,2026-09-20T18:00:00.000Z,38.64,68,28,475,2934,11.9,44.4,89.6,SIMULATOR
vit_81,cow_3,2026-09-21T18:00:00.000Z,38.40,73,29,497,3172,11.9,42.8,83.3,SIMULATOR
vit_82,cow_3,2026-09-22T18:00:00.000Z,38.58,72,31,468,3252,11.3,41.9,89.9,SIMULATOR
vit_83,cow_3,2026-09-23T18:00:00.000Z,38.40,66,32,496,3080,12.1,45.5,82.4,SIMULATOR
vit_84,cow_3,2026-09-24T18:00:00.000Z,38.59,73,24,497,2992,11.1,43.7,86.4,SIMULATOR
vit_85,cow_3,2026-09-25T18:00:00.000Z,38.49,70,30,478,3000,12.2,46.6,89.8,SIMULATOR
vit_86,cow_3,2026-09-26T18:00:00.000Z,38.51,76,28,482,3303,12.3,41.2,86.6,SIMULATOR
vit_87,cow_3,2026-09-27T18:00:00.000Z,38.42,68,22,509,3460,11.0,42.8,80.5,SIMULATOR
vit_88,cow_3,2026-09-28T18:00:00.000Z,38.62,71,24,493,3288,11.0,42.8,89.6,SIMULATOR
vit_89,cow_3,2026-09-29T18:00:00.000Z,38.32,66,31,460,3327,11.5,42.7,81.6,SIMULATOR
vit_90,cow_3,2026-09-30T18:00:00.000Z,38.58,75,29,493,3489,12.0,44.0,82.9,SIMULATOR
vit_91,cow_3,2026-10-01T18:00:00.000Z,38.55,69,24,509,3106,11.9,41.2,87.1,SIMULATOR
vit_92,cow_3,2026-10-02T18:00:00.000Z,38.48,78,24,454,3288,11.3,43.7,82.2,SIMULATOR
vit_93,cow_3,2026-10-03T18:00:00.000Z,38.33,71,29,499,3425,11.1,41.4,85.1,SIMULATOR
vit_94,cow_4,2026-09-03T18:00:00.000Z,38.62,78,26,498,3008,10.8,44.7,84.3,SIMULATOR
vit_95,cow_4,2026-09-04T18:00:00.000Z,38.78,72,25,492,3115,12.3,44.4,81.1,SIMULATOR
vit_96,cow_4,2026-09-05T18:00:00.000Z,38.55,77,29,482,3327,11.7,45.3,85.5,SIMULATOR
vit_97,cow_4,2026-09-06T18:00:00.000Z,38.55,63,31,506,3188,11.5,42.5,80.6,SIMULATOR
vit_98,cow_4,2026-09-07T18:00:00.000Z,38.63,73,23,453,3106,11.7,45.5,83.5,SIMULATOR
vit_99,cow_4,2026-09-08T18:00:00.000Z,38.47,74,31,469,3197,10.7,44.3,82.8,SIMULATOR
vit_100,cow_4,2026-09-09T18:00:00.000Z,38.51,75,23,465,3091,12.1,42.4,83.5,SIMULATOR
vit_101,cow_4,2026-09-10T18:00:00.000Z,38.68,77,32,483,3069,12.1,42.9,81.3,SIMULATOR
vit_102,cow_4,2026-09-11T18:00:00.000Z,38.42,74,32,498,3210,11.6,45.4,80.7,SIMULATOR
vit_103,cow_4,2026-09-12T18:00:00.000Z,38.57,73,29,505,3266,11.0,45.1,83.8,SIMULATOR
vit_104,cow_4,2026-09-13T18:00:00.000Z,38.51,62,29,497,3319,11.6,43.8,87.2,SIMULATOR
vit_105,cow_4,2026-09-14T18:00:00.000Z,38.53,72,28,465,3488,10.7,41.0,87.2,SIMULATOR
vit_106,cow_4,2026-09-15T18:00:00.000Z,38.66,77,23,499,3136,11.8,46.6,85.8,SIMULATOR
vit_107,cow_4,2026-09-16T18:00:00.000Z,38.70,67,26,478,3225,11.3,46.4,82.7,SIMULATOR
vit_108,cow_4,2026-09-17T18:00:00.000Z,38.59,66,27,460,3189,11.8,41.3,81.0,SIMULATOR
vit_109,cow_4,2026-09-18T18:00:00.000Z,38.50,69,22,466,3067,11.1,41.9,82.0,SIMULATOR
vit_110,cow_4,2026-09-19T18:00:00.000Z,38.74,73,24,458,3080,11.9,42.7,80.5,SIMULATOR
vit_111,cow_4,2026-09-20T18:00:00.000Z,38.50,73,23,496,3373,11.0,43.2,80.8,SIMULATOR
vit_112,cow_4,2026-09-21T18:00:00.000Z,38.74,72,30,501,3245,11.3,42.7,84.6,SIMULATOR
vit_113,cow_4,2026-09-22T18:00:00.000Z,38.75,78,24,471,3285,11.0,42.8,81.9,SIMULATOR
vit_114,cow_4,2026-09-23T18:00:00.000Z,38.72,74,31,470,3161,11.2,46.2,87.9,SIMULATOR
vit_115,cow_4,2026-09-24T18:00:00.000Z,38.50,69,25,459,3323,11.4,41.1,81.7,SIMULATOR
vit_116,cow_4,2026-09-25T18:00:00.000Z,38.65,75,24,463,3163,12.0,44.6,86.4,SIMULATOR
vit_117,cow_4,2026-09-26T18:00:00.000Z,38.79,68,30,470,3087,12.1,46.9,80.8,SIMULATOR
vit_118,cow_4,2026-09-27T18:00:00.000Z,38.69,65,31,498,2959,11.3,46.6,80.0,SIMULATOR
vit_119,cow_4,2026-09-28T18:00:00.000Z,38.46,75,29,477,3122,11.1,44.4,82.6,SIMULATOR
vit_120,cow_4,2026-09-29T18:00:00.000Z,38.73,76,30,476,3146,12.2,44.0,89.0,SIMULATOR
vit_121,cow_4,2026-09-30T18:00:00.000Z,38.78,63,27,504,3236,12.2,41.5,81.4,SIMULATOR
vit_122,cow_4,2026-10-01T18:00:00.000Z,38.61,71,24,510,2992,11.1,44.2,83.2,SIMULATOR
vit_123,cow_4,2026-10-02T18:00:00.000Z,38.59,73,31,491,3064,11.9,44.5,84.5,SIMULATOR
vit_124,cow_4,2026-10-03T18:00:00.000Z,38.60,78,31,458,3108,11.4,43.5,85.2,SIMULATOR
vit_125,cow_5,2026-09-03T18:00:00.000Z,38.77,68,31,450,2912,10.9,46.0,87.6,SIMULATOR
vit_126,cow_5,2026-09-04T18:00:00.000Z,38.65,70,27,491,3242,10.9,43.3,86.4,SIMULATOR
vit_127,cow_5,2026-09-05T18:00:00.000Z,38.60,74,26,478,3213,11.9,45.1,83.7,SIMULATOR
vit_128,cow_5,2026-09-06T18:00:00.000Z,38.75,67,28,502,2913,10.9,42.5,88.9,SIMULATOR
vit_129,cow_5,2026-09-07T18:00:00.000Z,38.56,73,23,480,2943,11.1,41.5,87.2,SIMULATOR
vit_130,cow_5,2026-09-08T18:00:00.000Z,38.85,77,32,487,3068,10.7,44.4,86.3,SIMULATOR
vit_131,cow_5,2026-09-09T18:00:00.000Z,38.52,64,23,483,3085,11.7,45.9,84.6,SIMULATOR
vit_132,cow_5,2026-09-10T18:00:00.000Z,38.51,71,29,496,3183,11.9,45.5,81.5,SIMULATOR
vit_133,cow_5,2026-09-11T18:00:00.000Z,38.86,76,24,472,3294,10.8,46.2,86.4,SIMULATOR
vit_134,cow_5,2026-09-12T18:00:00.000Z,38.69,69,28,452,3209,11.6,44.7,89.2,SIMULATOR
vit_135,cow_5,2026-09-13T18:00:00.000Z,38.78,75,28,451,3011,11.2,45.4,81.5,SIMULATOR
vit_136,cow_5,2026-09-14T18:00:00.000Z,38.66,77,23,508,3478,11.4,43.5,86.8,SIMULATOR
vit_137,cow_5,2026-09-15T18:00:00.000Z,38.57,72,26,466,2991,11.4,43.5,88.1,SIMULATOR
vit_138,cow_5,2026-09-16T18:00:00.000Z,38.85,70,22,479,2943,11.2,43.1,81.4,SIMULATOR
vit_139,cow_5,2026-09-17T18:00:00.000Z,38.89,75,32,480,2972,10.8,46.3,83.4,SIMULATOR
vit_140,cow_5,2026-09-18T18:00:00.000Z,38.78,74,25,472,3492,11.6,43.1,85.3,SIMULATOR
vit_141,cow_5,2026-09-19T18:00:00.000Z,38.71,78,24,502,3359,12.3,43.9,81.4,SIMULATOR
vit_142,cow_5,2026-09-20T18:00:00.000Z,38.66,65,30,459,3036,11.0,41.3,87.2,SIMULATOR
vit_143,cow_5,2026-09-21T18:00:00.000Z,38.85,62,25,451,3229,11.3,44.7,89.6,SIMULATOR
vit_144,cow_5,2026-09-22T18:00:00.000Z,38.80,73,22,456,3023,12.2,46.4,84.7,SIMULATOR
vit_145,cow_5,2026-09-23T18:00:00.000Z,38.71,78,27,456,3115,10.7,45.7,81.6,SIMULATOR
vit_146,cow_5,2026-09-24T18:00:00.000Z,38.77,75,24,491,2917,11.3,44.8,85.0,SIMULATOR
vit_147,cow_5,2026-09-25T18:00:00.000Z,38.64,64,22,483,2912,10.7,45.1,84.0,SIMULATOR
vit_148,cow_5,2026-09-26T18:00:00.000Z,38.85,70,23,506,3061,11.1,45.1,83.0,SIMULATOR
vit_149,cow_5,2026-09-27T18:00:00.000Z,38.71,76,24,483,3111,11.0,41.0,81.4,SIMULATOR
vit_150,cow_5,2026-09-28T18:00:00.000Z,38.52,71,24,483,3430,12.1,45.8,83.8,SIMULATOR
vit_151,cow_5,2026-09-29T18:00:00.000Z,38.87,78,28,450,3290,12.0,41.7,89.5,SIMULATOR
vit_152,cow_5,2026-09-30T18:00:00.000Z,38.89,69,26,483,3477,11.7,44.6,87.7,SIMULATOR
vit_153,cow_5,2026-10-01T18:00:00.000Z,38.73,73,25,462,3376,11.2,42.3,80.8,SIMULATOR
vit_154,cow_5,2026-10-02T18:00:00.000Z,38.72,67,29,451,3480,10.7,46.0,88.4,SIMULATOR
vit_155,cow_5,2026-10-03T18:00:00.000Z,38.72,74,23,453,3091,10.7,41.7,87.9,SIMULATOR
vit_156,cow_6,2026-09-03T18:00:00.000Z,38.36,73,22,484,3201,11.9,41.3,89.2,SIMULATOR
vit_157,cow_6,2026-09-04T18:00:00.000Z,38.43,74,31,488,3001,11.0,45.0,86.4,SIMULATOR
vit_158,cow_6,2026-09-05T18:00:00.000Z,38.33,72,28,476,3013,11.8,45.6,88.6,SIMULATOR
vit_159,cow_6,2026-09-06T18:00:00.000Z,38.33,67,28,488,3178,12.2,41.6,82.6,SIMULATOR
vit_160,cow_6,2026-09-07T18:00:00.000Z,38.46,72,26,494,3457,10.8,43.2,83.0,SIMULATOR
vit_161,cow_6,2026-09-08T18:00:00.000Z,38.36,62,28,499,2974,11.3,43.9,87.3,SIMULATOR
vit_162,cow_6,2026-09-09T18:00:00.000Z,38.43,76,28,500,3038,11.0,45.7,81.3,SIMULATOR
vit_163,cow_6,2026-09-10T18:00:00.000Z,38.51,73,23,510,3468,11.3,45.3,87.0,SIMULATOR
vit_164,cow_6,2026-09-11T18:00:00.000Z,38.60,72,28,467,3499,11.9,43.7,81.1,SIMULATOR
vit_165,cow_6,2026-09-12T18:00:00.000Z,38.44,63,24,458,3457,12.2,46.0,83.7,SIMULATOR
vit_166,cow_6,2026-09-13T18:00:00.000Z,38.54,70,29,486,3232,10.8,45.6,89.7,SIMULATOR
vit_167,cow_6,2026-09-14T18:00:00.000Z,38.31,70,22,455,2920,11.3,44.1,82.5,SIMULATOR
vit_168,cow_6,2026-09-15T18:00:00.000Z,38.49,78,29,463,3466,12.2,42.5,87.3,SIMULATOR
vit_169,cow_6,2026-09-16T18:00:00.000Z,38.59,75,27,485,3284,11.3,45.1,89.3,SIMULATOR
vit_170,cow_6,2026-09-17T18:00:00.000Z,38.64,69,24,509,3499,11.0,44.1,89.9,SIMULATOR
vit_171,cow_6,2026-09-18T18:00:00.000Z,38.49,70,22,483,3041,11.1,42.4,88.4,SIMULATOR
vit_172,cow_6,2026-09-19T18:00:00.000Z,38.37,63,31,489,3013,10.8,44.7,85.7,SIMULATOR
vit_173,cow_6,2026-09-20T18:00:00.000Z,38.55,71,28,510,2923,11.4,43.4,85.1,SIMULATOR
vit_174,cow_6,2026-09-21T18:00:00.000Z,38.58,68,30,461,3180,11.6,43.2,82.3,SIMULATOR
vit_175,cow_6,2026-09-22T18:00:00.000Z,38.62,76,29,467,3076,11.5,43.5,84.7,SIMULATOR
vit_176,cow_6,2026-09-23T18:00:00.000Z,38.63,67,29,464,3454,11.3,43.7,87.0,SIMULATOR
vit_177,cow_6,2026-09-24T18:00:00.000Z,38.62,78,30,457,3125,10.7,44.8,86.7,SIMULATOR
vit_178,cow_6,2026-09-25T18:00:00.000Z,38.39,76,27,485,3235,11.8,41.6,86.9,SIMULATOR
vit_179,cow_6,2026-09-26T18:00:00.000Z,38.60,67,29,485,3344,11.1,45.8,84.4,SIMULATOR
vit_180,cow_6,2026-09-27T18:00:00.000Z,38.58,63,23,496,3257,10.9,46.3,81.4,SIMULATOR
vit_181,cow_6,2026-09-28T18:00:00.000Z,38.38,78,24,498,3080,11.6,42.3,87.6,SIMULATOR
vit_182,cow_6,2026-09-29T18:00:00.000Z,38.33,73,31,468,3267,11.6,44.1,80.7,SIMULATOR
vit_183,cow_6,2026-09-30T18:00:00.000Z,38.51,74,29,477,3009,11.6,42.6,81.9,SIMULATOR
vit_184,cow_6,2026-10-01T18:00:00.000Z,38.52,66,23,495,3289,11.8,45.0,84.0,SIMULATOR
vit_185,cow_6,2026-10-02T18:00:00.000Z,38.61,66,24,494,3093,12.2,43.2,82.5,SIMULATOR
vit_186,cow_6,2026-10-03T18:00:00.000Z,38.31,67,28,509,3415,11.5,46.5,83.5,SIMULATOR
vit_187,cow_7,2026-09-03T18:00:00.000Z,38.48,73,23,494,3434,11.2,43.4,83.2,SIMULATOR
vit_188,cow_7,2026-09-04T18:00:00.000Z,38.71,70,23,463,3208,10.7,46.5,85.4,SIMULATOR
vit_189,cow_7,2026-09-05T18:00:00.000Z,38.57,64,29,452,3004,11.7,44.4,87.5,SIMULATOR
vit_190,cow_7,2026-09-06T18:00:00.000Z,38.47,64,25,453,3429,12.1,46.6,82.9,SIMULATOR
vit_191,cow_7,2026-09-07T18:00:00.000Z,38.75,62,32,459,3303,11.1,45.3,82.2,SIMULATOR
vit_192,cow_7,2026-09-08T18:00:00.000Z,38.47,67,32,501,3276,12.0,41.4,84.5,SIMULATOR
vit_193,cow_7,2026-09-09T18:00:00.000Z,38.73,77,30,479,3154,12.0,46.8,86.6,SIMULATOR
vit_194,cow_7,2026-09-10T18:00:00.000Z,38.63,65,32,487,3216,11.0,43.7,84.8,SIMULATOR
vit_195,cow_7,2026-09-11T18:00:00.000Z,38.58,66,23,451,2999,11.9,42.8,80.4,SIMULATOR
vit_196,cow_7,2026-09-12T18:00:00.000Z,38.71,63,27,462,3055,10.9,44.6,82.5,SIMULATOR
vit_197,cow_7,2026-09-13T18:00:00.000Z,38.70,70,31,454,3226,12.0,46.9,88.2,SIMULATOR
vit_198,cow_7,2026-09-14T18:00:00.000Z,38.78,65,29,482,3016,12.0,41.2,87.3,SIMULATOR
vit_199,cow_7,2026-09-15T18:00:00.000Z,38.57,71,32,493,3313,12.1,44.4,84.5,SIMULATOR
vit_200,cow_7,2026-09-16T18:00:00.000Z,38.74,65,29,454,3011,11.3,46.7,80.7,SIMULATOR
vit_201,cow_7,2026-09-17T18:00:00.000Z,38.47,66,22,462,3400,11.7,42.6,87.9,SIMULATOR
vit_202,cow_7,2026-09-18T18:00:00.000Z,38.41,73,22,454,3017,11.3,44.9,82.1,SIMULATOR
vit_203,cow_7,2026-09-19T18:00:00.000Z,38.57,73,24,501,3148,11.1,44.4,85.8,SIMULATOR
vit_204,cow_7,2026-09-20T18:00:00.000Z,38.45,65,25,476,3164,11.4,46.4,83.0,SIMULATOR
vit_205,cow_7,2026-09-21T18:00:00.000Z,38.52,73,26,456,3455,11.2,41.2,80.3,SIMULATOR
vit_206,cow_7,2026-09-22T18:00:00.000Z,38.80,62,29,463,2984,11.3,43.0,85.9,SIMULATOR
vit_207,cow_7,2026-09-23T18:00:00.000Z,38.57,67,23,481,3300,12.2,43.4,86.9,SIMULATOR
vit_208,cow_7,2026-09-24T18:00:00.000Z,38.57,70,32,456,3147,11.8,45.5,80.7,SIMULATOR
vit_209,cow_7,2026-09-25T18:00:00.000Z,38.44,66,27,488,3152,12.3,43.5,88.3,SIMULATOR
vit_210,cow_7,2026-09-26T18:00:00.000Z,38.79,72,24,497,2969,11.4,44.0,83.6,SIMULATOR
vit_211,cow_7,2026-09-27T18:00:00.000Z,38.75,72,24,490,3291,12.2,42.3,84.2,SIMULATOR
vit_212,cow_7,2026-09-28T18:00:00.000Z,38.66,72,28,459,3491,12.0,42.3,82.6,SIMULATOR
vit_213,cow_7,2026-09-29T18:00:00.000Z,38.44,64,25,475,3084,11.1,44.2,80.6,SIMULATOR
vit_214,cow_7,2026-09-30T18:00:00.000Z,38.57,77,27,497,3351,12.1,41.4,84.4,SIMULATOR
vit_215,cow_7,2026-10-01T18:00:00.000Z,38.56,74,27,493,2969,12.3,42.2,83.2,SIMULATOR
vit_216,cow_7,2026-10-02T18:00:00.000Z,38.41,66,30,490,3084,11.5,41.7,89.8,SIMULATOR
vit_217,cow_7,2026-10-03T18:00:00.000Z,38.65,78,30,473,2902,10.7,46.0,80.3,SIMULATOR
vit_218,cow_8,2026-09-03T18:00:00.000Z,38.72,77,23,508,3224,11.9,41.6,83.1,SIMULATOR
vit_219,cow_8,2026-09-04T18:00:00.000Z,38.87,63,31,493,2915,12.1,43.2,89.4,SIMULATOR
vit_220,cow_8,2026-09-05T18:00:00.000Z,38.68,77,24,502,3087,12.0,45.8,82.0,SIMULATOR
vit_221,cow_8,2026-09-06T18:00:00.000Z,38.80,74,31,464,2950,11.3,42.6,87.1,SIMULATOR
vit_222,cow_8,2026-09-07T18:00:00.000Z,38.52,71,22,463,3008,12.1,41.4,81.1,SIMULATOR
vit_223,cow_8,2026-09-08T18:00:00.000Z,38.82,77,26,499,3336,11.4,42.7,88.4,SIMULATOR
vit_224,cow_8,2026-09-09T18:00:00.000Z,38.87,73,30,478,2953,12.1,42.7,87.4,SIMULATOR
vit_225,cow_8,2026-09-10T18:00:00.000Z,38.56,67,31,496,3028,11.7,44.5,88.7,SIMULATOR
vit_226,cow_8,2026-09-11T18:00:00.000Z,38.62,66,26,501,3491,11.5,43.1,84.4,SIMULATOR
vit_227,cow_8,2026-09-12T18:00:00.000Z,38.79,78,27,499,2942,11.1,43.8,80.1,SIMULATOR
vit_228,cow_8,2026-09-13T18:00:00.000Z,38.66,62,30,472,3256,11.5,43.4,81.4,SIMULATOR
vit_229,cow_8,2026-09-14T18:00:00.000Z,38.84,78,23,510,3400,12.0,41.8,88.1,SIMULATOR
vit_230,cow_8,2026-09-15T18:00:00.000Z,38.58,66,27,487,2914,11.9,41.4,84.0,SIMULATOR
vit_231,cow_8,2026-09-16T18:00:00.000Z,38.54,70,31,458,3036,11.9,44.5,81.3,SIMULATOR
vit_232,cow_8,2026-09-17T18:00:00.000Z,38.76,64,23,471,3257,10.8,43.5,83.8,SIMULATOR
vit_233,cow_8,2026-09-18T18:00:00.000Z,38.77,64,32,494,3293,10.9,46.5,80.9,SIMULATOR
vit_234,cow_8,2026-09-19T18:00:00.000Z,38.60,69,27,468,3039,11.4,46.5,81.5,SIMULATOR
vit_235,cow_8,2026-09-20T18:00:00.000Z,38.71,63,30,477,3408,11.9,42.5,80.1,SIMULATOR
vit_236,cow_8,2026-09-21T18:00:00.000Z,38.79,71,32,501,3205,11.7,45.1,80.4,SIMULATOR
vit_237,cow_8,2026-09-22T18:00:00.000Z,38.74,78,32,451,3472,11.2,44.8,88.9,SIMULATOR
vit_238,cow_8,2026-09-23T18:00:00.000Z,38.89,76,23,457,3151,11.4,43.5,84.8,SIMULATOR
vit_239,cow_8,2026-09-24T18:00:00.000Z,38.74,64,23,456,3123,11.4,43.4,86.1,SIMULATOR
vit_240,cow_8,2026-09-25T18:00:00.000Z,38.66,68,32,487,3495,11.9,46.6,82.0,SIMULATOR
vit_241,cow_8,2026-09-26T18:00:00.000Z,38.55,71,30,480,3159,10.9,43.4,81.8,SIMULATOR
vit_242,cow_8,2026-09-27T18:00:00.000Z,38.63,72,24,495,3318,12.2,43.4,86.3,SIMULATOR
vit_243,cow_8,2026-09-28T18:00:00.000Z,38.52,75,30,486,3252,11.4,44.8,87.2,SIMULATOR
vit_244,cow_8,2026-09-29T18:00:00.000Z,38.50,66,23,510,3069,11.4,42.4,87.6,SIMULATOR
vit_245,cow_8,2026-09-30T18:00:00.000Z,38.67,78,24,463,3315,11.6,46.4,85.0,SIMULATOR
vit_246,cow_8,2026-10-01T18:00:00.000Z,38.73,71,32,505,3013,11.5,46.1,82.5,SIMULATOR
vit_247,cow_8,2026-10-02T18:00:00.000Z,38.74,67,23,469,3059,12.0,42.5,85.3,SIMULATOR
vit_248,cow_8,2026-10-03T18:00:00.000Z,38.50,78,28,486,3333,11.3,43.4,84.1,SIMULATOR
vit_249,cow_9,2026-09-03T18:00:00.000Z,38.66,72,31,508,3390,11.1,42.2,83.9,SIMULATOR
vit_250,cow_9,2026-09-04T18:00:00.000Z,38.55,78,22,505,3418,11.2,43.6,86.2,SIMULATOR
vit_251,cow_9,2026-09-05T18:00:00.000Z,38.33,62,24,502,2914,10.8,41.3,80.2,SIMULATOR
vit_252,cow_9,2026-09-06T18:00:00.000Z,38.42,69,29,497,3315,11.5,43.0,87.5,SIMULATOR
vit_253,cow_9,2026-09-07T18:00:00.000Z,38.33,62,28,465,3218,11.0,41.5,81.4,SIMULATOR
vit_254,cow_9,2026-09-08T18:00:00.000Z,38.30,65,22,508,3133,12.3,42.8,88.3,SIMULATOR
vit_255,cow_9,2026-09-09T18:00:00.000Z,38.63,62,22,461,3274,12.0,46.6,80.7,SIMULATOR
vit_256,cow_9,2026-09-10T18:00:00.000Z,38.34,66,32,474,3457,11.9,42.0,85.8,SIMULATOR
vit_257,cow_9,2026-09-11T18:00:00.000Z,38.52,64,22,469,3028,10.7,41.0,86.4,SIMULATOR
vit_258,cow_9,2026-09-12T18:00:00.000Z,38.37,73,22,501,3060,11.3,43.1,83.4,SIMULATOR
vit_259,cow_9,2026-09-13T18:00:00.000Z,38.49,67,32,504,3053,10.8,43.1,80.7,SIMULATOR
vit_260,cow_9,2026-09-14T18:00:00.000Z,38.50,67,31,460,3414,11.0,44.6,82.0,SIMULATOR
vit_261,cow_9,2026-09-15T18:00:00.000Z,38.55,65,24,452,3255,11.3,41.0,85.5,SIMULATOR
vit_262,cow_9,2026-09-16T18:00:00.000Z,38.36,75,26,466,2904,10.8,41.8,82.7,SIMULATOR
vit_263,cow_9,2026-09-17T18:00:00.000Z,38.47,64,27,459,3298,10.9,43.4,81.1,SIMULATOR
vit_264,cow_9,2026-09-18T18:00:00.000Z,38.50,65,30,496,3056,12.1,46.9,88.4,SIMULATOR
vit_265,cow_9,2026-09-19T18:00:00.000Z,38.54,62,22,500,3178,12.3,45.8,82.5,SIMULATOR
vit_266,cow_9,2026-09-20T18:00:00.000Z,38.45,67,31,496,3039,11.9,41.8,82.8,SIMULATOR
vit_267,cow_9,2026-09-21T18:00:00.000Z,38.51,70,23,510,3039,11.0,42.2,83.3,SIMULATOR
vit_268,cow_9,2026-09-22T18:00:00.000Z,38.36,65,22,495,3033,11.9,46.3,83.8,SIMULATOR
vit_269,cow_9,2026-09-23T18:00:00.000Z,38.45,74,30,488,3381,11.0,46.7,83.9,SIMULATOR
vit_270,cow_9,2026-09-24T18:00:00.000Z,38.53,76,28,495,3157,11.0,45.1,89.4,SIMULATOR
vit_271,cow_9,2026-09-25T18:00:00.000Z,38.43,69,27,499,2931,12.1,41.5,88.2,SIMULATOR
vit_272,cow_9,2026-09-26T18:00:00.000Z,38.32,74,25,462,2948,12.3,41.2,82.4,SIMULATOR
vit_273,cow_9,2026-09-27T18:00:00.000Z,38.58,75,28,491,3344,12.0,45.4,80.2,SIMULATOR
vit_274,cow_9,2026-09-28T18:00:00.000Z,38.60,68,24,462,3235,11.6,43.2,89.2,SIMULATOR
vit_275,cow_9,2026-09-29T18:00:00.000Z,38.34,72,29,510,3210,11.5,44.7,87.1,SIMULATOR
vit_276,cow_9,2026-09-30T18:00:00.000Z,38.62,62,26,459,2966,11.6,45.2,87.6,SIMULATOR
vit_277,cow_9,2026-10-01T18:00:00.000Z,38.35,63,27,502,2955,11.1,41.9,88.6,SIMULATOR
vit_278,cow_9,2026-10-02T18:00:00.000Z,38.31,67,24,479,3133,11.7,42.3,87.6,SIMULATOR
vit_279,cow_9,2026-10-03T18:00:00.000Z,38.60,71,22,470,2940,11.7,42.1,81.5,SIMULATOR
vit_280,cow_10,2026-09-03T18:00:00.000Z,38.62,74,26,502,2954,11.9,45.7,88.6,SIMULATOR
vit_281,cow_10,2026-09-04T18:00:00.000Z,38.41,72,27,494,3304,12.2,43.9,89.1,SIMULATOR
vit_282,cow_10,2026-09-05T18:00:00.000Z,38.48,63,31,470,3001,11.7,45.9,81.4,SIMULATOR
vit_283,cow_10,2026-09-06T18:00:00.000Z,38.58,78,24,472,3054,11.5,43.6,81.6,SIMULATOR
vit_284,cow_10,2026-09-07T18:00:00.000Z,38.55,76,32,482,3363,11.2,45.2,86.9,SIMULATOR
vit_285,cow_10,2026-09-08T18:00:00.000Z,38.48,75,23,463,3051,11.5,43.8,82.0,SIMULATOR
vit_286,cow_10,2026-09-09T18:00:00.000Z,38.47,74,26,482,2962,11.1,44.4,86.3,SIMULATOR
vit_287,cow_10,2026-09-10T18:00:00.000Z,38.60,69,24,463,3102,11.4,41.5,86.3,SIMULATOR
vit_288,cow_10,2026-09-11T18:00:00.000Z,38.52,69,29,491,3446,11.1,44.5,84.8,SIMULATOR
vit_289,cow_10,2026-09-12T18:00:00.000Z,38.57,69,28,486,3070,12.1,42.5,82.3,SIMULATOR
vit_290,cow_10,2026-09-13T18:00:00.000Z,38.76,78,24,507,3398,11.6,44.0,82.7,SIMULATOR
vit_291,cow_10,2026-09-14T18:00:00.000Z,38.63,64,22,482,3042,12.2,41.5,81.6,SIMULATOR
vit_292,cow_10,2026-09-15T18:00:00.000Z,38.41,75,26,471,3110,11.6,45.7,82.8,SIMULATOR
vit_293,cow_10,2026-09-16T18:00:00.000Z,38.48,71,27,510,3311,11.4,45.8,82.2,SIMULATOR
vit_294,cow_10,2026-09-17T18:00:00.000Z,38.73,68,25,451,3148,10.7,44.9,80.1,SIMULATOR
vit_295,cow_10,2026-09-18T18:00:00.000Z,38.78,77,27,453,3301,12.2,44.6,83.5,SIMULATOR
vit_296,cow_10,2026-09-19T18:00:00.000Z,38.59,65,22,505,3427,10.9,43.9,86.1,SIMULATOR
vit_297,cow_10,2026-09-20T18:00:00.000Z,38.80,66,31,467,3106,10.7,46.2,83.1,SIMULATOR
vit_298,cow_10,2026-09-21T18:00:00.000Z,38.43,75,29,451,3397,10.8,43.3,86.3,SIMULATOR
vit_299,cow_10,2026-09-22T18:00:00.000Z,38.56,67,29,480,2975,11.8,42.0,80.3,SIMULATOR
vit_300,cow_10,2026-09-23T18:00:00.000Z,38.55,63,29,465,3156,11.7,45.4,84.4,SIMULATOR
vit_301,cow_10,2026-09-24T18:00:00.000Z,38.46,75,27,484,2947,11.4,45.3,85.2,SIMULATOR
vit_302,cow_10,2026-09-25T18:00:00.000Z,38.61,63,26,455,3418,10.9,46.7,88.1,SIMULATOR
vit_303,cow_10,2026-09-26T18:00:00.000Z,38.68,77,24,471,3145,11.2,46.8,84.9,SIMULATOR
vit_304,cow_10,2026-09-27T18:00:00.000Z,38.48,68,32,498,3372,11.9,43.2,83.8,SIMULATOR
vit_305,cow_10,2026-09-28T18:00:00.000Z,38.74,63,25,483,2990,11.7,41.8,83.2,SIMULATOR
vit_306,cow_10,2026-09-29T18:00:00.000Z,38.66,73,31,494,3464,11.2,44.4,88.7,SIMULATOR
vit_307,cow_10,2026-09-30T18:00:00.000Z,38.60,77,31,472,3314,11.4,43.7,82.9,SIMULATOR
vit_308,cow_10,2026-10-01T18:00:00.000Z,38.46,62,28,504,3113,12.1,44.6,89.2,SIMULATOR
vit_309,cow_10,2026-10-02T18:00:00.000Z,38.63,68,29,504,3086,12.1,41.7,87.3,SIMULATOR
vit_310,cow_10,2026-10-03T18:00:00.000Z,38.49,65,29,489,3288,12.3,42.1,83.7,SIMULATOR
vit_311,cow_11,2026-09-03T18:00:00.000Z,38.71,63,28,476,2984,11.6,43.4,85.5,SIMULATOR
vit_312,cow_11,2026-09-04T18:00:00.000Z,38.90,73,25,455,3092,12.0,41.6,82.4,SIMULATOR
vit_313,cow_11,2026-09-05T18:00:00.000Z,38.76,70,32,453,3221,10.9,46.0,82.1,SIMULATOR
vit_314,cow_11,2026-09-06T18:00:00.000Z,38.69,76,24,463,2926,12.1,44.2,80.7,SIMULATOR
vit_315,cow_11,2026-09-07T18:00:00.000Z,38.53,78,27,499,3068,12.1,43.4,84.1,SIMULATOR
vit_316,cow_11,2026-09-08T18:00:00.000Z,38.86,65,22,496,3467,11.2,46.2,83.4,SIMULATOR
vit_317,cow_11,2026-09-09T18:00:00.000Z,38.73,76,26,489,3186,11.3,46.0,80.1,SIMULATOR
vit_318,cow_11,2026-09-10T18:00:00.000Z,38.79,62,23,457,3260,11.1,42.6,82.1,SIMULATOR
vit_319,cow_11,2026-09-11T18:00:00.000Z,38.51,72,25,462,3124,12.1,45.7,81.4,SIMULATOR
vit_320,cow_11,2026-09-12T18:00:00.000Z,38.76,67,25,489,3214,12.2,42.1,87.8,SIMULATOR
vit_321,cow_11,2026-09-13T18:00:00.000Z,38.68,69,32,493,3423,11.6,45.3,86.2,SIMULATOR
vit_322,cow_11,2026-09-14T18:00:00.000Z,38.77,72,24,480,2973,11.4,41.1,89.3,SIMULATOR
vit_323,cow_11,2026-09-15T18:00:00.000Z,38.53,65,30,470,3321,11.0,43.6,87.7,SIMULATOR
vit_324,cow_11,2026-09-16T18:00:00.000Z,38.64,70,31,510,3018,11.7,46.6,85.7,SIMULATOR
vit_325,cow_11,2026-09-17T18:00:00.000Z,38.84,72,22,493,2975,10.7,44.5,89.0,SIMULATOR
vit_326,cow_11,2026-09-18T18:00:00.000Z,38.84,71,28,489,3035,11.2,42.1,89.3,SIMULATOR
vit_327,cow_11,2026-09-19T18:00:00.000Z,38.55,69,28,460,3276,11.3,46.9,86.6,SIMULATOR
vit_328,cow_11,2026-09-20T18:00:00.000Z,38.72,67,28,479,3100,12.1,46.1,84.8,SIMULATOR
vit_329,cow_11,2026-09-21T18:00:00.000Z,38.69,71,24,457,2936,11.8,46.8,80.7,SIMULATOR
vit_330,cow_11,2026-09-22T18:00:00.000Z,38.69,73,31,463,3473,11.9,42.3,82.7,SIMULATOR
vit_331,cow_11,2026-09-23T18:00:00.000Z,38.82,71,30,471,3483,11.6,42.4,85.2,SIMULATOR
vit_332,cow_11,2026-09-24T18:00:00.000Z,38.53,69,29,510,2983,11.5,46.2,80.3,SIMULATOR
vit_333,cow_11,2026-09-25T18:00:00.000Z,38.89,68,27,474,3362,11.1,45.6,81.5,SIMULATOR
vit_334,cow_11,2026-09-26T18:00:00.000Z,38.78,73,29,484,2958,12.3,45.0,80.2,SIMULATOR
vit_335,cow_11,2026-09-27T18:00:00.000Z,38.68,77,29,459,3481,11.6,44.9,86.9,SIMULATOR
vit_336,cow_11,2026-09-28T18:00:00.000Z,38.76,73,31,467,2910,11.3,44.7,85.2,SIMULATOR
vit_337,cow_11,2026-09-29T18:00:00.000Z,38.83,76,26,510,2969,12.0,47.0,85.5,SIMULATOR
vit_338,cow_11,2026-09-30T18:00:00.000Z,38.71,66,22,464,3423,11.5,43.1,83.0,SIMULATOR
vit_339,cow_11,2026-10-01T18:00:00.000Z,38.78,70,32,470,3063,11.1,46.4,80.5,SIMULATOR
vit_340,cow_11,2026-10-02T18:00:00.000Z,38.61,70,30,467,3460,11.2,43.2,83.7,SIMULATOR
vit_341,cow_11,2026-10-03T18:00:00.000Z,38.72,77,24,461,3387,10.9,42.0,81.1,SIMULATOR
vit_342,cow_12,2026-09-03T18:00:00.000Z,38.38,75,23,474,2927,12.0,45.1,80.5,SIMULATOR
vit_343,cow_12,2026-09-04T18:00:00.000Z,38.38,67,29,471,2970,11.0,42.7,86.0,SIMULATOR
vit_344,cow_12,2026-09-05T18:00:00.000Z,38.37,72,32,493,3328,11.5,43.7,82.1,SIMULATOR
vit_345,cow_12,2026-09-06T18:00:00.000Z,38.52,75,29,480,3259,11.8,43.5,88.5,SIMULATOR
vit_346,cow_12,2026-09-07T18:00:00.000Z,38.67,72,31,468,3432,11.7,46.2,80.6,SIMULATOR
vit_347,cow_12,2026-09-08T18:00:00.000Z,38.41,68,28,496,3079,11.7,43.9,80.2,SIMULATOR
vit_348,cow_12,2026-09-09T18:00:00.000Z,38.42,63,26,463,3209,10.9,41.0,83.6,SIMULATOR
vit_349,cow_12,2026-09-10T18:00:00.000Z,38.41,68,23,492,3436,11.2,45.1,87.0,SIMULATOR
vit_350,cow_12,2026-09-11T18:00:00.000Z,38.55,74,28,492,3380,11.3,43.3,82.9,SIMULATOR
vit_351,cow_12,2026-09-12T18:00:00.000Z,38.54,68,26,502,3005,10.7,45.3,88.1,SIMULATOR
vit_352,cow_12,2026-09-13T18:00:00.000Z,38.37,75,24,486,3459,12.2,43.6,86.6,SIMULATOR
vit_353,cow_12,2026-09-14T18:00:00.000Z,38.57,71,29,464,3185,11.6,44.3,89.4,SIMULATOR
vit_354,cow_12,2026-09-15T18:00:00.000Z,38.33,76,30,474,3239,11.5,42.1,81.8,SIMULATOR
vit_355,cow_12,2026-09-16T18:00:00.000Z,38.32,77,28,451,3161,12.1,43.1,88.5,SIMULATOR
vit_356,cow_12,2026-09-17T18:00:00.000Z,38.54,78,28,460,3326,11.7,45.3,86.7,SIMULATOR
vit_357,cow_12,2026-09-18T18:00:00.000Z,38.62,67,23,502,3475,12.3,42.5,84.3,SIMULATOR
vit_358,cow_12,2026-09-19T18:00:00.000Z,38.63,64,29,462,2972,11.3,43.1,80.7,SIMULATOR
vit_359,cow_12,2026-09-20T18:00:00.000Z,38.32,73,22,479,3449,11.0,42.0,87.8,SIMULATOR
vit_360,cow_12,2026-09-21T18:00:00.000Z,38.47,74,30,504,3140,11.7,46.0,80.1,SIMULATOR
vit_361,cow_12,2026-09-22T18:00:00.000Z,38.40,72,23,503,2938,11.7,44.3,86.5,SIMULATOR
vit_362,cow_12,2026-09-23T18:00:00.000Z,38.48,68,29,472,3394,11.6,43.2,81.2,SIMULATOR
vit_363,cow_12,2026-09-24T18:00:00.000Z,38.68,68,27,468,2967,11.4,43.0,84.8,SIMULATOR
vit_364,cow_12,2026-09-25T18:00:00.000Z,38.53,69,30,490,3048,11.1,41.6,81.8,SIMULATOR
vit_365,cow_12,2026-09-26T18:00:00.000Z,38.44,63,28,482,3307,10.9,46.2,80.4,SIMULATOR
vit_366,cow_12,2026-09-27T18:00:00.000Z,38.51,75,31,505,3350,12.2,46.0,85.4,SIMULATOR
vit_367,cow_12,2026-09-28T18:00:00.000Z,38.45,63,28,453,3112,12.0,43.8,85.3,SIMULATOR
vit_368,cow_12,2026-09-29T18:00:00.000Z,38.49,71,25,498,3383,11.6,46.0,87.6,SIMULATOR
vit_369,cow_12,2026-09-30T18:00:00.000Z,38.33,65,24,480,3259,11.6,44.7,83.9,SIMULATOR
vit_370,cow_12,2026-10-01T18:00:00.000Z,38.65,62,27,458,3320,11.4,45.5,82.2,SIMULATOR
vit_371,cow_12,2026-10-02T18:00:00.000Z,38.49,73,26,477,3116,11.7,44.6,88.5,SIMULATOR
vit_372,cow_12,2026-10-03T18:00:00.000Z,38.35,72,27,492,3035,11.2,46.7,84.4,SIMULATOR
vit_373,cow_13,2026-09-03T18:00:00.000Z,38.73,74,24,452,3335,11.6,42.8,81.4,SIMULATOR
vit_374,cow_13,2026-09-04T18:00:00.000Z,38.49,71,26,500,3418,12.0,45.7,89.5,SIMULATOR
vit_375,cow_13,2026-09-05T18:00:00.000Z,38.69,76,22,502,3278,11.9,41.6,82.5,SIMULATOR
vit_376,cow_13,2026-09-06T18:00:00.000Z,38.53,72,26,450,2961,11.4,45.9,89.6,SIMULATOR
vit_377,cow_13,2026-09-07T18:00:00.000Z,38.74,75,30,498,3323,11.6,42.7,88.0,SIMULATOR
vit_378,cow_13,2026-09-08T18:00:00.000Z,38.61,64,32,476,3466,11.7,42.3,89.8,SIMULATOR
vit_379,cow_13,2026-09-09T18:00:00.000Z,38.55,72,29,491,2976,11.8,44.8,81.6,SIMULATOR
vit_380,cow_13,2026-09-10T18:00:00.000Z,38.46,65,26,482,2906,11.4,44.9,86.8,SIMULATOR
vit_381,cow_13,2026-09-11T18:00:00.000Z,38.57,71,29,468,2951,11.0,46.0,82.7,SIMULATOR
vit_382,cow_13,2026-09-12T18:00:00.000Z,38.69,72,26,507,3361,11.2,43.8,87.9,SIMULATOR
vit_383,cow_13,2026-09-13T18:00:00.000Z,38.57,74,25,505,3319,11.4,44.7,80.2,SIMULATOR
vit_384,cow_13,2026-09-14T18:00:00.000Z,38.59,70,24,491,3291,10.7,41.1,89.2,SIMULATOR
vit_385,cow_13,2026-09-15T18:00:00.000Z,38.43,76,31,488,3187,11.7,43.7,80.5,SIMULATOR
vit_386,cow_13,2026-09-16T18:00:00.000Z,38.70,67,28,499,3438,12.1,42.6,81.2,SIMULATOR
vit_387,cow_13,2026-09-17T18:00:00.000Z,38.62,65,22,464,3456,11.6,44.1,80.0,SIMULATOR
vit_388,cow_13,2026-09-18T18:00:00.000Z,38.78,63,31,471,3254,10.7,41.8,82.0,SIMULATOR
vit_389,cow_13,2026-09-19T18:00:00.000Z,38.64,62,22,480,3130,11.4,43.5,82.7,SIMULATOR
vit_390,cow_13,2026-09-20T18:00:00.000Z,38.42,70,23,498,3238,12.0,46.6,85.5,SIMULATOR
vit_391,cow_13,2026-09-21T18:00:00.000Z,38.40,74,27,504,3378,10.9,41.8,86.1,SIMULATOR
vit_392,cow_13,2026-09-22T18:00:00.000Z,38.46,74,23,489,2933,12.2,46.3,88.7,SIMULATOR
vit_393,cow_13,2026-09-23T18:00:00.000Z,38.79,73,28,484,3460,11.5,45.0,86.3,SIMULATOR
vit_394,cow_13,2026-09-24T18:00:00.000Z,38.55,63,24,501,3470,11.2,45.3,84.6,SIMULATOR
vit_395,cow_13,2026-09-25T18:00:00.000Z,38.65,65,32,470,3199,11.4,46.9,82.4,SIMULATOR
vit_396,cow_13,2026-09-26T18:00:00.000Z,38.65,76,26,488,3114,11.8,44.2,85.4,SIMULATOR
vit_397,cow_13,2026-09-27T18:00:00.000Z,38.74,65,28,452,2984,11.0,45.4,86.1,SIMULATOR
vit_398,cow_13,2026-09-28T18:00:00.000Z,38.61,62,24,492,3251,11.0,41.4,85.2,SIMULATOR
vit_399,cow_13,2026-09-29T18:00:00.000Z,38.58,65,28,510,3446,11.7,45.1,86.4,SIMULATOR
vit_400,cow_13,2026-09-30T18:00:00.000Z,38.49,67,26,451,3281,11.9,43.8,83.3,SIMULATOR
vit_401,cow_13,2026-10-01T18:00:00.000Z,38.55,75,28,473,2990,11.7,43.4,81.8,SIMULATOR
vit_402,cow_13,2026-10-02T18:00:00.000Z,38.76,64,27,508,3398,11.9,46.6,88.6,SIMULATOR
vit_403,cow_13,2026-10-03T18:00:00.000Z,38.74,78,31,500,3003,11.2,43.0,89.0,SIMULATOR
vit_404,cow_14,2026-09-03T18:00:00.000Z,38.70,71,32,470,3076,12.3,44.6,84.6,SIMULATOR
vit_405,cow_14,2026-09-04T18:00:00.000Z,38.82,66,31,497,3308,11.1,41.6,85.7,SIMULATOR
vit_406,cow_14,2026-09-05T18:00:00.000Z,38.72,70,28,472,3308,12.0,41.6,84.8,SIMULATOR
vit_407,cow_14,2026-09-06T18:00:00.000Z,38.84,71,25,473,3465,10.9,41.8,89.8,SIMULATOR
vit_408,cow_14,2026-09-07T18:00:00.000Z,38.59,70,25,499,3498,11.3,45.1,84.3,SIMULATOR
vit_409,cow_14,2026-09-08T18:00:00.000Z,38.63,77,30,507,3388,12.2,41.1,83.1,SIMULATOR
vit_410,cow_14,2026-09-09T18:00:00.000Z,38.59,74,29,477,3236,12.3,43.3,80.9,SIMULATOR
vit_411,cow_14,2026-09-10T18:00:00.000Z,38.68,74,23,509,3416,10.9,41.1,81.8,SIMULATOR
vit_412,cow_14,2026-09-11T18:00:00.000Z,38.57,69,22,477,3218,12.2,42.1,85.1,SIMULATOR
vit_413,cow_14,2026-09-12T18:00:00.000Z,38.76,62,27,499,3369,12.2,46.9,81.0,SIMULATOR
vit_414,cow_14,2026-09-13T18:00:00.000Z,38.87,73,22,463,3321,12.2,44.9,89.0,SIMULATOR
vit_415,cow_14,2026-09-14T18:00:00.000Z,38.79,77,22,488,3353,11.9,44.9,87.6,SIMULATOR
vit_416,cow_14,2026-09-15T18:00:00.000Z,38.57,71,32,453,2994,11.9,42.0,89.5,SIMULATOR
vit_417,cow_14,2026-09-16T18:00:00.000Z,38.73,64,28,482,3001,12.1,41.2,89.9,SIMULATOR
vit_418,cow_14,2026-09-17T18:00:00.000Z,38.59,74,28,453,2930,11.8,45.0,80.8,SIMULATOR
vit_419,cow_14,2026-09-18T18:00:00.000Z,38.64,77,31,507,2947,11.6,46.1,81.5,SIMULATOR
vit_420,cow_14,2026-09-19T18:00:00.000Z,38.55,68,25,462,2968,11.4,41.3,88.2,SIMULATOR
vit_421,cow_14,2026-09-20T18:00:00.000Z,38.69,69,31,458,3127,11.1,42.0,83.0,SIMULATOR
vit_422,cow_14,2026-09-21T18:00:00.000Z,38.86,68,22,453,3045,11.7,46.6,84.9,SIMULATOR
vit_423,cow_14,2026-09-22T18:00:00.000Z,38.72,71,30,485,3195,11.3,43.3,84.0,SIMULATOR
vit_424,cow_14,2026-09-23T18:00:00.000Z,38.66,65,29,455,3380,11.4,46.7,84.3,SIMULATOR
vit_425,cow_14,2026-09-24T18:00:00.000Z,38.68,67,24,479,3324,11.8,45.3,88.8,SIMULATOR
vit_426,cow_14,2026-09-25T18:00:00.000Z,38.84,70,26,476,3169,11.3,44.2,87.7,SIMULATOR
vit_427,cow_14,2026-09-26T18:00:00.000Z,38.69,77,30,470,3085,12.0,46.3,86.1,SIMULATOR
vit_428,cow_14,2026-09-27T18:00:00.000Z,38.81,78,23,467,3331,12.2,44.3,85.7,SIMULATOR
vit_429,cow_14,2026-09-28T18:00:00.000Z,38.75,62,32,455,3216,11.4,46.1,85.8,SIMULATOR
vit_430,cow_14,2026-09-29T18:00:00.000Z,38.60,77,29,470,3410,12.0,42.3,81.7,SIMULATOR
vit_431,cow_14,2026-09-30T18:00:00.000Z,38.78,78,22,452,3403,11.5,45.2,85.9,SIMULATOR
vit_432,cow_14,2026-10-01T18:00:00.000Z,38.56,75,23,473,2921,11.1,45.8,82.0,SIMULATOR
vit_433,cow_14,2026-10-02T18:00:00.000Z,38.82,67,23,454,3365,11.3,42.2,88.7,SIMULATOR
vit_434,cow_14,2026-10-03T18:00:00.000Z,38.56,69,25,464,3243,10.9,44.7,87.2,SIMULATOR
vit_435,cow_15,2026-09-03T18:00:00.000Z,38.42,66,27,494,3318,11.5,41.2,87.7,SIMULATOR
vit_436,cow_15,2026-09-04T18:00:00.000Z,38.60,70,27,497,3114,11.0,42.4,82.8,SIMULATOR
vit_437,cow_15,2026-09-05T18:00:00.000Z,38.68,62,24,510,3071,12.3,45.9,81.5,SIMULATOR
vit_438,cow_15,2026-09-06T18:00:00.000Z,38.33,68,22,509,3168,11.3,46.0,84.1,SIMULATOR
vit_439,cow_15,2026-09-07T18:00:00.000Z,38.39,65,30,462,3429,11.1,41.8,88.4,SIMULATOR
vit_440,cow_15,2026-09-08T18:00:00.000Z,38.31,64,27,492,3435,12.1,42.9,89.4,SIMULATOR
vit_441,cow_15,2026-09-09T18:00:00.000Z,38.51,73,23,503,3008,11.1,45.8,81.7,SIMULATOR
vit_442,cow_15,2026-09-10T18:00:00.000Z,38.42,62,25,498,2939,11.9,44.2,80.3,SIMULATOR
vit_443,cow_15,2026-09-11T18:00:00.000Z,38.48,76,31,491,3468,11.3,41.2,89.5,SIMULATOR
vit_444,cow_15,2026-09-12T18:00:00.000Z,38.52,70,29,492,3223,11.1,45.3,81.8,SIMULATOR
vit_445,cow_15,2026-09-13T18:00:00.000Z,38.64,63,25,486,3342,12.1,44.8,82.1,SIMULATOR
vit_446,cow_15,2026-09-14T18:00:00.000Z,38.62,78,26,487,3253,11.4,45.4,83.6,SIMULATOR
vit_447,cow_15,2026-09-15T18:00:00.000Z,38.52,71,24,458,3132,11.6,43.5,87.7,SIMULATOR
vit_448,cow_15,2026-09-16T18:00:00.000Z,38.33,66,26,472,2980,10.9,45.5,82.1,SIMULATOR
vit_449,cow_15,2026-09-17T18:00:00.000Z,38.63,77,32,486,3355,12.0,41.6,83.8,SIMULATOR
vit_450,cow_15,2026-09-18T18:00:00.000Z,38.33,66,25,504,2931,11.2,41.6,88.9,SIMULATOR
vit_451,cow_15,2026-09-19T18:00:00.000Z,38.57,69,29,472,3385,10.8,43.1,80.0,SIMULATOR
vit_452,cow_15,2026-09-20T18:00:00.000Z,38.44,65,28,472,3334,11.6,42.6,80.6,SIMULATOR
vit_453,cow_15,2026-09-21T18:00:00.000Z,38.56,67,28,495,2925,11.4,42.8,83.8,SIMULATOR
vit_454,cow_15,2026-09-22T18:00:00.000Z,38.35,68,30,462,2978,12.1,43.1,83.4,SIMULATOR
vit_455,cow_15,2026-09-23T18:00:00.000Z,38.52,66,28,510,3403,11.4,45.2,80.1,SIMULATOR
vit_456,cow_15,2026-09-24T18:00:00.000Z,38.66,77,24,505,2932,12.1,46.0,88.6,SIMULATOR
vit_457,cow_15,2026-09-25T18:00:00.000Z,38.52,66,24,456,3120,11.2,43.0,88.8,SIMULATOR
vit_458,cow_15,2026-09-26T18:00:00.000Z,38.70,76,25,462,2962,11.6,44.5,80.7,SIMULATOR
vit_459,cow_15,2026-09-27T18:00:00.000Z,38.68,71,27,488,3142,11.3,41.6,84.7,SIMULATOR
vit_460,cow_15,2026-09-28T18:00:00.000Z,38.58,71,23,470,3329,11.9,45.5,86.2,SIMULATOR
vit_461,cow_15,2026-09-29T18:00:00.000Z,38.57,62,22,467,3470,11.6,44.9,82.0,SIMULATOR
vit_462,cow_15,2026-09-30T18:00:00.000Z,38.60,73,30,457,2988,11.4,43.2,89.0,SIMULATOR
vit_463,cow_15,2026-10-01T18:00:00.000Z,38.62,71,23,496,3406,11.3,43.8,84.5,SIMULATOR
vit_464,cow_15,2026-10-02T18:00:00.000Z,38.51,72,25,493,3389,11.7,46.0,81.4,SIMULATOR
vit_465,cow_15,2026-10-03T18:00:00.000Z,38.40,76,30,474,3094,11.5,45.7,82.2,SIMULATOR
vit_466,cow_16,2026-09-03T18:00:00.000Z,38.64,75,27,468,3201,12.2,45.1,85.6,SIMULATOR
vit_467,cow_16,2026-09-04T18:00:00.000Z,38.51,73,30,504,3323,11.6,44.6,85.9,SIMULATOR
vit_468,cow_16,2026-09-05T18:00:00.000Z,38.79,69,22,463,3294,12.3,41.0,83.3,SIMULATOR
vit_469,cow_16,2026-09-06T18:00:00.000Z,38.59,68,31,491,2998,10.9,42.9,86.5,SIMULATOR
vit_470,cow_16,2026-09-07T18:00:00.000Z,38.64,74,31,489,3189,12.0,44.5,89.2,SIMULATOR
vit_471,cow_16,2026-09-08T18:00:00.000Z,38.62,68,26,499,3350,12.3,41.6,86.7,SIMULATOR
vit_472,cow_16,2026-09-09T18:00:00.000Z,38.74,71,24,469,2935,12.2,46.6,84.5,SIMULATOR
vit_473,cow_16,2026-09-10T18:00:00.000Z,38.73,64,31,504,3037,12.2,46.8,87.6,SIMULATOR
vit_474,cow_16,2026-09-11T18:00:00.000Z,38.80,72,32,474,2909,11.8,44.8,82.8,SIMULATOR
vit_475,cow_16,2026-09-12T18:00:00.000Z,38.53,64,23,505,3359,11.9,44.8,83.0,SIMULATOR
vit_476,cow_16,2026-09-13T18:00:00.000Z,38.69,64,32,505,3314,11.9,43.9,87.6,SIMULATOR
vit_477,cow_16,2026-09-14T18:00:00.000Z,38.75,76,30,508,3140,12.2,44.4,86.4,SIMULATOR
vit_478,cow_16,2026-09-15T18:00:00.000Z,38.74,64,28,492,3306,11.8,42.7,88.9,SIMULATOR
vit_479,cow_16,2026-09-16T18:00:00.000Z,38.43,74,28,509,3493,10.9,46.4,85.8,SIMULATOR
vit_480,cow_16,2026-09-17T18:00:00.000Z,38.72,63,31,501,2904,10.7,44.7,82.1,SIMULATOR
vit_481,cow_16,2026-09-18T18:00:00.000Z,38.42,71,22,457,3495,12.1,42.1,86.8,SIMULATOR
vit_482,cow_16,2026-09-19T18:00:00.000Z,38.73,68,31,452,3258,12.1,46.0,88.4,SIMULATOR
vit_483,cow_16,2026-09-20T18:00:00.000Z,38.52,62,32,472,3388,10.8,43.4,89.8,SIMULATOR
vit_484,cow_16,2026-09-21T18:00:00.000Z,38.55,63,32,506,3063,10.7,42.5,84.9,SIMULATOR
vit_485,cow_16,2026-09-22T18:00:00.000Z,38.68,72,22,497,3210,10.9,46.9,86.9,SIMULATOR
vit_486,cow_16,2026-09-23T18:00:00.000Z,38.52,69,30,473,3107,10.8,43.3,88.8,SIMULATOR
vit_487,cow_16,2026-09-24T18:00:00.000Z,38.65,69,26,503,3347,11.7,45.1,88.2,SIMULATOR
vit_488,cow_16,2026-09-25T18:00:00.000Z,38.44,65,25,477,3358,11.4,45.6,83.3,SIMULATOR
vit_489,cow_16,2026-09-26T18:00:00.000Z,38.41,67,32,463,3370,11.8,42.1,86.5,SIMULATOR
vit_490,cow_16,2026-09-27T18:00:00.000Z,38.58,62,27,486,3432,12.2,43.2,84.7,SIMULATOR
vit_491,cow_16,2026-09-28T18:00:00.000Z,38.74,73,25,469,2939,12.0,46.5,88.0,SIMULATOR
vit_492,cow_16,2026-09-29T18:00:00.000Z,38.49,78,31,475,3481,11.5,43.5,81.9,SIMULATOR
vit_493,cow_16,2026-09-30T18:00:00.000Z,38.72,76,27,507,3165,11.3,43.8,83.8,SIMULATOR
vit_494,cow_16,2026-10-01T18:00:00.000Z,38.63,65,26,504,3208,11.0,44.0,83.6,SIMULATOR
vit_495,cow_16,2026-10-02T18:00:00.000Z,38.77,63,30,471,3143,11.5,42.1,88.8,SIMULATOR
vit_496,cow_16,2026-10-03T18:00:00.000Z,38.78,71,25,484,3438,11.7,44.7,85.5,SIMULATOR
vit_497,cow_17,2026-09-03T18:00:00.000Z,38.76,73,26,482,2901,10.8,44.8,86.9,SIMULATOR
vit_498,cow_17,2026-09-04T18:00:00.000Z,38.82,70,26,465,3378,11.1,42.3,84.5,SIMULATOR
vit_499,cow_17,2026-09-05T18:00:00.000Z,38.86,67,28,464,3198,11.1,41.1,85.2,SIMULATOR
vit_500,cow_17,2026-09-06T18:00:00.000Z,38.79,67,32,480,3105,11.4,44.5,88.9,SIMULATOR
vit_501,cow_17,2026-09-07T18:00:00.000Z,38.78,70,23,474,3387,10.8,46.0,81.2,SIMULATOR
vit_502,cow_17,2026-09-08T18:00:00.000Z,38.60,71,22,480,2947,12.0,45.5,84.6,SIMULATOR
vit_503,cow_17,2026-09-09T18:00:00.000Z,38.82,72,22,477,2949,11.4,41.2,83.8,SIMULATOR
vit_504,cow_17,2026-09-10T18:00:00.000Z,38.89,63,29,496,3078,12.0,43.5,85.9,SIMULATOR
vit_505,cow_17,2026-09-11T18:00:00.000Z,38.61,65,26,474,3265,11.0,43.6,82.8,SIMULATOR
vit_506,cow_17,2026-09-12T18:00:00.000Z,38.86,68,28,464,3233,10.7,43.0,89.0,SIMULATOR
vit_507,cow_17,2026-09-13T18:00:00.000Z,38.54,64,29,474,3332,11.5,46.4,84.4,SIMULATOR
vit_508,cow_17,2026-09-14T18:00:00.000Z,38.64,67,22,477,2964,12.0,44.3,86.0,SIMULATOR
vit_509,cow_17,2026-09-15T18:00:00.000Z,38.62,73,26,476,3163,12.1,44.7,83.7,SIMULATOR
vit_510,cow_17,2026-09-16T18:00:00.000Z,38.82,66,27,458,3397,12.1,42.3,80.5,SIMULATOR
vit_511,cow_17,2026-09-17T18:00:00.000Z,38.56,68,23,503,3248,11.3,44.9,86.5,SIMULATOR
vit_512,cow_17,2026-09-18T18:00:00.000Z,38.83,75,22,462,3433,11.5,46.0,82.0,SIMULATOR
vit_513,cow_17,2026-09-19T18:00:00.000Z,38.88,65,30,497,3358,10.9,44.7,86.3,SIMULATOR
vit_514,cow_17,2026-09-20T18:00:00.000Z,38.53,72,22,509,3227,12.1,42.6,86.8,SIMULATOR
vit_515,cow_17,2026-09-21T18:00:00.000Z,38.71,76,31,501,3417,11.1,44.9,84.3,SIMULATOR
vit_516,cow_17,2026-09-22T18:00:00.000Z,38.58,72,22,462,2900,11.1,44.3,80.9,SIMULATOR
vit_517,cow_17,2026-09-23T18:00:00.000Z,38.77,76,24,506,2952,11.9,44.2,84.1,SIMULATOR
vit_518,cow_17,2026-09-24T18:00:00.000Z,38.80,69,29,499,3091,11.4,44.5,89.6,SIMULATOR
vit_519,cow_17,2026-09-25T18:00:00.000Z,38.73,65,31,490,3291,12.1,45.4,80.7,SIMULATOR
vit_520,cow_17,2026-09-26T18:00:00.000Z,38.75,75,32,497,3320,11.5,45.3,88.3,SIMULATOR
vit_521,cow_17,2026-09-27T18:00:00.000Z,38.67,64,27,502,3155,11.5,42.1,81.9,SIMULATOR
vit_522,cow_17,2026-09-28T18:00:00.000Z,38.78,72,28,499,3076,11.7,46.1,89.3,SIMULATOR
vit_523,cow_17,2026-09-29T18:00:00.000Z,38.77,75,27,476,3274,10.8,43.7,80.4,SIMULATOR
vit_524,cow_17,2026-09-30T18:00:00.000Z,38.54,64,25,474,3041,12.0,44.4,85.0,SIMULATOR
vit_525,cow_17,2026-10-01T18:00:00.000Z,38.90,63,24,506,3196,11.1,45.2,86.4,SIMULATOR
vit_526,cow_17,2026-10-02T18:00:00.000Z,38.84,77,31,493,2980,11.5,41.5,88.1,SIMULATOR
vit_527,cow_17,2026-10-03T18:00:00.000Z,38.78,77,29,462,3287,12.1,44.9,81.5,SIMULATOR
vit_528,cow_18,2026-09-03T18:00:00.000Z,38.40,70,27,508,3326,12.3,46.8,89.0,SIMULATOR
vit_529,cow_18,2026-09-04T18:00:00.000Z,38.52,69,31,474,3159,11.0,42.2,81.9,SIMULATOR
vit_530,cow_18,2026-09-05T18:00:00.000Z,38.31,70,30,509,3118,12.3,41.5,88.6,SIMULATOR
vit_531,cow_18,2026-09-06T18:00:00.000Z,38.67,72,25,479,3221,11.4,41.0,83.0,SIMULATOR
vit_532,cow_18,2026-09-07T18:00:00.000Z,38.68,75,27,453,3459,12.3,42.7,86.9,SIMULATOR
vit_533,cow_18,2026-09-08T18:00:00.000Z,38.51,63,26,469,3320,12.1,45.1,80.6,SIMULATOR
vit_534,cow_18,2026-09-09T18:00:00.000Z,38.51,68,32,477,3277,11.2,46.8,81.9,SIMULATOR
vit_535,cow_18,2026-09-10T18:00:00.000Z,38.55,75,30,495,3500,11.1,42.6,86.2,SIMULATOR
vit_536,cow_18,2026-09-11T18:00:00.000Z,38.50,66,23,489,3292,11.7,43.7,88.5,SIMULATOR
vit_537,cow_18,2026-09-12T18:00:00.000Z,38.35,73,22,475,3347,12.0,43.9,84.8,SIMULATOR
vit_538,cow_18,2026-09-13T18:00:00.000Z,38.41,76,29,508,2903,11.7,45.7,85.2,SIMULATOR
vit_539,cow_18,2026-09-14T18:00:00.000Z,38.39,62,28,452,2942,11.7,43.6,84.1,SIMULATOR
vit_540,cow_18,2026-09-15T18:00:00.000Z,38.44,73,30,497,3337,10.9,42.5,88.6,SIMULATOR
vit_541,cow_18,2026-09-16T18:00:00.000Z,38.33,73,24,453,3412,12.0,45.2,86.3,SIMULATOR
vit_542,cow_18,2026-09-17T18:00:00.000Z,38.54,66,27,479,3025,10.8,42.6,80.9,SIMULATOR
vit_543,cow_18,2026-09-18T18:00:00.000Z,38.52,73,25,505,3331,11.6,42.7,80.5,SIMULATOR
vit_544,cow_18,2026-09-19T18:00:00.000Z,38.43,65,24,485,3461,11.2,45.6,86.2,SIMULATOR
vit_545,cow_18,2026-09-20T18:00:00.000Z,38.53,73,25,463,3294,11.6,41.8,82.6,SIMULATOR
vit_546,cow_18,2026-09-21T18:00:00.000Z,38.53,71,24,463,2962,11.7,44.7,83.3,SIMULATOR
vit_547,cow_18,2026-09-22T18:00:00.000Z,38.47,64,22,490,2934,11.8,44.5,89.3,SIMULATOR
vit_548,cow_18,2026-09-23T18:00:00.000Z,38.53,68,28,497,3335,11.1,44.5,90.0,SIMULATOR
vit_549,cow_18,2026-09-24T18:00:00.000Z,38.36,65,31,456,3223,11.5,45.9,86.3,SIMULATOR
vit_550,cow_18,2026-09-25T18:00:00.000Z,38.53,69,24,460,3074,11.5,45.1,80.8,SIMULATOR
vit_551,cow_18,2026-09-26T18:00:00.000Z,38.52,64,26,492,3449,11.9,43.4,89.1,SIMULATOR
vit_552,cow_18,2026-09-27T18:00:00.000Z,38.68,74,26,474,2906,11.1,45.8,89.2,SIMULATOR
vit_553,cow_18,2026-09-28T18:00:00.000Z,38.52,70,27,455,3322,11.3,42.3,80.5,SIMULATOR
vit_554,cow_18,2026-09-29T18:00:00.000Z,38.51,72,23,460,3486,11.2,44.5,89.8,SIMULATOR
vit_555,cow_18,2026-09-30T18:00:00.000Z,38.39,72,24,500,3176,11.8,44.7,83.4,SIMULATOR
vit_556,cow_18,2026-10-01T18:00:00.000Z,38.68,66,27,464,3306,11.4,44.1,84.0,SIMULATOR
vit_557,cow_18,2026-10-02T18:00:00.000Z,38.62,64,25,501,2911,11.5,43.8,80.9,SIMULATOR
vit_558,cow_18,2026-10-03T18:00:00.000Z,38.63,63,31,501,3054,11.4,42.4,88.8,SIMULATOR
vit_559,cow_19,2026-09-03T18:00:00.000Z,38.62,73,31,450,3299,11.1,44.9,86.7,SIMULATOR
vit_560,cow_19,2026-09-04T18:00:00.000Z,38.64,63,29,507,3424,11.2,46.6,86.1,SIMULATOR
vit_561,cow_19,2026-09-05T18:00:00.000Z,38.73,74,23,500,3340,11.9,44.8,85.0,SIMULATOR
vit_562,cow_19,2026-09-06T18:00:00.000Z,38.70,76,28,491,3444,12.1,44.7,88.6,SIMULATOR
vit_563,cow_19,2026-09-07T18:00:00.000Z,38.42,76,29,463,2946,11.3,41.2,82.2,SIMULATOR
vit_564,cow_19,2026-09-08T18:00:00.000Z,38.60,74,28,458,3045,11.8,46.8,81.2,SIMULATOR
vit_565,cow_19,2026-09-09T18:00:00.000Z,38.77,71,29,510,2916,11.0,45.4,89.3,SIMULATOR
vit_566,cow_19,2026-09-10T18:00:00.000Z,38.57,78,28,480,3329,10.8,43.9,81.4,SIMULATOR
vit_567,cow_19,2026-09-11T18:00:00.000Z,38.70,76,24,468,3027,12.3,42.7,83.4,SIMULATOR
vit_568,cow_19,2026-09-12T18:00:00.000Z,38.69,71,31,477,2941,11.5,44.3,89.6,SIMULATOR
vit_569,cow_19,2026-09-13T18:00:00.000Z,38.77,63,22,458,3420,11.8,46.3,87.8,SIMULATOR
vit_570,cow_19,2026-09-14T18:00:00.000Z,38.48,65,27,503,3150,11.4,46.5,83.8,SIMULATOR
vit_571,cow_19,2026-09-15T18:00:00.000Z,38.51,75,30,493,3403,10.7,44.4,83.0,SIMULATOR
vit_572,cow_19,2026-09-16T18:00:00.000Z,38.78,69,30,466,3149,11.5,46.8,85.4,SIMULATOR
vit_573,cow_19,2026-09-17T18:00:00.000Z,38.75,74,32,479,3112,10.8,45.8,85.7,SIMULATOR
vit_574,cow_19,2026-09-18T18:00:00.000Z,38.71,62,27,451,2923,11.0,43.8,87.4,SIMULATOR
vit_575,cow_19,2026-09-19T18:00:00.000Z,38.79,77,29,500,3421,11.7,41.6,86.4,SIMULATOR
vit_576,cow_19,2026-09-20T18:00:00.000Z,38.70,70,26,475,3125,11.6,41.8,89.8,SIMULATOR
vit_577,cow_19,2026-09-21T18:00:00.000Z,38.50,66,25,494,3047,11.3,44.4,83.8,SIMULATOR
vit_578,cow_19,2026-09-22T18:00:00.000Z,38.71,73,25,507,3335,11.7,46.5,88.5,SIMULATOR
vit_579,cow_19,2026-09-23T18:00:00.000Z,38.57,66,28,498,2931,10.8,46.2,80.8,SIMULATOR
vit_580,cow_19,2026-09-24T18:00:00.000Z,38.51,66,27,500,3284,10.8,46.4,87.6,SIMULATOR
vit_581,cow_19,2026-09-25T18:00:00.000Z,38.59,70,25,480,3316,11.5,44.1,88.6,SIMULATOR
vit_582,cow_19,2026-09-26T18:00:00.000Z,38.74,78,29,485,3230,12.2,43.4,83.6,SIMULATOR
vit_583,cow_19,2026-09-27T18:00:00.000Z,38.55,70,23,490,3057,12.2,43.2,86.7,SIMULATOR
vit_584,cow_19,2026-09-28T18:00:00.000Z,38.80,67,26,476,3474,12.0,42.3,80.3,SIMULATOR
vit_585,cow_19,2026-09-29T18:00:00.000Z,38.48,75,27,477,3394,11.0,43.4,88.5,SIMULATOR
vit_586,cow_19,2026-09-30T18:00:00.000Z,38.43,65,31,505,2912,11.7,43.6,85.8,SIMULATOR
vit_587,cow_19,2026-10-01T18:00:00.000Z,38.79,65,23,494,3151,10.8,41.4,85.3,SIMULATOR
vit_588,cow_19,2026-10-02T18:00:00.000Z,38.58,68,29,502,2951,12.1,42.4,88.1,SIMULATOR
vit_589,cow_19,2026-10-03T18:00:00.000Z,38.47,70,30,510,2933,10.9,42.7,86.8,SIMULATOR
vit_590,cow_20,2026-09-03T18:00:00.000Z,38.66,65,25,478,3424,11.9,41.3,86.8,SIMULATOR
vit_591,cow_20,2026-09-04T18:00:00.000Z,38.56,70,30,460,3415,11.0,43.4,89.1,SIMULATOR
vit_592,cow_20,2026-09-05T18:00:00.000Z,38.86,76,23,504,3258,11.4,41.1,82.5,SIMULATOR
vit_593,cow_20,2026-09-06T18:00:00.000Z,38.65,73,32,490,3428,11.9,43.6,88.2,SIMULATOR
vit_594,cow_20,2026-09-07T18:00:00.000Z,38.58,70,29,458,3405,10.8,45.1,82.4,SIMULATOR
vit_595,cow_20,2026-09-08T18:00:00.000Z,38.74,78,26,507,3317,12.1,45.7,80.0,SIMULATOR
vit_596,cow_20,2026-09-09T18:00:00.000Z,38.71,75,28,502,3243,11.9,41.6,82.1,SIMULATOR
vit_597,cow_20,2026-09-10T18:00:00.000Z,38.61,74,23,461,2985,11.2,42.4,80.5,SIMULATOR
vit_598,cow_20,2026-09-11T18:00:00.000Z,38.90,63,25,499,3365,11.1,43.5,83.0,SIMULATOR
vit_599,cow_20,2026-09-12T18:00:00.000Z,38.65,63,28,489,2919,12.0,44.4,82.4,SIMULATOR
vit_600,cow_20,2026-09-13T18:00:00.000Z,38.56,63,24,507,3124,12.1,41.5,85.2,SIMULATOR
vit_601,cow_20,2026-09-14T18:00:00.000Z,38.53,76,29,463,3105,10.8,42.7,82.0,SIMULATOR
vit_602,cow_20,2026-09-15T18:00:00.000Z,38.69,78,30,498,3259,10.7,43.6,85.1,SIMULATOR
vit_603,cow_20,2026-09-16T18:00:00.000Z,38.70,74,31,463,3433,11.8,41.7,88.2,SIMULATOR
vit_604,cow_20,2026-09-17T18:00:00.000Z,38.62,74,27,450,3237,12.2,46.4,81.8,SIMULATOR
vit_605,cow_20,2026-09-18T18:00:00.000Z,38.63,66,22,503,3225,12.1,44.8,80.8,SIMULATOR
vit_606,cow_20,2026-09-19T18:00:00.000Z,38.72,63,30,459,3362,11.8,44.5,87.2,SIMULATOR
vit_607,cow_20,2026-09-20T18:00:00.000Z,38.73,63,25,509,3008,12.0,44.1,83.3,SIMULATOR
vit_608,cow_20,2026-09-21T18:00:00.000Z,38.53,65,31,477,3004,11.1,41.2,82.6,SIMULATOR
vit_609,cow_20,2026-09-22T18:00:00.000Z,38.86,72,29,461,2964,11.7,46.5,85.1,SIMULATOR
vit_610,cow_20,2026-09-23T18:00:00.000Z,38.61,70,23,483,3212,11.6,44.5,87.2,SIMULATOR
vit_611,cow_20,2026-09-24T18:00:00.000Z,38.86,66,31,470,3357,11.7,44.7,87.5,SIMULATOR
vit_612,cow_20,2026-09-25T18:00:00.000Z,38.77,71,29,452,3444,11.2,46.1,89.7,SIMULATOR
vit_613,cow_20,2026-09-26T18:00:00.000Z,38.84,68,31,475,3439,12.3,44.0,87.6,SIMULATOR
vit_614,cow_20,2026-09-27T18:00:00.000Z,38.62,64,29,494,2912,11.0,45.9,81.3,SIMULATOR
vit_615,cow_20,2026-09-28T18:00:00.000Z,38.76,65,25,505,2918,10.8,44.7,83.0,SIMULATOR
vit_616,cow_20,2026-09-29T18:00:00.000Z,38.64,72,26,495,3243,11.5,44.5,80.8,SIMULATOR
vit_617,cow_20,2026-09-30T18:00:00.000Z,38.70,64,22,468,3309,11.8,42.2,88.1,SIMULATOR
vit_618,cow_20,2026-10-01T18:00:00.000Z,38.89,63,23,460,3227,11.3,41.6,86.6,SIMULATOR
vit_619,cow_20,2026-10-02T18:00:00.000Z,38.90,77,32,468,3039,12.0,44.1,84.2,SIMULATOR
vit_620,cow_20,2026-10-03T18:00:00.000Z,38.60,65,30,454,3477,11.7,46.8,82.8,SIMULATOR
vit_621,cow_21,2026-09-03T18:00:00.000Z,38.32,72,28,467,2935,11.7,42.4,87.4,SIMULATOR
vit_622,cow_21,2026-09-04T18:00:00.000Z,38.57,78,25,483,3191,11.1,45.2,88.9,SIMULATOR
vit_623,cow_21,2026-09-05T18:00:00.000Z,38.32,63,30,479,3038,12.1,45.0,85.8,SIMULATOR
vit_624,cow_21,2026-09-06T18:00:00.000Z,38.44,70,29,469,3015,11.8,46.7,83.6,SIMULATOR
vit_625,cow_21,2026-09-07T18:00:00.000Z,38.43,70,32,488,3369,11.5,46.8,85.2,SIMULATOR
vit_626,cow_21,2026-09-08T18:00:00.000Z,38.38,70,29,493,3400,11.9,44.2,88.6,SIMULATOR
vit_627,cow_21,2026-09-09T18:00:00.000Z,38.37,72,23,458,3306,11.4,41.3,83.8,SIMULATOR
vit_628,cow_21,2026-09-10T18:00:00.000Z,38.56,72,29,476,3316,11.6,45.6,86.3,SIMULATOR
vit_629,cow_21,2026-09-11T18:00:00.000Z,38.60,63,29,486,3299,10.9,42.7,88.4,SIMULATOR
vit_630,cow_21,2026-09-12T18:00:00.000Z,38.65,69,29,475,3294,12.2,44.9,89.4,SIMULATOR
vit_631,cow_21,2026-09-13T18:00:00.000Z,38.35,78,29,497,3027,11.2,41.4,87.5,SIMULATOR
vit_632,cow_21,2026-09-14T18:00:00.000Z,38.68,74,24,460,2944,10.8,41.7,89.3,SIMULATOR
vit_633,cow_21,2026-09-15T18:00:00.000Z,38.34,75,29,462,3352,10.9,41.4,83.7,SIMULATOR
vit_634,cow_21,2026-09-16T18:00:00.000Z,38.58,76,24,485,2933,10.7,42.7,87.6,SIMULATOR
vit_635,cow_21,2026-09-17T18:00:00.000Z,38.56,65,31,451,3114,11.2,43.3,87.9,SIMULATOR
vit_636,cow_21,2026-09-18T18:00:00.000Z,38.39,71,32,487,2972,11.6,41.2,86.5,SIMULATOR
vit_637,cow_21,2026-09-19T18:00:00.000Z,38.36,70,27,505,3084,11.5,41.7,86.2,SIMULATOR
vit_638,cow_21,2026-09-20T18:00:00.000Z,38.42,62,31,505,3210,11.2,46.3,83.2,SIMULATOR
vit_639,cow_21,2026-09-21T18:00:00.000Z,38.50,64,29,464,3041,10.9,44.6,83.5,SIMULATOR
vit_640,cow_21,2026-09-22T18:00:00.000Z,38.49,73,28,462,3062,11.9,43.7,82.2,SIMULATOR
vit_641,cow_21,2026-09-23T18:00:00.000Z,38.62,65,26,500,3441,11.6,41.4,86.7,SIMULATOR
vit_642,cow_21,2026-09-24T18:00:00.000Z,38.39,64,28,460,3306,12.2,43.7,86.2,SIMULATOR
vit_643,cow_21,2026-09-25T18:00:00.000Z,38.69,72,27,463,2979,12.2,41.5,87.0,SIMULATOR
vit_644,cow_21,2026-09-26T18:00:00.000Z,38.31,62,28,489,3439,10.7,41.1,80.2,SIMULATOR
vit_645,cow_21,2026-09-27T18:00:00.000Z,38.36,62,24,491,3371,11.7,45.6,89.4,SIMULATOR
vit_646,cow_21,2026-09-28T18:00:00.000Z,38.47,70,27,450,3091,12.1,44.9,82.9,SIMULATOR
vit_647,cow_21,2026-09-29T18:00:00.000Z,38.48,62,32,505,3339,11.2,46.8,89.5,SIMULATOR
vit_648,cow_21,2026-09-30T18:00:00.000Z,38.80,78,27,398,2594,12.3,40.3,85.6,SIMULATOR
vit_649,cow_21,2026-10-01T18:00:00.000Z,38.69,77,26,385,3023,11.3,41.9,88.8,SIMULATOR
vit_650,cow_21,2026-10-02T18:00:00.000Z,39.01,75,25,441,2573,12.1,40.2,81.3,SIMULATOR
vit_651,cow_21,2026-10-03T18:00:00.000Z,38.80,67,28,432,2877,11.6,38.3,82.1,SIMULATOR
vit_652,cow_22,2026-09-03T18:00:00.000Z,38.77,70,29,494,3383,11.9,43.4,86.1,SIMULATOR
vit_653,cow_22,2026-09-04T18:00:00.000Z,38.46,63,29,482,3172,10.9,44.9,83.9,SIMULATOR
vit_654,cow_22,2026-09-05T18:00:00.000Z,38.73,62,29,489,3148,12.3,42.8,81.1,SIMULATOR
vit_655,cow_22,2026-09-06T18:00:00.000Z,38.66,67,30,456,3056,11.7,46.6,82.1,SIMULATOR
vit_656,cow_22,2026-09-07T18:00:00.000Z,38.40,65,22,466,3399,11.4,42.0,85.0,SIMULATOR
vit_657,cow_22,2026-09-08T18:00:00.000Z,38.66,68,24,485,2930,11.1,41.5,84.8,SIMULATOR
vit_658,cow_22,2026-09-09T18:00:00.000Z,38.65,71,24,481,3295,12.1,41.5,82.6,SIMULATOR
vit_659,cow_22,2026-09-10T18:00:00.000Z,38.62,67,32,457,3340,10.8,46.3,84.7,SIMULATOR
vit_660,cow_22,2026-09-11T18:00:00.000Z,38.53,75,28,464,3073,11.7,44.2,85.4,SIMULATOR
vit_661,cow_22,2026-09-12T18:00:00.000Z,38.49,76,30,462,2921,12.2,45.6,84.0,SIMULATOR
vit_662,cow_22,2026-09-13T18:00:00.000Z,38.77,73,24,471,3052,11.0,42.8,87.9,SIMULATOR
vit_663,cow_22,2026-09-14T18:00:00.000Z,38.66,62,29,505,3219,12.0,42.7,89.0,SIMULATOR
vit_664,cow_22,2026-09-15T18:00:00.000Z,38.78,69,32,486,3332,11.8,46.4,81.0,SIMULATOR
vit_665,cow_22,2026-09-16T18:00:00.000Z,38.72,65,24,505,3152,11.7,45.3,87.8,SIMULATOR
vit_666,cow_22,2026-09-17T18:00:00.000Z,38.78,67,28,462,3050,10.8,46.7,87.6,SIMULATOR
vit_667,cow_22,2026-09-18T18:00:00.000Z,38.43,72,27,510,3156,11.1,42.3,88.5,SIMULATOR
vit_668,cow_22,2026-09-19T18:00:00.000Z,38.79,62,32,497,3063,11.6,42.6,89.9,SIMULATOR
vit_669,cow_22,2026-09-20T18:00:00.000Z,38.65,76,31,453,2968,11.2,41.2,87.2,SIMULATOR
vit_670,cow_22,2026-09-21T18:00:00.000Z,38.68,78,26,472,3317,10.8,46.3,84.3,SIMULATOR
vit_671,cow_22,2026-09-22T18:00:00.000Z,38.78,69,23,452,3171,11.5,41.4,84.5,SIMULATOR
vit_672,cow_22,2026-09-23T18:00:00.000Z,38.47,64,24,497,2993,10.9,45.3,82.6,SIMULATOR
vit_673,cow_22,2026-09-24T18:00:00.000Z,38.40,62,30,502,3134,11.8,45.7,83.2,SIMULATOR
vit_674,cow_22,2026-09-25T18:00:00.000Z,38.72,66,24,505,3005,11.8,45.9,80.5,SIMULATOR
vit_675,cow_22,2026-09-26T18:00:00.000Z,38.54,64,23,473,3322,12.1,44.8,85.4,SIMULATOR
vit_676,cow_22,2026-09-27T18:00:00.000Z,38.46,63,26,481,3239,11.1,46.6,86.9,SIMULATOR
vit_677,cow_22,2026-09-28T18:00:00.000Z,38.74,64,22,497,3208,11.8,42.8,89.4,SIMULATOR
vit_678,cow_22,2026-09-29T18:00:00.000Z,38.78,68,22,487,3219,10.8,43.9,88.8,SIMULATOR
vit_679,cow_22,2026-09-30T18:00:00.000Z,38.95,77,30,430,2998,12.0,41.9,80.4,SIMULATOR
vit_680,cow_22,2026-10-01T18:00:00.000Z,38.77,70,26,420,3018,11.4,40.8,89.3,SIMULATOR
vit_681,cow_22,2026-10-02T18:00:00.000Z,39.03,69,22,396,2974,11.4,37.3,82.8,SIMULATOR
vit_682,cow_22,2026-10-03T18:00:00.000Z,38.98,73,22,434,2638,11.3,41.4,86.6,SIMULATOR
vit_683,cow_23,2026-09-03T18:00:00.000Z,38.81,72,30,480,3074,10.9,46.4,81.1,SIMULATOR
vit_684,cow_23,2026-09-04T18:00:00.000Z,38.58,76,26,464,3469,11.6,42.3,85.1,SIMULATOR
vit_685,cow_23,2026-09-05T18:00:00.000Z,38.76,69,29,487,3356,12.1,45.4,82.7,SIMULATOR
vit_686,cow_23,2026-09-06T18:00:00.000Z,38.76,77,23,500,3288,12.2,45.9,81.3,SIMULATOR
vit_687,cow_23,2026-09-07T18:00:00.000Z,38.83,69,25,507,3456,12.1,43.7,87.8,SIMULATOR
vit_688,cow_23,2026-09-08T18:00:00.000Z,38.51,78,29,509,3433,12.1,43.5,82.7,SIMULATOR
vit_689,cow_23,2026-09-09T18:00:00.000Z,38.50,73,32,476,2942,11.7,46.7,80.9,SIMULATOR
vit_690,cow_23,2026-09-10T18:00:00.000Z,38.65,65,29,489,3258,11.8,42.0,81.9,SIMULATOR
vit_691,cow_23,2026-09-11T18:00:00.000Z,38.83,66,27,463,3269,11.0,43.6,88.2,SIMULATOR
vit_692,cow_23,2026-09-12T18:00:00.000Z,38.58,72,23,498,3004,11.6,41.7,88.0,SIMULATOR
vit_693,cow_23,2026-09-13T18:00:00.000Z,38.89,63,25,497,3369,12.2,43.7,88.2,SIMULATOR
vit_694,cow_23,2026-09-14T18:00:00.000Z,38.58,67,24,464,3220,11.6,45.8,87.1,SIMULATOR
vit_695,cow_23,2026-09-15T18:00:00.000Z,38.69,64,31,463,2974,12.1,42.5,85.9,SIMULATOR
vit_696,cow_23,2026-09-16T18:00:00.000Z,38.85,72,31,497,3176,11.0,44.3,90.0,SIMULATOR
vit_697,cow_23,2026-09-17T18:00:00.000Z,38.50,63,24,486,2994,10.9,44.1,87.1,SIMULATOR
vit_698,cow_23,2026-09-18T18:00:00.000Z,38.86,73,25,474,3172,10.9,46.8,80.9,SIMULATOR
vit_699,cow_23,2026-09-19T18:00:00.000Z,38.63,75,26,451,3476,11.0,41.3,81.9,SIMULATOR
vit_700,cow_23,2026-09-20T18:00:00.000Z,38.63,66,30,451,3119,11.2,41.7,82.6,SIMULATOR
vit_701,cow_23,2026-09-21T18:00:00.000Z,38.55,71,26,482,2993,11.5,42.5,80.4,SIMULATOR
vit_702,cow_23,2026-09-22T18:00:00.000Z,38.59,66,22,500,2917,11.0,43.1,81.3,SIMULATOR
vit_703,cow_23,2026-09-23T18:00:00.000Z,38.55,64,30,483,3018,11.0,44.3,84.2,SIMULATOR
vit_704,cow_23,2026-09-24T18:00:00.000Z,38.75,71,28,510,3087,10.9,43.6,89.5,SIMULATOR
vit_705,cow_23,2026-09-25T18:00:00.000Z,38.71,73,31,502,3209,11.3,45.9,87.7,SIMULATOR
vit_706,cow_23,2026-09-26T18:00:00.000Z,38.76,78,29,487,3418,12.2,41.5,90.0,SIMULATOR
vit_707,cow_23,2026-09-27T18:00:00.000Z,38.78,62,23,478,3210,11.0,41.6,87.3,SIMULATOR
vit_708,cow_23,2026-09-28T18:00:00.000Z,38.66,64,27,460,2900,11.5,46.8,81.4,SIMULATOR
vit_709,cow_23,2026-09-29T18:00:00.000Z,38.78,67,28,477,2971,12.3,46.9,82.7,SIMULATOR
vit_710,cow_23,2026-09-30T18:00:00.000Z,39.11,71,24,424,2670,11.7,37.4,89.0,SIMULATOR
vit_711,cow_23,2026-10-01T18:00:00.000Z,39.00,72,32,409,2626,11.2,37.9,82.3,SIMULATOR
vit_712,cow_23,2026-10-02T18:00:00.000Z,39.21,68,23,445,3032,12.2,42.4,84.8,SIMULATOR
vit_713,cow_23,2026-10-03T18:00:00.000Z,39.01,70,30,413,2533,11.9,36.9,88.8,SIMULATOR
vit_714,cow_24,2026-09-03T18:00:00.000Z,38.42,71,29,474,2917,10.9,44.2,88.6,SIMULATOR
vit_715,cow_24,2026-09-04T18:00:00.000Z,38.48,77,24,504,3455,10.7,42.7,80.4,SIMULATOR
vit_716,cow_24,2026-09-05T18:00:00.000Z,38.62,65,28,492,2992,11.9,45.9,89.3,SIMULATOR
vit_717,cow_24,2026-09-06T18:00:00.000Z,38.66,64,23,494,3117,10.8,43.4,82.8,SIMULATOR
vit_718,cow_24,2026-09-07T18:00:00.000Z,38.66,68,24,480,3038,10.9,44.2,80.3,SIMULATOR
vit_719,cow_24,2026-09-08T18:00:00.000Z,38.58,70,22,499,2929,11.4,42.9,83.9,SIMULATOR
vit_720,cow_24,2026-09-09T18:00:00.000Z,38.48,67,27,502,3013,11.3,43.4,84.9,SIMULATOR
vit_721,cow_24,2026-09-10T18:00:00.000Z,38.39,64,27,464,3054,12.1,46.9,80.9,SIMULATOR
vit_722,cow_24,2026-09-11T18:00:00.000Z,38.69,68,29,492,3357,11.3,42.0,85.4,SIMULATOR
vit_723,cow_24,2026-09-12T18:00:00.000Z,38.46,71,26,458,2910,11.9,46.8,81.7,SIMULATOR
vit_724,cow_24,2026-09-13T18:00:00.000Z,38.33,62,29,459,3495,11.6,44.2,84.4,SIMULATOR
vit_725,cow_24,2026-09-14T18:00:00.000Z,38.50,71,24,486,3007,10.8,43.5,89.7,SIMULATOR
vit_726,cow_24,2026-09-15T18:00:00.000Z,38.32,75,31,462,3387,11.6,43.9,87.8,SIMULATOR
vit_727,cow_24,2026-09-16T18:00:00.000Z,38.62,75,28,504,3386,11.3,45.2,84.8,SIMULATOR
vit_728,cow_24,2026-09-17T18:00:00.000Z,38.44,78,32,500,3064,11.9,42.1,86.9,SIMULATOR
vit_729,cow_24,2026-09-18T18:00:00.000Z,38.55,77,30,453,3369,10.8,46.8,87.5,SIMULATOR
vit_730,cow_24,2026-09-19T18:00:00.000Z,38.41,67,24,475,3460,11.0,42.7,85.1,SIMULATOR
vit_731,cow_24,2026-09-20T18:00:00.000Z,38.36,73,30,484,3197,11.5,44.9,85.3,SIMULATOR
vit_732,cow_24,2026-09-21T18:00:00.000Z,38.59,70,30,504,3464,11.3,44.8,88.3,SIMULATOR
vit_733,cow_24,2026-09-22T18:00:00.000Z,38.45,66,29,465,3430,12.3,43.6,89.8,SIMULATOR
vit_734,cow_24,2026-09-23T18:00:00.000Z,38.33,76,22,507,3282,11.4,47.0,87.0,SIMULATOR
vit_735,cow_24,2026-09-24T18:00:00.000Z,38.64,66,22,479,3033,11.2,43.9,84.3,SIMULATOR
vit_736,cow_24,2026-09-25T18:00:00.000Z,38.69,77,22,482,3424,12.2,42.3,86.3,SIMULATOR
vit_737,cow_24,2026-09-26T18:00:00.000Z,38.68,73,27,478,3264,11.4,44.6,87.2,SIMULATOR
vit_738,cow_24,2026-09-27T18:00:00.000Z,38.58,67,26,509,3155,12.3,43.1,82.0,SIMULATOR
vit_739,cow_24,2026-09-28T18:00:00.000Z,38.61,64,28,491,3272,11.5,43.6,85.6,SIMULATOR
vit_740,cow_24,2026-09-29T18:00:00.000Z,38.63,76,25,507,3276,11.0,43.0,87.4,SIMULATOR
vit_741,cow_24,2026-09-30T18:00:00.000Z,38.83,64,30,403,2818,12.2,39.6,84.2,SIMULATOR
vit_742,cow_24,2026-10-01T18:00:00.000Z,38.87,63,23,407,2869,11.9,36.5,80.9,SIMULATOR
vit_743,cow_24,2026-10-02T18:00:00.000Z,38.76,73,27,426,2666,10.9,38.5,80.3,SIMULATOR
vit_744,cow_24,2026-10-03T18:00:00.000Z,38.87,76,23,390,2707,12.3,40.0,88.1,SIMULATOR
vit_745,cow_25,2026-09-03T18:00:00.000Z,38.69,76,24,479,2964,12.1,44.5,87.8,SIMULATOR
vit_746,cow_25,2026-09-04T18:00:00.000Z,38.79,73,25,491,3167,11.7,43.8,81.8,SIMULATOR
vit_747,cow_25,2026-09-05T18:00:00.000Z,38.53,62,28,478,3153,12.2,43.0,81.8,SIMULATOR
vit_748,cow_25,2026-09-06T18:00:00.000Z,38.47,71,24,507,3103,12.0,42.7,89.0,SIMULATOR
vit_749,cow_25,2026-09-07T18:00:00.000Z,38.57,72,24,454,3136,12.1,42.4,86.5,SIMULATOR
vit_750,cow_25,2026-09-08T18:00:00.000Z,38.80,70,32,494,3328,11.4,45.2,88.0,SIMULATOR
vit_751,cow_25,2026-09-09T18:00:00.000Z,38.42,77,28,492,3063,11.7,46.4,87.5,SIMULATOR
vit_752,cow_25,2026-09-10T18:00:00.000Z,38.42,74,27,493,3352,11.7,42.5,87.1,SIMULATOR
vit_753,cow_25,2026-09-11T18:00:00.000Z,38.56,78,23,491,3106,12.2,44.8,80.6,SIMULATOR
vit_754,cow_25,2026-09-12T18:00:00.000Z,38.52,62,25,483,3153,12.1,42.1,88.9,SIMULATOR
vit_755,cow_25,2026-09-13T18:00:00.000Z,38.58,76,23,467,3483,12.2,46.6,82.4,SIMULATOR
vit_756,cow_25,2026-09-14T18:00:00.000Z,38.78,76,28,489,3372,11.2,42.3,84.9,SIMULATOR
vit_757,cow_25,2026-09-15T18:00:00.000Z,38.61,63,31,453,3455,11.5,45.0,84.9,SIMULATOR
vit_758,cow_25,2026-09-16T18:00:00.000Z,38.59,70,31,490,2936,12.2,45.2,82.8,SIMULATOR
vit_759,cow_25,2026-09-17T18:00:00.000Z,38.59,78,26,504,3012,11.2,45.4,85.5,SIMULATOR
vit_760,cow_25,2026-09-18T18:00:00.000Z,38.40,69,32,462,3088,11.4,45.5,81.6,SIMULATOR
vit_761,cow_25,2026-09-19T18:00:00.000Z,38.52,73,29,481,3259,12.0,42.0,89.9,SIMULATOR
vit_762,cow_25,2026-09-20T18:00:00.000Z,38.57,62,22,485,3282,10.8,42.8,84.2,SIMULATOR
vit_763,cow_25,2026-09-21T18:00:00.000Z,38.50,78,27,461,3113,11.3,44.2,82.0,SIMULATOR
vit_764,cow_25,2026-09-22T18:00:00.000Z,38.72,67,29,472,3153,10.7,44.4,86.9,SIMULATOR
vit_765,cow_25,2026-09-23T18:00:00.000Z,38.77,67,27,484,3199,12.2,46.1,83.8,SIMULATOR
vit_766,cow_25,2026-09-24T18:00:00.000Z,38.67,64,31,461,2910,11.9,44.8,80.3,SIMULATOR
vit_767,cow_25,2026-09-25T18:00:00.000Z,38.42,63,28,468,2963,12.2,43.0,89.4,SIMULATOR
vit_768,cow_25,2026-09-26T18:00:00.000Z,38.48,75,26,450,3192,11.9,41.4,82.5,SIMULATOR
vit_769,cow_25,2026-09-27T18:00:00.000Z,38.60,72,31,492,3320,11.2,45.1,89.6,SIMULATOR
vit_770,cow_25,2026-09-28T18:00:00.000Z,38.71,62,31,501,3060,11.9,46.2,88.1,SIMULATOR
vit_771,cow_25,2026-09-29T18:00:00.000Z,38.64,72,24,475,3192,11.7,43.7,87.7,SIMULATOR
vit_772,cow_25,2026-09-30T18:00:00.000Z,38.88,67,23,416,2605,12.2,41.0,82.3,SIMULATOR
vit_773,cow_25,2026-10-01T18:00:00.000Z,38.76,76,26,426,2924,12.1,38.5,83.3,SIMULATOR
vit_774,cow_25,2026-10-02T18:00:00.000Z,39.07,64,25,428,2527,12.1,37.6,82.3,SIMULATOR
vit_775,cow_25,2026-10-03T18:00:00.000Z,38.78,64,26,442,2470,12.3,37.0,80.6,SIMULATOR
vit_776,cow_26,2026-09-03T18:00:00.000Z,38.50,62,23,464,3463,11.2,41.0,81.6,SIMULATOR
vit_777,cow_26,2026-09-04T18:00:00.000Z,38.85,71,27,457,3439,11.4,46.8,84.7,SIMULATOR
vit_778,cow_26,2026-09-05T18:00:00.000Z,38.80,74,28,461,2927,10.8,41.6,89.8,SIMULATOR
vit_779,cow_26,2026-09-06T18:00:00.000Z,38.68,76,30,460,3111,11.0,45.0,81.2,SIMULATOR
vit_780,cow_26,2026-09-07T18:00:00.000Z,38.79,68,26,467,3094,11.2,45.5,89.7,SIMULATOR
vit_781,cow_26,2026-09-08T18:00:00.000Z,38.57,74,32,483,3369,10.8,43.5,81.4,SIMULATOR
vit_782,cow_26,2026-09-09T18:00:00.000Z,38.76,71,31,460,3452,10.9,46.5,80.4,SIMULATOR
vit_783,cow_26,2026-09-10T18:00:00.000Z,38.52,62,29,465,3273,11.7,42.0,87.4,SIMULATOR
vit_784,cow_26,2026-09-11T18:00:00.000Z,38.50,68,23,464,2921,11.6,44.4,85.5,SIMULATOR
vit_785,cow_26,2026-09-12T18:00:00.000Z,38.59,67,28,503,3120,11.5,41.3,83.2,SIMULATOR
vit_786,cow_26,2026-09-13T18:00:00.000Z,38.61,78,29,504,3079,11.9,43.6,81.9,SIMULATOR
vit_787,cow_26,2026-09-14T18:00:00.000Z,38.62,70,25,489,3108,12.3,44.3,82.9,SIMULATOR
vit_788,cow_26,2026-09-15T18:00:00.000Z,38.68,71,27,457,3086,11.6,45.8,80.9,SIMULATOR
vit_789,cow_26,2026-09-16T18:00:00.000Z,38.71,64,29,455,3205,11.3,44.7,84.9,SIMULATOR
vit_790,cow_26,2026-09-17T18:00:00.000Z,38.81,66,27,466,3118,10.9,44.9,88.2,SIMULATOR
vit_791,cow_26,2026-09-18T18:00:00.000Z,38.78,74,27,495,3010,11.6,46.8,83.0,SIMULATOR
vit_792,cow_26,2026-09-19T18:00:00.000Z,38.89,63,29,482,3474,10.7,45.1,84.7,SIMULATOR
vit_793,cow_26,2026-09-20T18:00:00.000Z,38.77,71,27,496,3015,10.9,41.4,83.9,SIMULATOR
vit_794,cow_26,2026-09-21T18:00:00.000Z,38.87,68,25,461,3302,11.9,41.7,84.9,SIMULATOR
vit_795,cow_26,2026-09-22T18:00:00.000Z,38.66,71,29,490,3147,11.5,46.0,82.6,SIMULATOR
vit_796,cow_26,2026-09-23T18:00:00.000Z,38.50,62,31,477,3207,11.2,44.6,89.8,SIMULATOR
vit_797,cow_26,2026-09-24T18:00:00.000Z,38.65,68,29,465,3249,11.9,44.1,87.0,SIMULATOR
vit_798,cow_26,2026-09-25T18:00:00.000Z,38.66,71,25,507,3076,10.7,46.8,83.5,SIMULATOR
vit_799,cow_26,2026-09-26T18:00:00.000Z,38.51,77,31,491,3161,11.6,44.4,81.1,SIMULATOR
vit_800,cow_26,2026-09-27T18:00:00.000Z,38.83,76,29,457,2928,11.8,45.5,86.3,SIMULATOR
vit_801,cow_26,2026-09-28T18:00:00.000Z,39.59,67,25,308,1870,14.1,33.8,64.7,SIMULATOR
vit_802,cow_26,2026-09-29T18:00:00.000Z,39.60,64,27,318,1997,14.1,33.2,67.4,SIMULATOR
vit_803,cow_26,2026-09-30T18:00:00.000Z,39.48,78,31,282,1982,13.6,28.9,68.8,SIMULATOR
vit_804,cow_26,2026-10-01T18:00:00.000Z,39.50,70,22,293,2237,14.7,33.8,69.4,SIMULATOR
vit_805,cow_26,2026-10-02T18:00:00.000Z,39.55,66,22,320,1676,14.2,28.1,70.1,SIMULATOR
vit_806,cow_26,2026-10-03T18:00:00.000Z,39.46,78,24,318,1956,13.2,30.0,71.8,SIMULATOR
vit_807,cow_27,2026-09-03T18:00:00.000Z,38.69,67,31,460,2985,11.8,45.6,82.0,SIMULATOR
vit_808,cow_27,2026-09-04T18:00:00.000Z,38.53,65,26,490,3327,11.7,41.8,89.2,SIMULATOR
vit_809,cow_27,2026-09-05T18:00:00.000Z,38.65,68,30,454,3233,11.5,43.2,82.7,SIMULATOR
vit_810,cow_27,2026-09-06T18:00:00.000Z,38.57,64,30,510,2948,10.9,46.7,86.8,SIMULATOR
vit_811,cow_27,2026-09-07T18:00:00.000Z,38.44,73,31,482,3167,11.9,44.6,87.6,SIMULATOR
vit_812,cow_27,2026-09-08T18:00:00.000Z,38.65,75,31,485,3475,10.8,43.4,88.8,SIMULATOR
vit_813,cow_27,2026-09-09T18:00:00.000Z,38.54,76,28,461,3110,11.9,43.6,81.4,SIMULATOR
vit_814,cow_27,2026-09-10T18:00:00.000Z,38.51,74,32,482,2988,12.3,44.3,82.0,SIMULATOR
vit_815,cow_27,2026-09-11T18:00:00.000Z,38.35,65,31,477,3289,11.8,41.4,89.8,SIMULATOR
vit_816,cow_27,2026-09-12T18:00:00.000Z,38.51,74,28,453,2902,11.5,43.2,85.8,SIMULATOR
vit_817,cow_27,2026-09-13T18:00:00.000Z,38.65,71,30,503,3452,11.2,41.8,83.1,SIMULATOR
vit_818,cow_27,2026-09-14T18:00:00.000Z,38.41,63,23,497,3099,11.4,44.1,86.8,SIMULATOR
vit_819,cow_27,2026-09-15T18:00:00.000Z,38.39,74,31,504,3354,11.1,44.0,87.4,SIMULATOR
vit_820,cow_27,2026-09-16T18:00:00.000Z,38.35,75,31,462,2934,12.0,44.1,80.9,SIMULATOR
vit_821,cow_27,2026-09-17T18:00:00.000Z,38.50,74,32,461,3152,11.2,45.4,83.5,SIMULATOR
vit_822,cow_27,2026-09-18T18:00:00.000Z,38.65,62,32,487,3159,11.5,46.0,80.1,SIMULATOR
vit_823,cow_27,2026-09-19T18:00:00.000Z,38.61,75,23,500,3157,11.7,43.7,87.4,SIMULATOR
vit_824,cow_27,2026-09-20T18:00:00.000Z,38.52,68,28,490,2968,11.1,46.1,88.3,SIMULATOR
vit_825,cow_27,2026-09-21T18:00:00.000Z,38.52,74,22,504,3495,11.1,44.3,86.3,SIMULATOR
vit_826,cow_27,2026-09-22T18:00:00.000Z,38.54,75,30,468,3088,12.1,41.2,89.5,SIMULATOR
vit_827,cow_27,2026-09-23T18:00:00.000Z,38.35,72,32,453,3238,10.9,43.6,86.6,SIMULATOR
vit_828,cow_27,2026-09-24T18:00:00.000Z,38.58,62,31,450,3322,11.9,45.5,89.7,SIMULATOR
vit_829,cow_27,2026-09-25T18:00:00.000Z,38.30,62,22,486,3280,12.0,45.1,83.0,SIMULATOR
vit_830,cow_27,2026-09-26T18:00:00.000Z,38.42,68,29,460,2940,11.1,45.3,85.0,SIMULATOR
vit_831,cow_27,2026-09-27T18:00:00.000Z,38.30,71,24,500,3263,11.8,43.5,87.1,SIMULATOR
vit_832,cow_27,2026-09-28T18:00:00.000Z,39.51,67,22,307,1903,13.4,30.2,67.8,SIMULATOR
vit_833,cow_27,2026-09-29T18:00:00.000Z,39.55,75,24,292,2102,13.2,31.9,63.5,SIMULATOR
vit_834,cow_27,2026-09-30T18:00:00.000Z,39.46,65,22,319,1861,13.6,33.5,63.6,SIMULATOR
vit_835,cow_27,2026-10-01T18:00:00.000Z,39.20,62,24,280,1939,14.2,31.3,68.1,SIMULATOR
vit_836,cow_27,2026-10-02T18:00:00.000Z,39.35,75,28,277,2028,13.2,33.2,62.1,SIMULATOR
vit_837,cow_27,2026-10-03T18:00:00.000Z,39.30,78,25,278,2250,13.9,31.2,68.9,SIMULATOR
vit_838,cow_28,2026-09-03T18:00:00.000Z,38.50,77,23,483,3132,11.3,43.9,89.1,SIMULATOR
vit_839,cow_28,2026-09-04T18:00:00.000Z,38.72,62,27,466,3378,10.8,42.8,85.6,SIMULATOR
vit_840,cow_28,2026-09-05T18:00:00.000Z,38.56,67,22,453,3208,12.0,46.6,89.3,SIMULATOR
vit_841,cow_28,2026-09-06T18:00:00.000Z,38.63,70,23,501,3309,11.2,41.2,88.1,SIMULATOR
vit_842,cow_28,2026-09-07T18:00:00.000Z,38.65,68,23,487,3393,11.0,45.6,87.3,SIMULATOR
vit_843,cow_28,2026-09-08T18:00:00.000Z,38.75,62,24,502,2979,11.9,46.1,83.8,SIMULATOR
vit_844,cow_28,2026-09-09T18:00:00.000Z,38.55,77,28,488,2929,12.0,45.6,89.7,SIMULATOR
vit_845,cow_28,2026-09-10T18:00:00.000Z,38.43,70,27,495,3424,11.2,42.6,81.7,SIMULATOR
vit_846,cow_28,2026-09-11T18:00:00.000Z,38.61,77,29,454,2968,11.2,42.3,85.0,SIMULATOR
vit_847,cow_28,2026-09-12T18:00:00.000Z,38.42,62,24,505,3276,11.7,43.3,85.1,SIMULATOR
vit_848,cow_28,2026-09-13T18:00:00.000Z,38.76,72,28,452,3330,12.2,43.5,80.7,SIMULATOR
vit_849,cow_28,2026-09-14T18:00:00.000Z,38.65,78,23,464,3369,11.0,43.7,82.6,SIMULATOR
vit_850,cow_28,2026-09-15T18:00:00.000Z,38.50,73,29,505,3153,11.9,41.5,87.5,SIMULATOR
vit_851,cow_28,2026-09-16T18:00:00.000Z,38.67,68,29,464,3054,11.2,45.8,85.3,SIMULATOR
vit_852,cow_28,2026-09-17T18:00:00.000Z,38.49,77,22,464,3222,11.7,41.3,80.6,SIMULATOR
vit_853,cow_28,2026-09-18T18:00:00.000Z,38.66,69,29,464,3448,11.7,44.9,84.4,SIMULATOR
vit_854,cow_28,2026-09-19T18:00:00.000Z,38.68,77,26,494,3067,12.2,42.7,89.6,SIMULATOR
vit_855,cow_28,2026-09-20T18:00:00.000Z,38.71,69,27,506,3043,11.5,46.3,83.3,SIMULATOR
vit_856,cow_28,2026-09-21T18:00:00.000Z,38.66,66,22,450,2916,10.8,44.4,81.4,SIMULATOR
vit_857,cow_28,2026-09-22T18:00:00.000Z,38.76,69,29,479,3012,11.5,46.1,87.8,SIMULATOR
vit_858,cow_28,2026-09-23T18:00:00.000Z,38.61,71,26,501,2992,11.9,42.3,87.4,SIMULATOR
vit_859,cow_28,2026-09-24T18:00:00.000Z,38.57,66,27,450,3286,12.1,41.1,80.8,SIMULATOR
vit_860,cow_28,2026-09-25T18:00:00.000Z,38.61,74,31,484,3267,11.7,45.1,86.5,SIMULATOR
vit_861,cow_28,2026-09-26T18:00:00.000Z,38.55,73,23,472,3424,12.0,42.9,85.8,SIMULATOR
vit_862,cow_28,2026-09-27T18:00:00.000Z,38.47,62,23,462,3148,11.0,43.9,80.2,SIMULATOR
vit_863,cow_28,2026-09-28T18:00:00.000Z,39.56,68,31,272,1900,14.6,33.7,66.4,SIMULATOR
vit_864,cow_28,2026-09-29T18:00:00.000Z,39.27,67,24,286,1974,13.6,32.9,70.0,SIMULATOR
vit_865,cow_28,2026-09-30T18:00:00.000Z,39.59,78,23,320,2082,14.2,33.3,63.2,SIMULATOR
vit_866,cow_28,2026-10-01T18:00:00.000Z,39.36,75,22,291,1975,13.8,31.8,71.7,SIMULATOR
vit_867,cow_28,2026-10-02T18:00:00.000Z,39.30,62,30,298,1874,13.7,33.3,67.9,SIMULATOR
vit_868,cow_28,2026-10-03T18:00:00.000Z,39.62,77,27,301,1783,14.2,31.8,64.7,SIMULATOR
vit_869,cow_29,2026-09-03T18:00:00.000Z,38.55,62,24,477,3476,11.2,42.3,84.7,SIMULATOR
vit_870,cow_29,2026-09-04T18:00:00.000Z,38.87,70,25,472,3318,12.3,43.4,88.0,SIMULATOR
vit_871,cow_29,2026-09-05T18:00:00.000Z,38.75,75,30,497,3283,11.3,41.2,87.4,SIMULATOR
vit_872,cow_29,2026-09-06T18:00:00.000Z,38.83,75,23,501,3137,11.8,46.7,89.5,SIMULATOR
vit_873,cow_29,2026-09-07T18:00:00.000Z,38.63,67,23,509,3064,10.7,45.7,81.9,SIMULATOR
vit_874,cow_29,2026-09-08T18:00:00.000Z,38.67,62,22,477,3438,12.2,44.8,83.8,SIMULATOR
vit_875,cow_29,2026-09-09T18:00:00.000Z,38.74,71,29,450,2987,10.9,45.0,81.1,SIMULATOR
vit_876,cow_29,2026-09-10T18:00:00.000Z,38.83,65,31,471,3018,12.3,41.4,82.3,SIMULATOR
vit_877,cow_29,2026-09-11T18:00:00.000Z,38.61,73,25,457,3063,11.1,45.1,84.2,SIMULATOR
vit_878,cow_29,2026-09-12T18:00:00.000Z,38.81,69,27,494,2992,11.4,46.4,80.5,SIMULATOR
vit_879,cow_29,2026-09-13T18:00:00.000Z,38.52,69,24,489,3412,12.2,41.5,83.5,SIMULATOR
vit_880,cow_29,2026-09-14T18:00:00.000Z,38.66,65,25,465,3289,11.3,44.1,87.7,SIMULATOR
vit_881,cow_29,2026-09-15T18:00:00.000Z,38.59,68,29,456,3023,12.1,45.1,89.6,SIMULATOR
vit_882,cow_29,2026-09-16T18:00:00.000Z,38.74,68,26,482,3210,12.0,45.3,84.7,SIMULATOR
vit_883,cow_29,2026-09-17T18:00:00.000Z,38.70,72,26,470,3009,11.2,42.3,80.6,SIMULATOR
vit_884,cow_29,2026-09-18T18:00:00.000Z,38.65,63,31,510,3098,10.9,45.7,81.7,SIMULATOR
vit_885,cow_29,2026-09-19T18:00:00.000Z,38.85,69,26,502,3212,10.7,41.7,80.4,SIMULATOR
vit_886,cow_29,2026-09-20T18:00:00.000Z,38.52,66,22,506,3247,11.8,46.4,86.3,SIMULATOR
vit_887,cow_29,2026-09-21T18:00:00.000Z,38.88,64,22,492,3267,12.0,46.0,84.7,SIMULATOR
vit_888,cow_29,2026-09-22T18:00:00.000Z,38.76,62,32,494,3433,11.7,42.8,83.7,SIMULATOR
vit_889,cow_29,2026-09-23T18:00:00.000Z,38.87,67,26,487,3202,11.8,44.6,80.3,SIMULATOR
vit_890,cow_29,2026-09-24T18:00:00.000Z,38.52,70,23,450,3128,11.4,42.4,80.7,SIMULATOR
vit_891,cow_29,2026-09-25T18:00:00.000Z,38.56,77,28,455,3177,11.4,42.8,89.3,SIMULATOR
vit_892,cow_29,2026-09-26T18:00:00.000Z,38.73,69,31,510,3119,12.2,43.2,89.6,SIMULATOR
vit_893,cow_29,2026-09-27T18:00:00.000Z,38.86,74,28,465,3336,11.4,41.5,82.3,SIMULATOR
vit_894,cow_29,2026-09-28T18:00:00.000Z,39.69,73,30,274,1942,13.2,32.1,66.3,SIMULATOR
vit_895,cow_29,2026-09-29T18:00:00.000Z,39.66,72,26,284,1733,13.7,32.4,72.0,SIMULATOR
vit_896,cow_29,2026-09-30T18:00:00.000Z,39.63,65,27,305,1895,14.5,33.0,62.5,SIMULATOR
vit_897,cow_29,2026-10-01T18:00:00.000Z,39.41,75,28,323,2179,13.6,29.9,63.2,SIMULATOR
vit_898,cow_29,2026-10-02T18:00:00.000Z,39.36,72,30,286,2142,14.2,29.9,67.8,SIMULATOR
vit_899,cow_29,2026-10-03T18:00:00.000Z,39.53,78,26,285,1677,13.8,33.9,66.0,SIMULATOR
vit_900,cow_30,2026-09-03T18:00:00.000Z,38.56,72,30,468,3065,11.3,46.7,86.8,SIMULATOR
vit_901,cow_30,2026-09-04T18:00:00.000Z,38.45,72,28,507,3408,12.2,43.9,84.5,SIMULATOR
vit_902,cow_30,2026-09-05T18:00:00.000Z,38.54,75,26,464,3284,12.2,43.9,84.7,SIMULATOR
vit_903,cow_30,2026-09-06T18:00:00.000Z,38.34,62,24,468,3233,11.6,43.5,88.0,SIMULATOR
vit_904,cow_30,2026-09-07T18:00:00.000Z,38.53,68,25,482,2948,12.0,42.7,87.0,SIMULATOR
vit_905,cow_30,2026-09-08T18:00:00.000Z,38.64,64,23,505,3376,10.9,46.2,86.3,SIMULATOR
vit_906,cow_30,2026-09-09T18:00:00.000Z,38.40,71,32,498,3221,11.5,44.3,87.0,SIMULATOR
vit_907,cow_30,2026-09-10T18:00:00.000Z,38.43,73,25,472,3315,10.9,44.0,88.3,SIMULATOR
vit_908,cow_30,2026-09-11T18:00:00.000Z,38.61,67,26,474,2937,11.9,44.5,87.9,SIMULATOR
vit_909,cow_30,2026-09-12T18:00:00.000Z,38.31,69,26,490,2962,11.9,45.4,86.2,SIMULATOR
vit_910,cow_30,2026-09-13T18:00:00.000Z,38.35,69,23,467,3030,11.5,43.2,84.9,SIMULATOR
vit_911,cow_30,2026-09-14T18:00:00.000Z,38.42,63,23,454,3066,12.1,42.4,85.2,SIMULATOR
vit_912,cow_30,2026-09-15T18:00:00.000Z,38.68,77,25,493,3344,10.8,41.9,87.0,SIMULATOR
vit_913,cow_30,2026-09-16T18:00:00.000Z,38.47,62,30,495,3426,11.7,45.3,84.9,SIMULATOR
vit_914,cow_30,2026-09-17T18:00:00.000Z,38.38,70,29,482,2975,10.8,43.9,87.4,SIMULATOR
vit_915,cow_30,2026-09-18T18:00:00.000Z,38.66,74,23,485,3005,11.9,42.6,89.5,SIMULATOR
vit_916,cow_30,2026-09-19T18:00:00.000Z,38.37,71,25,461,3257,11.5,45.6,82.5,SIMULATOR
vit_917,cow_30,2026-09-20T18:00:00.000Z,38.62,75,27,496,3371,11.1,43.1,89.8,SIMULATOR
vit_918,cow_30,2026-09-21T18:00:00.000Z,38.60,73,30,457,3051,11.8,45.1,81.8,SIMULATOR
vit_919,cow_30,2026-09-22T18:00:00.000Z,38.52,74,23,492,3150,12.2,46.2,81.1,SIMULATOR
vit_920,cow_30,2026-09-23T18:00:00.000Z,38.33,75,31,497,3376,11.4,46.1,89.5,SIMULATOR
vit_921,cow_30,2026-09-24T18:00:00.000Z,38.56,71,25,483,2966,10.7,41.8,90.0,SIMULATOR
vit_922,cow_30,2026-09-25T18:00:00.000Z,38.48,78,31,475,2948,10.9,46.6,82.8,SIMULATOR
vit_923,cow_30,2026-09-26T18:00:00.000Z,38.58,77,26,486,3415,10.8,44.5,86.5,SIMULATOR
vit_924,cow_30,2026-09-27T18:00:00.000Z,38.47,76,27,461,3246,11.8,42.9,82.2,SIMULATOR
vit_925,cow_30,2026-09-28T18:00:00.000Z,39.38,75,28,314,1969,13.5,28.2,69.4,SIMULATOR
vit_926,cow_30,2026-09-29T18:00:00.000Z,39.25,77,23,277,1793,14.0,31.1,64.3,SIMULATOR
vit_927,cow_30,2026-09-30T18:00:00.000Z,39.37,65,31,325,1904,14.5,33.9,62.1,SIMULATOR
vit_928,cow_30,2026-10-01T18:00:00.000Z,39.52,65,24,327,1971,13.9,33.1,68.4,SIMULATOR
vit_929,cow_30,2026-10-02T18:00:00.000Z,39.18,65,26,301,1730,13.2,33.9,63.8,SIMULATOR
vit_930,cow_30,2026-10-03T18:00:00.000Z,39.21,71,29,308,2047,14.2,28.4,70.3,SIMULATOR