id,cow_id,baseline_milk_yield,baseline_scc,baseline_pH,baseline_conductivity,baseline_temperature,baseline_flow,calculation_window_days
base_1,cow_1,12.8,97,6.65,5.57,38.6,3.7,30
base_2,cow_2,13.2,104,6.68,5.69,38.7,4,30
base_3,cow_3,13.6,111,6.63,5.51,38.5,3.5,30
base_4,cow_4,13.9,118,6.66,5.63,38.6,3.8,30
base_5,cow_5,14.3,125,6.69,5.45,38.7,4.1,30
base_6,cow_6,14.6,132,6.64,5.57,38.5,3.6,30
base_7,cow_7,14.9,139,6.67,5.69,38.6,3.9,30
base_8,cow_8,15.3,146,6.62,5.51,38.7,3.4,30
base_9,cow_9,15.7,153,6.65,5.63,38.5,3.7,30
base_10,cow_10,16,90,6.68,5.45,38.6,4,30
base_11,cow_11,16.4,97,6.63,5.57,38.7,3.5,30
base_12,cow_12,16.7,104,6.66,5.69,38.5,3.8,30
base_13,cow_13,17.1,111,6.69,5.51,38.6,4.1,30
base_14,cow_14,17.4,118,6.64,5.63,38.7,3.6,30
base_15,cow_15,17.8,125,6.67,5.45,38.5,3.9,30
base_16,cow_16,18.1,132,6.62,5.57,38.6,3.4,30
base_17,cow_17,18.4,139,6.65,5.69,38.7,3.7,30
base_18,cow_18,12.8,146,6.68,5.51,38.5,4,30
base_19,cow_19,13.1,153,6.63,5.63,38.6,3.5,30
base_20,cow_20,13.5,90,6.66,5.45,38.7,3.8,30
base_21,cow_21,13.8,97,6.69,5.57,38.5,4.1,30
base_22,cow_22,14.2,104,6.64,5.69,38.6,3.6,30
base_23,cow_23,14.5,111,6.67,5.51,38.7,3.9,30
base_24,cow_24,14.9,118,6.62,5.63,38.5,3.4,30
base_25,cow_25,15.3,125,6.65,5.45,38.6,3.7,30
base_26,cow_26,15.6,132,6.68,5.57,38.7,4,30
base_27,cow_27,15.9,139,6.63,5.69,38.5,3.5,30
base_28,cow_28,16.3,146,6.66,5.51,38.6,3.8,30
base_29,cow_29,16.6,153,6.69,5.63,38.7,4.1,30
base_30,cow_30,17,90,6.64,5.45,38.5,3.6,30