id,farm_id,timestamp,ambient_temperature,relative_humidity,thi,hygiene_score,ventilation_status
env_60,farm_01,2026-10-03T18:00:00.000Z,28.8,81.0,81.2,2.8,POOR
env_59,farm_01,2026-10-02T18:00:00.000Z,24.8,60.5,72.6,2.9,GOOD
env_58,farm_01,2026-10-01T18:00:00.000Z,24.6,63.8,72.6,2.2,GOOD
env_57,farm_01,2026-09-30T18:00:00.000Z,25.3,57.6,73.0,3.6,GOOD
env_56,farm_01,2026-09-29T18:00:00.000Z,22.7,72.2,70.6,1.9,GOOD
env_55,farm_01,2026-09-28T18:00:00.000Z,25.8,81.6,76.3,2.6,POOR
env_54,farm_01,2026-09-27T18:00:00.000Z,27.8,60.6,76.8,2.2,POOR
env_53,farm_01,2026-09-26T18:00:00.000Z,23.8,78.7,72.9,2.8,GOOD
env_52,farm_01,2026-09-25T18:00:00.000Z,29.2,81.1,81.8,3,POOR
env_51,farm_01,2026-09-24T18:00:00.000Z,27.0,73.5,77.3,3.3,POOR
env_50,farm_01,2026-09-23T18:00:00.000Z,31.9,81.2,86.1,3,POOR
env_49,farm_01,2026-09-22T18:00:00.000Z,25.2,81.8,75.4,2.4,GOOD
env_48,farm_01,2026-09-21T18:00:00.000Z,25.5,69.6,74.6,3.7,GOOD
env_47,farm_01,2026-09-20T18:00:00.000Z,23.8,68.3,72.0,1.6,GOOD
env_46,farm_01,2026-09-19T18:00:00.000Z,31.8,63.5,83.0,2.2,POOR
env_45,farm_01,2026-09-18T18:00:00.000Z,26.2,61.0,74.7,3.2,GOOD
env_44,farm_01,2026-09-17T18:00:00.000Z,25.0,71.6,74.0,2.1,GOOD
env_43,farm_01,2026-09-16T18:00:00.000Z,28.1,79.0,79.8,1.8,POOR
env_42,farm_01,2026-09-15T18:00:00.000Z,26.9,72.6,77.1,2.6,POOR
env_41,farm_01,2026-09-14T18:00:00.000Z,26.3,73.4,76.2,2.7,POOR
env_40,farm_01,2026-09-13T18:00:00.000Z,29.4,77.6,81.6,2.3,POOR
env_39,farm_01,2026-09-12T18:00:00.000Z,26.4,69.2,75.8,1.6,GOOD
env_38,farm_01,2026-09-11T18:00:00.000Z,28.2,61.1,77.5,3.7,POOR
env_37,farm_01,2026-09-10T18:00:00.000Z,30.9,81.6,84.6,1.9,POOR
env_36,farm_01,2026-09-09T18:00:00.000Z,27.1,74.5,77.5,2.6,POOR
env_35,farm_01,2026-09-08T18:00:00.000Z,28.2,58.2,77.0,3,POOR
env_34,farm_01,2026-09-07T18:00:00.000Z,25.5,63.5,73.9,2.9,GOOD
env_33,farm_01,2026-09-06T18:00:00.000Z,24.4,62.2,72.2,2.8,GOOD
env_32,farm_01,2026-09-05T18:00:00.000Z,27.9,68.7,78.1,2.1,POOR
env_31,farm_01,2026-09-04T18:00:00.000Z,27.3,72.8,77.7,2.1,POOR
env_30,farm_01,2026-09-03T18:00:00.000Z,22.8,56.7,69.4,1.8,GOOD
env_29,farm_01,2026-09-02T18:00:00.000Z,23.8,57.8,71.0,1.7,GOOD
env_28,farm_01,2026-09-01T18:00:00.000Z,29.8,67.3,80.6,1.7,POOR
env_27,farm_01,2026-08-31T18:00:00.000Z,32.3,70.4,85.0,2.1,POOR
env_26,farm_01,2026-08-30T18:00:00.000Z,25.7,74.5,75.5,2.5,GOOD
env_25,farm_01,2026-08-29T18:00:00.000Z,28.1,71.1,78.7,1.7,POOR
env_24,farm_01,2026-08-28T18:00:00.000Z,25.1,75.2,74.5,1.8,GOOD
env_23,farm_01,2026-08-27T18:00:00.000Z,27.1,61.7,76.0,2.7,GOOD
env_22,farm_01,2026-08-26T18:00:00.000Z,29.8,71.3,81.3,2.9,POOR
env_21,farm_01,2026-08-25T18:00:00.000Z,31.9,58.4,82.2,3.2,POOR
env_20,farm_01,2026-08-24T18:00:00.000Z,24.3,80.5,73.8,2.8,GOOD
env_19,farm_01,2026-08-23T18:00:00.000Z,27.6,65.6,77.2,3.5,POOR
env_18,farm_01,2026-08-22T18:00:00.000Z,26.4,71.2,76.1,3,POOR
env_17,farm_01,2026-08-21T18:00:00.000Z,28.7,75.3,80.1,1.9,POOR
env_16,farm_01,2026-08-20T18:00:00.000Z,30.2,71.3,81.9,3.5,POOR
env_15,farm_01,2026-08-19T18:00:00.000Z,32.1,61.9,83.1,1.9,POOR
env_14,farm_01,2026-08-18T18:00:00.000Z,28.7,59.5,78.0,2.2,POOR
env_13,farm_01,2026-08-17T18:00:00.000Z,32.0,65.5,83.5,2.1,POOR
env_12,farm_01,2026-08-16T18:00:00.000Z,27.8,64.4,77.3,3.1,POOR
env_11,farm_01,2026-08-15T18:00:00.000Z,23.5,62.4,71.0,3.2,GOOD
env_10,farm_01,2026-08-14T18:00:00.000Z,25.4,81.1,75.7,2.9,GOOD
env_9,farm_01,2026-08-13T18:00:00.000Z,31.7,65.5,83.2,2.4,POOR
env_8,farm_01,2026-08-12T18:00:00.000Z,26.5,69.7,76.0,2,POOR
env_7,farm_01,2026-08-11T18:00:00.000Z,31.9,56.2,81.9,3,POOR
env_6,farm_01,2026-08-10T18:00:00.000Z,27.4,66.9,77.1,1.5,POOR
env_5,farm_01,2026-08-09T18:00:00.000Z,22.6,62.8,69.6,1.6,GOOD
env_4,farm_01,2026-08-08T18:00:00.000Z,26.6,67.1,75.9,3,GOOD
env_3,farm_01,2026-08-07T18:00:00.000Z,32.1,80.7,86.4,3.1,POOR
env_2,farm_01,2026-08-06T18:00:00.000Z,22.6,57.1,69.2,3.4,GOOD
env_1,farm_01,2026-08-05T18:00:00.000Z,23.3,71.0,71.4,1.6,GOOD
env_0,farm_01,2026-08-04T18:00:00.000Z,25.8,68.6,74.9,1.9,GOOD