id,cow_id,timestamp,dry_matter_intake_kg,water_intake_liters,feeding_bouts
feed_1,cow_1,2026-09-03T18:00:00.000Z,42.1,87.6,10
feed_2,cow_1,2026-09-04T18:00:00.000Z,45.6,81.3,14
feed_3,cow_1,2026-09-05T18:00:00.000Z,45.6,89.8,13
feed_4,cow_1,2026-09-06T18:00:00.000Z,45.7,82.4,10
feed_5,cow_1,2026-09-07T18:00:00.000Z,42.6,84.5,10
feed_6,cow_1,2026-09-08T18:00:00.000Z,46.3,81.4,9
feed_7,cow_1,2026-09-09T18:00:00.000Z,44.8,85.5,14
feed_8,cow_1,2026-09-10T18:00:00.000Z,46.7,81.3,11
feed_9,cow_1,2026-09-11T18:00:00.000Z,45.3,84.1,11
feed_10,cow_1,2026-09-12T18:00:00.000Z,44.6,88.2,10
feed_11,cow_1,2026-09-13T18:00:00.000Z,45.7,87.8,10
feed_12,cow_1,2026-09-14T18:00:00.000Z,42.4,82.2,12
feed_13,cow_1,2026-09-15T18:00:00.000Z,42.0,85.0,9
feed_14,cow_1,2026-09-16T18:00:00.000Z,43.3,80.1,14
feed_15,cow_1,2026-09-17T18:00:00.000Z,44.6,86.9,9
feed_16,cow_1,2026-09-18T18:00:00.000Z,43.9,88.5,11
feed_17,cow_1,2026-09-19T18:00:00.000Z,43.9,85.4,12
feed_18,cow_1,2026-09-20T18:00:00.000Z,42.0,85.4,12
feed_19,cow_1,2026-09-21T18:00:00.000Z,43.2,86.0,10
feed_20,cow_1,2026-09-22T18:00:00.000Z,45.2,86.4,10
feed_21,cow_1,2026-09-23T18:00:00.000Z,42.8,82.4,10
feed_22,cow_1,2026-09-24T18:00:00.000Z,45.5,89.0,12
feed_23,cow_1,2026-09-25T18:00:00.000Z,43.3,88.6,10
feed_24,cow_1,2026-09-26T18:00:00.000Z,43.5,87.5,10
feed_25,cow_1,2026-09-27T18:00:00.000Z,42.7,85.2,10
feed_26,cow_1,2026-09-28T18:00:00.000Z,41.5,85.0,10
feed_27,cow_1,2026-09-29T18:00:00.000Z,45.5,80.8,14
feed_28,cow_1,2026-09-30T18:00:00.000Z,41.8,86.5,10
feed_29,cow_1,2026-10-01T18:00:00.000Z,46.5,88.1,10
feed_30,cow_1,2026-10-02T18:00:00.000Z,41.8,84.1,13
feed_31,cow_1,2026-10-03T18:00:00.000Z,44.4,84.7,11
feed_32,cow_2,2026-09-03T18:00:00.000Z,43.5,81.2,11
feed_33,cow_2,2026-09-04T18:00:00.000Z,42.3,86.9,9
feed_34,cow_2,2026-09-05T18:00:00.000Z,44.3,80.6,9
feed_35,cow_2,2026-09-06T18:00:00.000Z,46.9,82.5,9
feed_36,cow_2,2026-09-07T18:00:00.000Z,44.5,85.0,9
feed_37,cow_2,2026-09-08T18:00:00.000Z,43.5,84.0,14
feed_38,cow_2,2026-09-09T18:00:00.000Z,41.7,80.6,9
feed_39,cow_2,2026-09-10T18:00:00.000Z,46.3,84.1,10
feed_40,cow_2,2026-09-11T18:00:00.000Z,43.9,89.9,11
feed_41,cow_2,2026-09-12T18:00:00.000Z,43.5,81.8,11
feed_42,cow_2,2026-09-13T18:00:00.000Z,42.7,83.9,13
feed_43,cow_2,2026-09-14T18:00:00.000Z,44.2,84.6,11
feed_44,cow_2,2026-09-15T18:00:00.000Z,45.9,87.1,9
feed_45,cow_2,2026-09-16T18:00:00.000Z,41.4,80.1,10
feed_46,cow_2,2026-09-17T18:00:00.000Z,44.8,84.7,9
feed_47,cow_2,2026-09-18T18:00:00.000Z,41.7,84.6,11
feed_48,cow_2,2026-09-19T18:00:00.000Z,42.2,88.6,11
feed_49,cow_2,2026-09-20T18:00:00.000Z,42.7,81.9,11
feed_50,cow_2,2026-09-21T18:00:00.000Z,46.0,80.5,10
feed_51,cow_2,2026-09-22T18:00:00.000Z,42.1,81.1,13
feed_52,cow_2,2026-09-23T18:00:00.000Z,45.2,85.8,12
feed_53,cow_2,2026-09-24T18:00:00.000Z,43.6,89.1,12
feed_54,cow_2,2026-09-25T18:00:00.000Z,42.5,89.4,12
feed_55,cow_2,2026-09-26T18:00:00.000Z,44.0,81.3,14
feed_56,cow_2,2026-09-27T18:00:00.000Z,41.5,80.3,13
feed_57,cow_2,2026-09-28T18:00:00.000Z,43.7,81.9,11
feed_58,cow_2,2026-09-29T18:00:00.000Z,47.0,88.3,13
feed_59,cow_2,2026-09-30T18:00:00.000Z,43.1,81.3,14
feed_60,cow_2,2026-10-01T18:00:00.000Z,46.0,82.4,9
feed_61,cow_2,2026-10-02T18:00:00.000Z,46.3,80.1,11
feed_62,cow_2,2026-10-03T18:00:00.000Z,45.5,80.2,12
feed_63,cow_3,2026-09-03T18:00:00.000Z,41.2,80.0,12
feed_64,cow_3,2026-09-04T18:00:00.000Z,44.0,83.2,13
feed_65,cow_3,2026-09-05T18:00:00.000Z,46.0,87.7,10
feed_66,cow_3,2026-09-06T18:00:00.000Z,44.9,84.1,12
feed_67,cow_3,2026-09-07T18:00:00.000Z,41.2,82.5,12
feed_68,cow_3,2026-09-08T18:00:00.000Z,41.9,85.2,10
feed_69,cow_3,2026-09-09T18:00:00.000Z,46.2,81.0,10
feed_70,cow_3,2026-09-10T18:00:00.000Z,41.1,85.2,13
feed_71,cow_3,2026-09-11T18:00:00.000Z,43.3,82.4,9
feed_72,cow_3,2026-09-12T18:00:00.000Z,42.5,88.5,10
feed_73,cow_3,2026-09-13T18:00:00.000Z,44.9,84.0,12
feed_74,cow_3,2026-09-14T18:00:00.000Z,46.8,89.9,14
feed_75,cow_3,2026-09-15T18:00:00.000Z,45.8,87.3,13
feed_76,cow_3,2026-09-16T18:00:00.000Z,43.5,85.4,14
feed_77,cow_3,2026-09-17T18:00:00.000Z,42.7,83.7,14
feed_78,cow_3,2026-09-18T18:00:00.000Z,42.8,84.6,14
feed_79,cow_3,2026-09-19T18:00:00.000Z,41.1,86.8,10
feed_80,cow_3,2026-09-20T18:00:00.000Z,44.4,89.6,9
feed_81,cow_3,2026-09-21T18:00:00.000Z,42.8,83.3,12
feed_82,cow_3,2026-09-22T18:00:00.000Z,41.9,89.9,9
feed_83,cow_3,2026-09-23T18:00:00.000Z,45.5,82.4,12
feed_84,cow_3,2026-09-24T18:00:00.000Z,43.7,86.4,10
feed_85,cow_3,2026-09-25T18:00:00.000Z,46.6,89.8,9
feed_86,cow_3,2026-09-26T18:00:00.000Z,41.2,86.6,14
feed_87,cow_3,2026-09-27T18:00:00.000Z,42.8,80.5,10
feed_88,cow_3,2026-09-28T18:00:00.000Z,42.8,89.6,13
feed_89,cow_3,2026-09-29T18:00:00.000Z,42.7,81.6,9
feed_90,cow_3,2026-09-30T18:00:00.000Z,44.0,82.9,13
feed_91,cow_3,2026-10-01T18:00:00.000Z,41.2,87.1,9
feed_92,cow_3,2026-10-02T18:00:00.000Z,43.7,82.2,9
feed_93,cow_3,2026-10-03T18:00:00.000Z,41.4,85.1,11
feed_94,cow_4,2026-09-03T18:00:00.000Z,44.7,84.3,9
feed_95,cow_4,2026-09-04T18:00:00.000Z,44.4,81.1,13
feed_96,cow_4,2026-09-05T18:00:00.000Z,45.3,85.5,13
feed_97,cow_4,2026-09-06T18:00:00.000Z,42.5,80.6,9
feed_98,cow_4,2026-09-07T18:00:00.000Z,45.5,83.5,10
feed_99,cow_4,2026-09-08T18:00:00.000Z,44.3,82.8,12
feed_100,cow_4,2026-09-09T18:00:00.000Z,42.4,83.5,11
feed_101,cow_4,2026-09-10T18:00:00.000Z,42.9,81.3,11
feed_102,cow_4,2026-09-11T18:00:00.000Z,45.4,80.7,13
feed_103,cow_4,2026-09-12T18:00:00.000Z,45.1,83.8,12
feed_104,cow_4,2026-09-13T18:00:00.000Z,43.8,87.2,13
feed_105,cow_4,2026-09-14T18:00:00.000Z,41.0,87.2,14
feed_106,cow_4,2026-09-15T18:00:00.000Z,46.6,85.8,14
feed_107,cow_4,2026-09-16T18:00:00.000Z,46.4,82.7,13
feed_108,cow_4,2026-09-17T18:00:00.000Z,41.3,81.0,12
feed_109,cow_4,2026-09-18T18:00:00.000Z,41.9,82.0,12
feed_110,cow_4,2026-09-19T18:00:00.000Z,42.7,80.5,9
feed_111,cow_4,2026-09-20T18:00:00.000Z,43.2,80.8,11
feed_112,cow_4,2026-09-21T18:00:00.000Z,42.7,84.6,9
feed_113,cow_4,2026-09-22T18:00:00.000Z,42.8,81.9,13
feed_114,cow_4,2026-09-23T18:00:00.000Z,46.2,87.9,14
feed_115,cow_4,2026-09-24T18:00:00.000Z,41.1,81.7,13
feed_116,cow_4,2026-09-25T18:00:00.000Z,44.6,86.4,12
feed_117,cow_4,2026-09-26T18:00:00.000Z,46.9,80.8,12
feed_118,cow_4,2026-09-27T18:00:00.000Z,46.6,80.0,10
feed_119,cow_4,2026-09-28T18:00:00.000Z,44.4,82.6,13
feed_120,cow_4,2026-09-29T18:00:00.000Z,44.0,89.0,14
feed_121,cow_4,2026-09-30T18:00:00.000Z,41.5,81.4,11
feed_122,cow_4,2026-10-01T18:00:00.000Z,44.2,83.2,14
feed_123,cow_4,2026-10-02T18:00:00.000Z,44.5,84.5,11
feed_124,cow_4,2026-10-03T18:00:00.000Z,43.5,85.2,10
feed_125,cow_5,2026-09-03T18:00:00.000Z,46.0,87.6,11
feed_126,cow_5,2026-09-04T18:00:00.000Z,43.3,86.4,13
feed_127,cow_5,2026-09-05T18:00:00.000Z,45.1,83.7,14
feed_128,cow_5,2026-09-06T18:00:00.000Z,42.5,88.9,14
feed_129,cow_5,2026-09-07T18:00:00.000Z,41.5,87.2,11
feed_130,cow_5,2026-09-08T18:00:00.000Z,44.4,86.3,11
feed_131,cow_5,2026-09-09T18:00:00.000Z,45.9,84.6,13
feed_132,cow_5,2026-09-10T18:00:00.000Z,45.5,81.5,9
feed_133,cow_5,2026-09-11T18:00:00.000Z,46.2,86.4,14
feed_134,cow_5,2026-09-12T18:00:00.000Z,44.7,89.2,9
feed_135,cow_5,2026-09-13T18:00:00.000Z,45.4,81.5,12
feed_136,cow_5,2026-09-14T18:00:00.000Z,43.5,86.8,9
feed_137,cow_5,2026-09-15T18:00:00.000Z,43.5,88.1,14
feed_138,cow_5,2026-09-16T18:00:00.000Z,43.1,81.4,14
feed_139,cow_5,2026-09-17T18:00:00.000Z,46.3,83.4,12
feed_140,cow_5,2026-09-18T18:00:00.000Z,43.1,85.3,9
feed_141,cow_5,2026-09-19T18:00:00.000Z,43.9,81.4,12
feed_142,cow_5,2026-09-20T18:00:00.000Z,41.3,87.2,14
feed_143,cow_5,2026-09-21T18:00:00.000Z,44.7,89.6,12
feed_144,cow_5,2026-09-22T18:00:00.000Z,46.4,84.7,13
feed_145,cow_5,2026-09-23T18:00:00.000Z,45.7,81.6,14
feed_146,cow_5,2026-09-24T18:00:00.000Z,44.8,85.0,11
feed_147,cow_5,2026-09-25T18:00:00.000Z,45.1,84.0,11
feed_148,cow_5,2026-09-26T18:00:00.000Z,45.1,83.0,9
feed_149,cow_5,2026-09-27T18:00:00.000Z,41.0,81.4,13
feed_150,cow_5,2026-09-28T18:00:00.000Z,45.8,83.8,9
feed_151,cow_5,2026-09-29T18:00:00.000Z,41.7,89.5,12
feed_152,cow_5,2026-09-30T18:00:00.000Z,44.6,87.7,14
feed_153,cow_5,2026-10-01T18:00:00.000Z,42.3,80.8,9
feed_154,cow_5,2026-10-02T18:00:00.000Z,46.0,88.4,12
feed_155,cow_5,2026-10-03T18:00:00.000Z,41.7,87.9,11
feed_156,cow_6,2026-09-03T18:00:00.000Z,41.3,89.2,14
feed_157,cow_6,2026-09-04T18:00:00.000Z,45.0,86.4,14
feed_158,cow_6,2026-09-05T18:00:00.000Z,45.6,88.6,13
feed_159,cow_6,2026-09-06T18:00:00.000Z,41.6,82.6,10
feed_160,cow_6,2026-09-07T18:00:00.000Z,43.2,83.0,13
feed_161,cow_6,2026-09-08T18:00:00.000Z,43.9,87.3,12
feed_162,cow_6,2026-09-09T18:00:00.000Z,45.7,81.3,13
feed_163,cow_6,2026-09-10T18:00:00.000Z,45.3,87.0,13
feed_164,cow_6,2026-09-11T18:00:00.000Z,43.7,81.1,14
feed_165,cow_6,2026-09-12T18:00:00.000Z,46.0,83.7,10
feed_166,cow_6,2026-09-13T18:00:00.000Z,45.6,89.7,12
feed_167,cow_6,2026-09-14T18:00:00.000Z,44.1,82.5,12
feed_168,cow_6,2026-09-15T18:00:00.000Z,42.5,87.3,14
feed_169,cow_6,2026-09-16T18:00:00.000Z,45.1,89.3,11
feed_170,cow_6,2026-09-17T18:00:00.000Z,44.1,89.9,12
feed_171,cow_6,2026-09-18T18:00:00.000Z,42.4,88.4,10
feed_172,cow_6,2026-09-19T18:00:00.000Z,44.7,85.7,14
feed_173,cow_6,2026-09-20T18:00:00.000Z,43.4,85.1,9
feed_174,cow_6,2026-09-21T18:00:00.000Z,43.2,82.3,10
feed_175,cow_6,2026-09-22T18:00:00.000Z,43.5,84.7,9
feed_176,cow_6,2026-09-23T18:00:00.000Z,43.7,87.0,10
feed_177,cow_6,2026-09-24T18:00:00.000Z,44.8,86.7,14
feed_178,cow_6,2026-09-25T18:00:00.000Z,41.6,86.9,11
feed_179,cow_6,2026-09-26T18:00:00.000Z,45.8,84.4,11
feed_180,cow_6,2026-09-27T18:00:00.000Z,46.3,81.4,9
feed_181,cow_6,2026-09-28T18:00:00.000Z,42.3,87.6,11
feed_182,cow_6,2026-09-29T18:00:00.000Z,44.1,80.7,12
feed_183,cow_6,2026-09-30T18:00:00.000Z,42.6,81.9,9
feed_184,cow_6,2026-10-01T18:00:00.000Z,45.0,84.0,9
feed_185,cow_6,2026-10-02T18:00:00.000Z,43.2,82.5,10
feed_186,cow_6,2026-10-03T18:00:00.000Z,46.5,83.5,14
feed_187,cow_7,2026-09-03T18:00:00.000Z,43.4,83.2,14
feed_188,cow_7,2026-09-04T18:00:00.000Z,46.5,85.4,9
feed_189,cow_7,2026-09-05T18:00:00.000Z,44.4,87.5,14
feed_190,cow_7,2026-09-06T18:00:00.000Z,46.6,82.9,11
feed_191,cow_7,2026-09-07T18:00:00.000Z,45.3,82.2,14
feed_192,cow_7,2026-09-08T18:00:00.000Z,41.4,84.5,11
feed_193,cow_7,2026-09-09T18:00:00.000Z,46.8,86.6,11
feed_194,cow_7,2026-09-10T18:00:00.000Z,43.7,84.8,10
feed_195,cow_7,2026-09-11T18:00:00.000Z,42.8,80.4,13
feed_196,cow_7,2026-09-12T18:00:00.000Z,44.6,82.5,13
feed_197,cow_7,2026-09-13T18:00:00.000Z,46.9,88.2,10
feed_198,cow_7,2026-09-14T18:00:00.000Z,41.2,87.3,9
feed_199,cow_7,2026-09-15T18:00:00.000Z,44.4,84.5,12
feed_200,cow_7,2026-09-16T18:00:00.000Z,46.7,80.7,13
feed_201,cow_7,2026-09-17T18:00:00.000Z,42.6,87.9,13
feed_202,cow_7,2026-09-18T18:00:00.000Z,44.9,82.1,9
feed_203,cow_7,2026-09-19T18:00:00.000Z,44.4,85.8,9
feed_204,cow_7,2026-09-20T18:00:00.000Z,46.4,83.0,11
feed_205,cow_7,2026-09-21T18:00:00.000Z,41.2,80.3,12
feed_206,cow_7,2026-09-22T18:00:00.000Z,43.0,85.9,10
feed_207,cow_7,2026-09-23T18:00:00.000Z,43.4,86.9,9
feed_208,cow_7,2026-09-24T18:00:00.000Z,45.5,80.7,14
feed_209,cow_7,2026-09-25T18:00:00.000Z,43.5,88.3,12
feed_210,cow_7,2026-09-26T18:00:00.000Z,44.0,83.6,12
feed_211,cow_7,2026-09-27T18:00:00.000Z,42.3,84.2,10
feed_212,cow_7,2026-09-28T18:00:00.000Z,42.3,82.6,12
feed_213,cow_7,2026-09-29T18:00:00.000Z,44.2,80.6,14
feed_214,cow_7,2026-09-30T18:00:00.000Z,41.4,84.4,14
feed_215,cow_7,2026-10-01T18:00:00.000Z,42.2,83.2,9
feed_216,cow_7,2026-10-02T18:00:00.000Z,41.7,89.8,13
feed_217,cow_7,2026-10-03T18:00:00.000Z,46.0,80.3,10
feed_218,cow_8,2026-09-03T18:00:00.000Z,41.6,83.1,14
feed_219,cow_8,2026-09-04T18:00:00.000Z,43.2,89.4,9
feed_220,cow_8,2026-09-05T18:00:00.000Z,45.8,82.0,12
feed_221,cow_8,2026-09-06T18:00:00.000Z,42.6,87.1,11
feed_222,cow_8,2026-09-07T18:00:00.000Z,41.4,81.1,10
feed_223,cow_8,2026-09-08T18:00:00.000Z,42.7,88.4,11
feed_224,cow_8,2026-09-09T18:00:00.000Z,42.7,87.4,12
feed_225,cow_8,2026-09-10T18:00:00.000Z,44.5,88.7,10
feed_226,cow_8,2026-09-11T18:00:00.000Z,43.1,84.4,14
feed_227,cow_8,2026-09-12T18:00:00.000Z,43.8,80.1,12
feed_228,cow_8,2026-09-13T18:00:00.000Z,43.4,81.4,12
feed_229,cow_8,2026-09-14T18:00:00.000Z,41.8,88.1,10
feed_230,cow_8,2026-09-15T18:00:00.000Z,41.4,84.0,14
feed_231,cow_8,2026-09-16T18:00:00.000Z,44.5,81.3,13
feed_232,cow_8,2026-09-17T18:00:00.000Z,43.5,83.8,12
feed_233,cow_8,2026-09-18T18:00:00.000Z,46.5,80.9,12
feed_234,cow_8,2026-09-19T18:00:00.000Z,46.5,81.5,11
feed_235,cow_8,2026-09-20T18:00:00.000Z,42.5,80.1,10
feed_236,cow_8,2026-09-21T18:00:00.000Z,45.1,80.4,14
feed_237,cow_8,2026-09-22T18:00:00.000Z,44.8,88.9,13
feed_238,cow_8,2026-09-23T18:00:00.000Z,43.5,84.8,10
feed_239,cow_8,2026-09-24T18:00:00.000Z,43.4,86.1,10
feed_240,cow_8,2026-09-25T18:00:00.000Z,46.6,82.0,13
feed_241,cow_8,2026-09-26T18:00:00.000Z,43.4,81.8,10
feed_242,cow_8,2026-09-27T18:00:00.000Z,43.4,86.3,10
feed_243,cow_8,2026-09-28T18:00:00.000Z,44.8,87.2,12
feed_244,cow_8,2026-09-29T18:00:00.000Z,42.4,87.6,11
feed_245,cow_8,2026-09-30T18:00:00.000Z,46.4,85.0,9
feed_246,cow_8,2026-10-01T18:00:00.000Z,46.1,82.5,12
feed_247,cow_8,2026-10-02T18:00:00.000Z,42.5,85.3,9
feed_248,cow_8,2026-10-03T18:00:00.000Z,43.4,84.1,11
feed_249,cow_9,2026-09-03T18:00:00.000Z,42.2,83.9,14
feed_250,cow_9,2026-09-04T18:00:00.000Z,43.6,86.2,9
feed_251,cow_9,2026-09-05T18:00:00.000Z,41.3,80.2,11
feed_252,cow_9,2026-09-06T18:00:00.000Z,43.0,87.5,12
feed_253,cow_9,2026-09-07T18:00:00.000Z,41.5,81.4,13
feed_254,cow_9,2026-09-08T18:00:00.000Z,42.8,88.3,9
feed_255,cow_9,2026-09-09T18:00:00.000Z,46.6,80.7,12
feed_256,cow_9,2026-09-10T18:00:00.000Z,42.0,85.8,10
feed_257,cow_9,2026-09-11T18:00:00.000Z,41.0,86.4,14
feed_258,cow_9,2026-09-12T18:00:00.000Z,43.1,83.4,12
feed_259,cow_9,2026-09-13T18:00:00.000Z,43.1,80.7,9
feed_260,cow_9,2026-09-14T18:00:00.000Z,44.6,82.0,11
feed_261,cow_9,2026-09-15T18:00:00.000Z,41.0,85.5,12
feed_262,cow_9,2026-09-16T18:00:00.000Z,41.8,82.7,11
feed_263,cow_9,2026-09-17T18:00:00.000Z,43.4,81.1,11
feed_264,cow_9,2026-09-18T18:00:00.000Z,46.9,88.4,9
feed_265,cow_9,2026-09-19T18:00:00.000Z,45.8,82.5,14
feed_266,cow_9,2026-09-20T18:00:00.000Z,41.8,82.8,12
feed_267,cow_9,2026-09-21T18:00:00.000Z,42.2,83.3,11
feed_268,cow_9,2026-09-22T18:00:00.000Z,46.3,83.8,14
feed_269,cow_9,2026-09-23T18:00:00.000Z,46.7,83.9,12
feed_270,cow_9,2026-09-24T18:00:00.000Z,45.1,89.4,13
feed_271,cow_9,2026-09-25T18:00:00.000Z,41.5,88.2,9
feed_272,cow_9,2026-09-26T18:00:00.000Z,41.2,82.4,13
feed_273,cow_9,2026-09-27T18:00:00.000Z,45.4,80.2,12
feed_274,cow_9,2026-09-28T18:00:00.000Z,43.2,89.2,9
feed_275,cow_9,2026-09-29T18:00:00.000Z,44.7,87.1,9
feed_276,cow_9,2026-09-30T18:00:00.000Z,45.2,87.6,14
feed_277,cow_9,2026-10-01T18:00:00.000Z,41.9,88.6,12
feed_278,cow_9,2026-10-02T18:00:00.000Z,42.3,87.6,13
feed_279,cow_9,2026-10-03T18:00:00.000Z,42.1,81.5,12
feed_280,cow_10,2026-09-03T18:00:00.000Z,45.7,88.6,9
feed_281,cow_10,2026-09-04T18:00:00.000Z,43.9,89.1,11
feed_282,cow_10,2026-09-05T18:00:00.000Z,45.9,81.4,9
feed_283,cow_10,2026-09-06T18:00:00.000Z,43.6,81.6,11
feed_284,cow_10,2026-09-07T18:00:00.000Z,45.2,86.9,12
feed_285,cow_10,2026-09-08T18:00:00.000Z,43.8,82.0,12
feed_286,cow_10,2026-09-09T18:00:00.000Z,44.4,86.3,13
feed_287,cow_10,2026-09-10T18:00:00.000Z,41.5,86.3,13
feed_288,cow_10,2026-09-11T18:00:00.000Z,44.5,84.8,11
feed_289,cow_10,2026-09-12T18:00:00.000Z,42.5,82.3,12
feed_290,cow_10,2026-09-13T18:00:00.000Z,44.0,82.7,10
feed_291,cow_10,2026-09-14T18:00:00.000Z,41.5,81.6,11
feed_292,cow_10,2026-09-15T18:00:00.000Z,45.7,82.8,12
feed_293,cow_10,2026-09-16T18:00:00.000Z,45.8,82.2,9
feed_294,cow_10,2026-09-17T18:00:00.000Z,44.9,80.1,9
feed_295,cow_10,2026-09-18T18:00:00.000Z,44.6,83.5,12
feed_296,cow_10,2026-09-19T18:00:00.000Z,43.9,86.1,12
feed_297,cow_10,2026-09-20T18:00:00.000Z,46.2,83.1,12
feed_298,cow_10,2026-09-21T18:00:00.000Z,43.3,86.3,14
feed_299,cow_10,2026-09-22T18:00:00.000Z,42.0,80.3,13
feed_300,cow_10,2026-09-23T18:00:00.000Z,45.4,84.4,9
feed_301,cow_10,2026-09-24T18:00:00.000Z,45.3,85.2,10
feed_302,cow_10,2026-09-25T18:00:00.000Z,46.7,88.1,12
feed_303,cow_10,2026-09-26T18:00:00.000Z,46.8,84.9,13
feed_304,cow_10,2026-09-27T18:00:00.000Z,43.2,83.8,9
feed_305,cow_10,2026-09-28T18:00:00.000Z,41.8,83.2,12
feed_306,cow_10,2026-09-29T18:00:00.000Z,44.4,88.7,13
feed_307,cow_10,2026-09-30T18:00:00.000Z,43.7,82.9,9
feed_308,cow_10,2026-10-01T18:00:00.000Z,44.6,89.2,9
feed_309,cow_10,2026-10-02T18:00:00.000Z,41.7,87.3,11
feed_310,cow_10,2026-10-03T18:00:00.000Z,42.1,83.7,10
feed_311,cow_11,2026-09-03T18:00:00.000Z,43.4,85.5,13
feed_312,cow_11,2026-09-04T18:00:00.000Z,41.6,82.4,13
feed_313,cow_11,2026-09-05T18:00:00.000Z,46.0,82.1,11
feed_314,cow_11,2026-09-06T18:00:00.000Z,44.2,80.7,14
feed_315,cow_11,2026-09-07T18:00:00.000Z,43.4,84.1,13
feed_316,cow_11,2026-09-08T18:00:00.000Z,46.2,83.4,13
feed_317,cow_11,2026-09-09T18:00:00.000Z,46.0,80.1,9
feed_318,cow_11,2026-09-10T18:00:00.000Z,42.6,82.1,14
feed_319,cow_11,2026-09-11T18:00:00.000Z,45.7,81.4,11
feed_320,cow_11,2026-09-12T18:00:00.000Z,42.1,87.8,13
feed_321,cow_11,2026-09-13T18:00:00.000Z,45.3,86.2,14
feed_322,cow_11,2026-09-14T18:00:00.000Z,41.1,89.3,14
feed_323,cow_11,2026-09-15T18:00:00.000Z,43.6,87.7,10
feed_324,cow_11,2026-09-16T18:00:00.000Z,46.6,85.7,13
feed_325,cow_11,2026-09-17T18:00:00.000Z,44.5,89.0,12
feed_326,cow_11,2026-09-18T18:00:00.000Z,42.1,89.3,10
feed_327,cow_11,2026-09-19T18:00:00.000Z,46.9,86.6,9
feed_328,cow_11,2026-09-20T18:00:00.000Z,46.1,84.8,11
feed_329,cow_11,2026-09-21T18:00:00.000Z,46.8,80.7,14
feed_330,cow_11,2026-09-22T18:00:00.000Z,42.3,82.7,12
feed_331,cow_11,2026-09-23T18:00:00.000Z,42.4,85.2,11
feed_332,cow_11,2026-09-24T18:00:00.000Z,46.2,80.3,14
feed_333,cow_11,2026-09-25T18:00:00.000Z,45.6,81.5,9
feed_334,cow_11,2026-09-26T18:00:00.000Z,45.0,80.2,12
feed_335,cow_11,2026-09-27T18:00:00.000Z,44.9,86.9,12
feed_336,cow_11,2026-09-28T18:00:00.000Z,44.7,85.2,14
feed_337,cow_11,2026-09-29T18:00:00.000Z,47.0,85.5,13
feed_338,cow_11,2026-09-30T18:00:00.000Z,43.1,83.0,10
feed_339,cow_11,2026-10-01T18:00:00.000Z,46.4,80.5,10
feed_340,cow_11,2026-10-02T18:00:00.000Z,43.2,83.7,12
feed_341,cow_11,2026-10-03T18:00:00.000Z,42.0,81.1,9
feed_342,cow_12,2026-09-03T18:00:00.000Z,45.1,80.5,9
feed_343,cow_12,2026-09-04T18:00:00.000Z,42.7,86.0,11
feed_344,cow_12,2026-09-05T18:00:00.000Z,43.7,82.1,13
feed_345,cow_12,2026-09-06T18:00:00.000Z,43.5,88.5,14
feed_346,cow_12,2026-09-07T18:00:00.000Z,46.2,80.6,12
feed_347,cow_12,2026-09-08T18:00:00.000Z,43.9,80.2,13
feed_348,cow_12,2026-09-09T18:00:00.000Z,41.0,83.6,13
feed_349,cow_12,2026-09-10T18:00:00.000Z,45.1,87.0,12
feed_350,cow_12,2026-09-11T18:00:00.000Z,43.3,82.9,14
feed_351,cow_12,2026-09-12T18:00:00.000Z,45.3,88.1,13
feed_352,cow_12,2026-09-13T18:00:00.000Z,43.6,86.6,11
feed_353,cow_12,2026-09-14T18:00:00.000Z,44.3,89.4,9
feed_354,cow_12,2026-09-15T18:00:00.000Z,42.1,81.8,9
feed_355,cow_12,2026-09-16T18:00:00.000Z,43.1,88.5,14
feed_356,cow_12,2026-09-17T18:00:00.000Z,45.3,86.7,10
feed_357,cow_12,2026-09-18T18:00:00.000Z,42.5,84.3,10
feed_358,cow_12,2026-09-19T18:00:00.000Z,43.1,80.7,14
feed_359,cow_12,2026-09-20T18:00:00.000Z,42.0,87.8,12
feed_360,cow_12,2026-09-21T18:00:00.000Z,46.0,80.1,13
feed_361,cow_12,2026-09-22T18:00:00.000Z,44.3,86.5,13
feed_362,cow_12,2026-09-23T18:00:00.000Z,43.2,81.2,13
feed_363,cow_12,2026-09-24T18:00:00.000Z,43.0,84.8,10
feed_364,cow_12,2026-09-25T18:00:00.000Z,41.6,81.8,14
feed_365,cow_12,2026-09-26T18:00:00.000Z,46.2,80.4,13
feed_366,cow_12,2026-09-27T18:00:00.000Z,46.0,85.4,13
feed_367,cow_12,2026-09-28T18:00:00.000Z,43.8,85.3,11
feed_368,cow_12,2026-09-29T18:00:00.000Z,46.0,87.6,11
feed_369,cow_12,2026-09-30T18:00:00.000Z,44.7,83.9,11
feed_370,cow_12,2026-10-01T18:00:00.000Z,45.5,82.2,9
feed_371,cow_12,2026-10-02T18:00:00.000Z,44.6,88.5,14
feed_372,cow_12,2026-10-03T18:00:00.000Z,46.7,84.4,13
feed_373,cow_13,2026-09-03T18:00:00.000Z,42.8,81.4,14
feed_374,cow_13,2026-09-04T18:00:00.000Z,45.7,89.5,13
feed_375,cow_13,2026-09-05T18:00:00.000Z,41.6,82.5,13
feed_376,cow_13,2026-09-06T18:00:00.000Z,45.9,89.6,11
feed_377,cow_13,2026-09-07T18:00:00.000Z,42.7,88.0,13
feed_378,cow_13,2026-09-08T18:00:00.000Z,42.3,89.8,14
feed_379,cow_13,2026-09-09T18:00:00.000Z,44.8,81.6,10
feed_380,cow_13,2026-09-10T18:00:00.000Z,44.9,86.8,9
feed_381,cow_13,2026-09-11T18:00:00.000Z,46.0,82.7,13
feed_382,cow_13,2026-09-12T18:00:00.000Z,43.8,87.9,10
feed_383,cow_13,2026-09-13T18:00:00.000Z,44.7,80.2,10
feed_384,cow_13,2026-09-14T18:00:00.000Z,41.1,89.2,12
feed_385,cow_13,2026-09-15T18:00:00.000Z,43.7,80.5,9
feed_386,cow_13,2026-09-16T18:00:00.000Z,42.6,81.2,14
feed_387,cow_13,2026-09-17T18:00:00.000Z,44.1,80.0,14
feed_388,cow_13,2026-09-18T18:00:00.000Z,41.8,82.0,13
feed_389,cow_13,2026-09-19T18:00:00.000Z,43.5,82.7,13
feed_390,cow_13,2026-09-20T18:00:00.000Z,46.6,85.5,11
feed_391,cow_13,2026-09-21T18:00:00.000Z,41.8,86.1,11
feed_392,cow_13,2026-09-22T18:00:00.000Z,46.3,88.7,13
feed_393,cow_13,2026-09-23T18:00:00.000Z,45.0,86.3,14
feed_394,cow_13,2026-09-24T18:00:00.000Z,45.3,84.6,14
feed_395,cow_13,2026-09-25T18:00:00.000Z,46.9,82.4,13
feed_396,cow_13,2026-09-26T18:00:00.000Z,44.2,85.4,13
feed_397,cow_13,2026-09-27T18:00:00.000Z,45.4,86.1,12
feed_398,cow_13,2026-09-28T18:00:00.000Z,41.4,85.2,10
feed_399,cow_13,2026-09-29T18:00:00.000Z,45.1,86.4,11
feed_400,cow_13,2026-09-30T18:00:00.000Z,43.8,83.3,12
feed_401,cow_13,2026-10-01T18:00:00.000Z,43.4,81.8,12
feed_402,cow_13,2026-10-02T18:00:00.000Z,46.6,88.6,13
feed_403,cow_13,2026-10-03T18:00:00.000Z,43.0,89.0,10
feed_404,cow_14,2026-09-03T18:00:00.000Z,44.6,84.6,11
feed_405,cow_14,2026-09-04T18:00:00.000Z,41.6,85.7,12
feed_406,cow_14,2026-09-05T18:00:00.000Z,41.6,84.8,13
feed_407,cow_14,2026-09-06T18:00:00.000Z,41.8,89.8,13
feed_408,cow_14,2026-09-07T18:00:00.000Z,45.1,84.3,13
feed_409,cow_14,2026-09-08T18:00:00.000Z,41.1,83.1,12
feed_410,cow_14,2026-09-09T18:00:00.000Z,43.3,80.9,9
feed_411,cow_14,2026-09-10T18:00:00.000Z,41.1,81.8,13
feed_412,cow_14,2026-09-11T18:00:00.000Z,42.1,85.1,12
feed_413,cow_14,2026-09-12T18:00:00.000Z,46.9,81.0,12
feed_414,cow_14,2026-09-13T18:00:00.000Z,44.9,89.0,14
feed_415,cow_14,2026-09-14T18:00:00.000Z,44.9,87.6,14
feed_416,cow_14,2026-09-15T18:00:00.000Z,42.0,89.5,13
feed_417,cow_14,2026-09-16T18:00:00.000Z,41.2,89.9,14
feed_418,cow_14,2026-09-17T18:00:00.000Z,45.0,80.8,9
feed_419,cow_14,2026-09-18T18:00:00.000Z,46.1,81.5,13
feed_420,cow_14,2026-09-19T18:00:00.000Z,41.3,88.2,10
feed_421,cow_14,2026-09-20T18:00:00.000Z,42.0,83.0,11
feed_422,cow_14,2026-09-21T18:00:00.000Z,46.6,84.9,12
feed_423,cow_14,2026-09-22T18:00:00.000Z,43.3,84.0,13
feed_424,cow_14,2026-09-23T18:00:00.000Z,46.7,84.3,14
feed_425,cow_14,2026-09-24T18:00:00.000Z,45.3,88.8,13
feed_426,cow_14,2026-09-25T18:00:00.000Z,44.2,87.7,11
feed_427,cow_14,2026-09-26T18:00:00.000Z,46.3,86.1,9
feed_428,cow_14,2026-09-27T18:00:00.000Z,44.3,85.7,12
feed_429,cow_14,2026-09-28T18:00:00.000Z,46.1,85.8,9
feed_430,cow_14,2026-09-29T18:00:00.000Z,42.3,81.7,11
feed_431,cow_14,2026-09-30T18:00:00.000Z,45.2,85.9,13
feed_432,cow_14,2026-10-01T18:00:00.000Z,45.8,82.0,12
feed_433,cow_14,2026-10-02T18:00:00.000Z,42.2,88.7,10
feed_434,cow_14,2026-10-03T18:00:00.000Z,44.7,87.2,14
feed_435,cow_15,2026-09-03T18:00:00.000Z,41.2,87.7,13
feed_436,cow_15,2026-09-04T18:00:00.000Z,42.4,82.8,11
feed_437,cow_15,2026-09-05T18:00:00.000Z,45.9,81.5,12
feed_438,cow_15,2026-09-06T18:00:00.000Z,46.0,84.1,9
feed_439,cow_15,2026-09-07T18:00:00.000Z,41.8,88.4,13
feed_440,cow_15,2026-09-08T18:00:00.000Z,42.9,89.4,14
feed_441,cow_15,2026-09-09T18:00:00.000Z,45.8,81.7,12
feed_442,cow_15,2026-09-10T18:00:00.000Z,44.2,80.3,10
feed_443,cow_15,2026-09-11T18:00:00.000Z,41.2,89.5,9
feed_444,cow_15,2026-09-12T18:00:00.000Z,45.3,81.8,10
feed_445,cow_15,2026-09-13T18:00:00.000Z,44.8,82.1,9
feed_446,cow_15,2026-09-14T18:00:00.000Z,45.4,83.6,14
feed_447,cow_15,2026-09-15T18:00:00.000Z,43.5,87.7,14
feed_448,cow_15,2026-09-16T18:00:00.000Z,45.5,82.1,11
feed_449,cow_15,2026-09-17T18:00:00.000Z,41.6,83.8,9
feed_450,cow_15,2026-09-18T18:00:00.000Z,41.6,88.9,14
feed_451,cow_15,2026-09-19T18:00:00.000Z,43.1,80.0,11
feed_452,cow_15,2026-09-20T18:00:00.000Z,42.6,80.6,12
feed_453,cow_15,2026-09-21T18:00:00.000Z,42.8,83.8,14
feed_454,cow_15,2026-09-22T18:00:00.000Z,43.1,83.4,11
feed_455,cow_15,2026-09-23T18:00:00.000Z,45.2,80.1,13
feed_456,cow_15,2026-09-24T18:00:00.000Z,46.0,88.6,14
feed_457,cow_15,2026-09-25T18:00:00.000Z,43.0,88.8,10
feed_458,cow_15,2026-09-26T18:00:00.000Z,44.5,80.7,13
feed_459,cow_15,2026-09-27T18:00:00.000Z,41.6,84.7,13
feed_460,cow_15,2026-09-28T18:00:00.000Z,45.5,86.2,13
feed_461,cow_15,2026-09-29T18:00:00.000Z,44.9,82.0,10
feed_462,cow_15,2026-09-30T18:00:00.000Z,43.2,89.0,11
feed_463,cow_15,2026-10-01T18:00:00.000Z,43.8,84.5,10
feed_464,cow_15,2026-10-02T18:00:00.000Z,46.0,81.4,12
feed_465,cow_15,2026-10-03T18:00:00.000Z,45.7,82.2,11
feed_466,cow_16,2026-09-03T18:00:00.000Z,45.1,85.6,12
feed_467,cow_16,2026-09-04T18:00:00.000Z,44.6,85.9,10
feed_468,cow_16,2026-09-05T18:00:00.000Z,41.0,83.3,13
feed_469,cow_16,2026-09-06T18:00:00.000Z,42.9,86.5,10
feed_470,cow_16,2026-09-07T18:00:00.000Z,44.5,89.2,9
feed_471,cow_16,2026-09-08T18:00:00.000Z,41.6,86.7,10
feed_472,cow_16,2026-09-09T18:00:00.000Z,46.6,84.5,10
feed_473,cow_16,2026-09-10T18:00:00.000Z,46.8,87.6,14
feed_474,cow_16,2026-09-11T18:00:00.000Z,44.8,82.8,10
feed_475,cow_16,2026-09-12T18:00:00.000Z,44.8,83.0,9
feed_476,cow_16,2026-09-13T18:00:00.000Z,43.9,87.6,14
feed_477,cow_16,2026-09-14T18:00:00.000Z,44.4,86.4,11
feed_478,cow_16,2026-09-15T18:00:00.000Z,42.7,88.9,14
feed_479,cow_16,2026-09-16T18:00:00.000Z,46.4,85.8,12
feed_480,cow_16,2026-09-17T18:00:00.000Z,44.7,82.1,11
feed_481,cow_16,2026-09-18T18:00:00.000Z,42.1,86.8,12
feed_482,cow_16,2026-09-19T18:00:00.000Z,46.0,88.4,11
feed_483,cow_16,2026-09-20T18:00:00.000Z,43.4,89.8,9
feed_484,cow_16,2026-09-21T18:00:00.000Z,42.5,84.9,14
feed_485,cow_16,2026-09-22T18:00:00.000Z,46.9,86.9,11
feed_486,cow_16,2026-09-23T18:00:00.000Z,43.3,88.8,11
feed_487,cow_16,2026-09-24T18:00:00.000Z,45.1,88.2,11
feed_488,cow_16,2026-09-25T18:00:00.000Z,45.6,83.3,10
feed_489,cow_16,2026-09-26T18:00:00.000Z,42.1,86.5,12
feed_490,cow_16,2026-09-27T18:00:00.000Z,43.2,84.7,10
feed_491,cow_16,2026-09-28T18:00:00.000Z,46.5,88.0,14
feed_492,cow_16,2026-09-29T18:00:00.000Z,43.5,81.9,12
feed_493,cow_16,2026-09-30T18:00:00.000Z,43.8,83.8,13
feed_494,cow_16,2026-10-01T18:00:00.000Z,44.0,83.6,14
feed_495,cow_16,2026-10-02T18:00:00.000Z,42.1,88.8,10
feed_496,cow_16,2026-10-03T18:00:00.000Z,44.7,85.5,10
feed_497,cow_17,2026-09-03T18:00:00.000Z,44.8,86.9,13
feed_498,cow_17,2026-09-04T18:00:00.000Z,42.3,84.5,10
feed_499,cow_17,2026-09-05T18:00:00.000Z,41.1,85.2,9
feed_500,cow_17,2026-09-06T18:00:00.000Z,44.5,88.9,13
feed_501,cow_17,2026-09-07T18:00:00.000Z,46.0,81.2,10
feed_502,cow_17,2026-09-08T18:00:00.000Z,45.5,84.6,11
feed_503,cow_17,2026-09-09T18:00:00.000Z,41.2,83.8,11
feed_504,cow_17,2026-09-10T18:00:00.000Z,43.5,85.9,9
feed_505,cow_17,2026-09-11T18:00:00.000Z,43.6,82.8,11
feed_506,cow_17,2026-09-12T18:00:00.000Z,43.0,89.0,11
feed_507,cow_17,2026-09-13T18:00:00.000Z,46.4,84.4,9
feed_508,cow_17,2026-09-14T18:00:00.000Z,44.3,86.0,12
feed_509,cow_17,2026-09-15T18:00:00.000Z,44.7,83.7,11
feed_510,cow_17,2026-09-16T18:00:00.000Z,42.3,80.5,9
feed_511,cow_17,2026-09-17T18:00:00.000Z,44.9,86.5,12
feed_512,cow_17,2026-09-18T18:00:00.000Z,46.0,82.0,11
feed_513,cow_17,2026-09-19T18:00:00.000Z,44.7,86.3,10
feed_514,cow_17,2026-09-20T18:00:00.000Z,42.6,86.8,10
feed_515,cow_17,2026-09-21T18:00:00.000Z,44.9,84.3,9
feed_516,cow_17,2026-09-22T18:00:00.000Z,44.3,80.9,14
feed_517,cow_17,2026-09-23T18:00:00.000Z,44.2,84.1,10
feed_518,cow_17,2026-09-24T18:00:00.000Z,44.5,89.6,13
feed_519,cow_17,2026-09-25T18:00:00.000Z,45.4,80.7,12
feed_520,cow_17,2026-09-26T18:00:00.000Z,45.3,88.3,14
feed_521,cow_17,2026-09-27T18:00:00.000Z,42.1,81.9,11
feed_522,cow_17,2026-09-28T18:00:00.000Z,46.1,89.3,10
feed_523,cow_17,2026-09-29T18:00:00.000Z,43.7,80.4,12
feed_524,cow_17,2026-09-30T18:00:00.000Z,44.4,85.0,10
feed_525,cow_17,2026-10-01T18:00:00.000Z,45.2,86.4,9
feed_526,cow_17,2026-10-02T18:00:00.000Z,41.5,88.1,12
feed_527,cow_17,2026-10-03T18:00:00.000Z,44.9,81.5,13
feed_528,cow_18,2026-09-03T18:00:00.000Z,46.8,89.0,14
feed_529,cow_18,2026-09-04T18:00:00.000Z,42.2,81.9,10
feed_530,cow_18,2026-09-05T18:00:00.000Z,41.5,88.6,11
feed_531,cow_18,2026-09-06T18:00:00.000Z,41.0,83.0,12
feed_532,cow_18,2026-09-07T18:00:00.000Z,42.7,86.9,13
feed_533,cow_18,2026-09-08T18:00:00.000Z,45.1,80.6,11
feed_534,cow_18,2026-09-09T18:00:00.000Z,46.8,81.9,13
feed_535,cow_18,2026-09-10T18:00:00.000Z,42.6,86.2,11
feed_536,cow_18,2026-09-11T18:00:00.000Z,43.7,88.5,12
feed_537,cow_18,2026-09-12T18:00:00.000Z,43.9,84.8,10
feed_538,cow_18,2026-09-13T18:00:00.000Z,45.7,85.2,12
feed_539,cow_18,2026-09-14T18:00:00.000Z,43.6,84.1,11
feed_540,cow_18,2026-09-15T18:00:00.000Z,42.5,88.6,11
feed_541,cow_18,2026-09-16T18:00:00.000Z,45.2,86.3,10
feed_542,cow_18,2026-09-17T18:00:00.000Z,42.6,80.9,10
feed_543,cow_18,2026-09-18T18:00:00.000Z,42.7,80.5,12
feed_544,cow_18,2026-09-19T18:00:00.000Z,45.6,86.2,13
feed_545,cow_18,2026-09-20T18:00:00.000Z,41.8,82.6,12
feed_546,cow_18,2026-09-21T18:00:00.000Z,44.7,83.3,14
feed_547,cow_18,2026-09-22T18:00:00.000Z,44.5,89.3,11
feed_548,cow_18,2026-09-23T18:00:00.000Z,44.5,90.0,13
feed_549,cow_18,2026-09-24T18:00:00.000Z,45.9,86.3,10
feed_550,cow_18,2026-09-25T18:00:00.000Z,45.1,80.8,11
feed_551,cow_18,2026-09-26T18:00:00.000Z,43.4,89.1,9
feed_552,cow_18,2026-09-27T18:00:00.000Z,45.8,89.2,13
feed_553,cow_18,2026-09-28T18:00:00.000Z,42.3,80.5,10
feed_554,cow_18,2026-09-29T18:00:00.000Z,44.5,89.8,9
feed_555,cow_18,2026-09-30T18:00:00.000Z,44.7,83.4,10
feed_556,cow_18,2026-10-01T18:00:00.000Z,44.1,84.0,9
feed_557,cow_18,2026-10-02T18:00:00.000Z,43.8,80.9,9
feed_558,cow_18,2026-10-03T18:00:00.000Z,42.4,88.8,11
feed_559,cow_19,2026-09-03T18:00:00.000Z,44.9,86.7,12
feed_560,cow_19,2026-09-04T18:00:00.000Z,46.6,86.1,11
feed_561,cow_19,2026-09-05T18:00:00.000Z,44.8,85.0,9
feed_562,cow_19,2026-09-06T18:00:00.000Z,44.7,88.6,12
feed_563,cow_19,2026-09-07T18:00:00.000Z,41.2,82.2,14
feed_564,cow_19,2026-09-08T18:00:00.000Z,46.8,81.2,11
feed_565,cow_19,2026-09-09T18:00:00.000Z,45.4,89.3,13
feed_566,cow_19,2026-09-10T18:00:00.000Z,43.9,81.4,12
feed_567,cow_19,2026-09-11T18:00:00.000Z,42.7,83.4,13
feed_568,cow_19,2026-09-12T18:00:00.000Z,44.3,89.6,14
feed_569,cow_19,2026-09-13T18:00:00.000Z,46.3,87.8,11
feed_570,cow_19,2026-09-14T18:00:00.000Z,46.5,83.8,14
feed_571,cow_19,2026-09-15T18:00:00.000Z,44.4,83.0,13
feed_572,cow_19,2026-09-16T18:00:00.000Z,46.8,85.4,13
feed_573,cow_19,2026-09-17T18:00:00.000Z,45.8,85.7,13
feed_574,cow_19,2026-09-18T18:00:00.000Z,43.8,87.4,14
feed_575,cow_19,2026-09-19T18:00:00.000Z,41.6,86.4,13
feed_576,cow_19,2026-09-20T18:00:00.000Z,41.8,89.8,10
feed_577,cow_19,2026-09-21T18:00:00.000Z,44.4,83.8,14
feed_578,cow_19,2026-09-22T18:00:00.000Z,46.5,88.5,12
feed_579,cow_19,2026-09-23T18:00:00.000Z,46.2,80.8,10
feed_580,cow_19,2026-09-24T18:00:00.000Z,46.4,87.6,10
feed_581,cow_19,2026-09-25T18:00:00.000Z,44.1,88.6,9
feed_582,cow_19,2026-09-26T18:00:00.000Z,43.4,83.6,12
feed_583,cow_19,2026-09-27T18:00:00.000Z,43.2,86.7,11
feed_584,cow_19,2026-09-28T18:00:00.000Z,42.3,80.3,11
feed_585,cow_19,2026-09-29T18:00:00.000Z,43.4,88.5,12
feed_586,cow_19,2026-09-30T18:00:00.000Z,43.6,85.8,10
feed_587,cow_19,2026-10-01T18:00:00.000Z,41.4,85.3,11
feed_588,cow_19,2026-10-02T18:00:00.000Z,42.4,88.1,11
feed_589,cow_19,2026-10-03T18:00:00.000Z,42.7,86.8,12
feed_590,cow_20,2026-09-03T18:00:00.000Z,41.3,86.8,10
feed_591,cow_20,2026-09-04T18:00:00.000Z,43.4,89.1,9
feed_592,cow_20,2026-09-05T18:00:00.000Z,41.1,82.5,11
feed_593,cow_20,2026-09-06T18:00:00.000Z,43.6,88.2,13
feed_594,cow_20,2026-09-07T18:00:00.000Z,45.1,82.4,13
feed_595,cow_20,2026-09-08T18:00:00.000Z,45.7,80.0,9
feed_596,cow_20,2026-09-09T18:00:00.000Z,41.6,82.1,13
feed_597,cow_20,2026-09-10T18:00:00.000Z,42.4,80.5,9
feed_598,cow_20,2026-09-11T18:00:00.000Z,43.5,83.0,11
feed_599,cow_20,2026-09-12T18:00:00.000Z,44.4,82.4,10
feed_600,cow_20,2026-09-13T18:00:00.000Z,41.5,85.2,10
feed_601,cow_20,2026-09-14T18:00:00.000Z,42.7,82.0,10
feed_602,cow_20,2026-09-15T18:00:00.000Z,43.6,85.1,9
feed_603,cow_20,2026-09-16T18:00:00.000Z,41.7,88.2,9
feed_604,cow_20,2026-09-17T18:00:00.000Z,46.4,81.8,14
feed_605,cow_20,2026-09-18T18:00:00.000Z,44.8,80.8,14
feed_606,cow_20,2026-09-19T18:00:00.000Z,44.5,87.2,12
feed_607,cow_20,2026-09-20T18:00:00.000Z,44.1,83.3,11
feed_608,cow_20,2026-09-21T18:00:00.000Z,41.2,82.6,10
feed_609,cow_20,2026-09-22T18:00:00.000Z,46.5,85.1,14
feed_610,cow_20,2026-09-23T18:00:00.000Z,44.5,87.2,14
feed_611,cow_20,2026-09-24T18:00:00.000Z,44.7,87.5,14
feed_612,cow_20,2026-09-25T18:00:00.000Z,46.1,89.7,13
feed_613,cow_20,2026-09-26T18:00:00.000Z,44.0,87.6,12
feed_614,cow_20,2026-09-27T18:00:00.000Z,45.9,81.3,13
feed_615,cow_20,2026-09-28T18:00:00.000Z,44.7,83.0,11
feed_616,cow_20,2026-09-29T18:00:00.000Z,44.5,80.8,11
feed_617,cow_20,2026-09-30T18:00:00.000Z,42.2,88.1,13
feed_618,cow_20,2026-10-01T18:00:00.000Z,41.6,86.6,14
feed_619,cow_20,2026-10-02T18:00:00.000Z,44.1,84.2,9
feed_620,cow_20,2026-10-03T18:00:00.000Z,46.8,82.8,14
feed_621,cow_21,2026-09-03T18:00:00.000Z,42.4,87.4,11
feed_622,cow_21,2026-09-04T18:00:00.000Z,45.2,88.9,11
feed_623,cow_21,2026-09-05T18:00:00.000Z,45.0,85.8,14
feed_624,cow_21,2026-09-06T18:00:00.000Z,46.7,83.6,13
feed_625,cow_21,2026-09-07T18:00:00.000Z,46.8,85.2,12
feed_626,cow_21,2026-09-08T18:00:00.000Z,44.2,88.6,14
feed_627,cow_21,2026-09-09T18:00:00.000Z,41.3,83.8,10
feed_628,cow_21,2026-09-10T18:00:00.000Z,45.6,86.3,12
feed_629,cow_21,2026-09-11T18:00:00.000Z,42.7,88.4,12
feed_630,cow_21,2026-09-12T18:00:00.000Z,44.9,89.4,10
feed_631,cow_21,2026-09-13T18:00:00.000Z,41.4,87.5,14
feed_632,cow_21,2026-09-14T18:00:00.000Z,41.7,89.3,14
feed_633,cow_21,2026-09-15T18:00:00.000Z,41.4,83.7,14
feed_634,cow_21,2026-09-16T18:00:00.000Z,42.7,87.6,10
feed_635,cow_21,2026-09-17T18:00:00.000Z,43.3,87.9,9
feed_636,cow_21,2026-09-18T18:00:00.000Z,41.2,86.5,13
feed_637,cow_21,2026-09-19T18:00:00.000Z,41.7,86.2,9
feed_638,cow_21,2026-09-20T18:00:00.000Z,46.3,83.2,11
feed_639,cow_21,2026-09-21T18:00:00.000Z,44.6,83.5,14
feed_640,cow_21,2026-09-22T18:00:00.000Z,43.7,82.2,10
feed_641,cow_21,2026-09-23T18:00:00.000Z,41.4,86.7,12
feed_642,cow_21,2026-09-24T18:00:00.000Z,43.7,86.2,9
feed_643,cow_21,2026-09-25T18:00:00.000Z,41.5,87.0,11
feed_644,cow_21,2026-09-26T18:00:00.000Z,41.1,80.2,9
feed_645,cow_21,2026-09-27T18:00:00.000Z,45.6,89.4,14
feed_646,cow_21,2026-09-28T18:00:00.000Z,44.9,82.9,11
feed_647,cow_21,2026-09-29T18:00:00.000Z,46.8,89.5,12
feed_648,cow_21,2026-09-30T18:00:00.000Z,40.3,85.6,9
feed_649,cow_21,2026-10-01T18:00:00.000Z,41.9,88.8,11
feed_650,cow_21,2026-10-02T18:00:00.000Z,40.2,81.3,10
feed_651,cow_21,2026-10-03T18:00:00.000Z,38.3,82.1,13
feed_652,cow_22,2026-09-03T18:00:00.000Z,43.4,86.1,14
feed_653,cow_22,2026-09-04T18:00:00.000Z,44.9,83.9,11
feed_654,cow_22,2026-09-05T18:00:00.000Z,42.8,81.1,12
feed_655,cow_22,2026-09-06T18:00:00.000Z,46.6,82.1,12
feed_656,cow_22,2026-09-07T18:00:00.000Z,42.0,85.0,14
feed_657,cow_22,2026-09-08T18:00:00.000Z,41.5,84.8,11
feed_658,cow_22,2026-09-09T18:00:00.000Z,41.5,82.6,10
feed_659,cow_22,2026-09-10T18:00:00.000Z,46.3,84.7,10
feed_660,cow_22,2026-09-11T18:00:00.000Z,44.2,85.4,12
feed_661,cow_22,2026-09-12T18:00:00.000Z,45.6,84.0,10
feed_662,cow_22,2026-09-13T18:00:00.000Z,42.8,87.9,13
feed_663,cow_22,2026-09-14T18:00:00.000Z,42.7,89.0,9
feed_664,cow_22,2026-09-15T18:00:00.000Z,46.4,81.0,10
feed_665,cow_22,2026-09-16T18:00:00.000Z,45.3,87.8,13
feed_666,cow_22,2026-09-17T18:00:00.000Z,46.7,87.6,9
feed_667,cow_22,2026-09-18T18:00:00.000Z,42.3,88.5,10
feed_668,cow_22,2026-09-19T18:00:00.000Z,42.6,89.9,12
feed_669,cow_22,2026-09-20T18:00:00.000Z,41.2,87.2,12
feed_670,cow_22,2026-09-21T18:00:00.000Z,46.3,84.3,11
feed_671,cow_22,2026-09-22T18:00:00.000Z,41.4,84.5,14
feed_672,cow_22,2026-09-23T18:00:00.000Z,45.3,82.6,10
feed_673,cow_22,2026-09-24T18:00:00.000Z,45.7,83.2,14
feed_674,cow_22,2026-09-25T18:00:00.000Z,45.9,80.5,9
feed_675,cow_22,2026-09-26T18:00:00.000Z,44.8,85.4,13
feed_676,cow_22,2026-09-27T18:00:00.000Z,46.6,86.9,12
feed_677,cow_22,2026-09-28T18:00:00.000Z,42.8,89.4,12
feed_678,cow_22,2026-09-29T18:00:00.000Z,43.9,88.8,11
feed_679,cow_22,2026-09-30T18:00:00.000Z,41.9,80.4,12
feed_680,cow_22,2026-10-01T18:00:00.000Z,40.8,89.3,13
feed_681,cow_22,2026-10-02T18:00:00.000Z,37.3,82.8,9
feed_682,cow_22,2026-10-03T18:00:00.000Z,41.4,86.6,9
feed_683,cow_23,2026-09-03T18:00:00.000Z,46.4,81.1,11
feed_684,cow_23,2026-09-04T18:00:00.000Z,42.3,85.1,9
feed_685,cow_23,2026-09-05T18:00:00.000Z,45.4,82.7,12
feed_686,cow_23,2026-09-06T18:00:00.000Z,45.9,81.3,10
feed_687,cow_23,2026-09-07T18:00:00.000Z,43.7,87.8,9
feed_688,cow_23,2026-09-08T18:00:00.000Z,43.5,82.7,13
feed_689,cow_23,2026-09-09T18:00:00.000Z,46.7,80.9,11
feed_690,cow_23,2026-09-10T18:00:00.000Z,42.0,81.9,9
feed_691,cow_23,2026-09-11T18:00:00.000Z,43.6,88.2,13
feed_692,cow_23,2026-09-12T18:00:00.000Z,41.7,88.0,12
feed_693,cow_23,2026-09-13T18:00:00.000Z,43.7,88.2,12
feed_694,cow_23,2026-09-14T18:00:00.000Z,45.8,87.1,10
feed_695,cow_23,2026-09-15T18:00:00.000Z,42.5,85.9,10
feed_696,cow_23,2026-09-16T18:00:00.000Z,44.3,90.0,14
feed_697,cow_23,2026-09-17T18:00:00.000Z,44.1,87.1,9
feed_698,cow_23,2026-09-18T18:00:00.000Z,46.8,80.9,12
feed_699,cow_23,2026-09-19T18:00:00.000Z,41.3,81.9,14
feed_700,cow_23,2026-09-20T18:00:00.000Z,41.7,82.6,10
feed_701,cow_23,2026-09-21T18:00:00.000Z,42.5,80.4,9
feed_702,cow_23,2026-09-22T18:00:00.000Z,43.1,81.3,9
feed_703,cow_23,2026-09-23T18:00:00.000Z,44.3,84.2,14
feed_704,cow_23,2026-09-24T18:00:00.000Z,43.6,89.5,12
feed_705,cow_23,2026-09-25T18:00:00.000Z,45.9,87.7,9
feed_706,cow_23,2026-09-26T18:00:00.000Z,41.5,90.0,10
feed_707,cow_23,2026-09-27T18:00:00.000Z,41.6,87.3,12
feed_708,cow_23,2026-09-28T18:00:00.000Z,46.8,81.4,10
feed_709,cow_23,2026-09-29T18:00:00.000Z,46.9,82.7,12
feed_710,cow_23,2026-09-30T18:00:00.000Z,37.4,89.0,11
feed_711,cow_23,2026-10-01T18:00:00.000Z,37.9,82.3,12
feed_712,cow_23,2026-10-02T18:00:00.000Z,42.4,84.8,12
feed_713,cow_23,2026-10-03T18:00:00.000Z,36.9,88.8,13
feed_714,cow_24,2026-09-03T18:00:00.000Z,44.2,88.6,10
feed_715,cow_24,2026-09-04T18:00:00.000Z,42.7,80.4,10
feed_716,cow_24,2026-09-05T18:00:00.000Z,45.9,89.3,14
feed_717,cow_24,2026-09-06T18:00:00.000Z,43.4,82.8,11
feed_718,cow_24,2026-09-07T18:00:00.000Z,44.2,80.3,9
feed_719,cow_24,2026-09-08T18:00:00.000Z,42.9,83.9,9
feed_720,cow_24,2026-09-09T18:00:00.000Z,43.4,84.9,14
feed_721,cow_24,2026-09-10T18:00:00.000Z,46.9,80.9,10
feed_722,cow_24,2026-09-11T18:00:00.000Z,42.0,85.4,10
feed_723,cow_24,2026-09-12T18:00:00.000Z,46.8,81.7,14
feed_724,cow_24,2026-09-13T18:00:00.000Z,44.2,84.4,9
feed_725,cow_24,2026-09-14T18:00:00.000Z,43.5,89.7,14
feed_726,cow_24,2026-09-15T18:00:00.000Z,43.9,87.8,9
feed_727,cow_24,2026-09-16T18:00:00.000Z,45.2,84.8,9
feed_728,cow_24,2026-09-17T18:00:00.000Z,42.1,86.9,12
feed_729,cow_24,2026-09-18T18:00:00.000Z,46.8,87.5,10
feed_730,cow_24,2026-09-19T18:00:00.000Z,42.7,85.1,12
feed_731,cow_24,2026-09-20T18:00:00.000Z,44.9,85.3,11
feed_732,cow_24,2026-09-21T18:00:00.000Z,44.8,88.3,12
feed_733,cow_24,2026-09-22T18:00:00.000Z,43.6,89.8,14
feed_734,cow_24,2026-09-23T18:00:00.000Z,47.0,87.0,10
feed_735,cow_24,2026-09-24T18:00:00.000Z,43.9,84.3,9
feed_736,cow_24,2026-09-25T18:00:00.000Z,42.3,86.3,9
feed_737,cow_24,2026-09-26T18:00:00.000Z,44.6,87.2,11
feed_738,cow_24,2026-09-27T18:00:00.000Z,43.1,82.0,13
feed_739,cow_24,2026-09-28T18:00:00.000Z,43.6,85.6,10
feed_740,cow_24,2026-09-29T18:00:00.000Z,43.0,87.4,11
feed_741,cow_24,2026-09-30T18:00:00.000Z,39.6,84.2,13
feed_742,cow_24,2026-10-01T18:00:00.000Z,36.5,80.9,12
feed_743,cow_24,2026-10-02T18:00:00.000Z,38.5,80.3,12
feed_744,cow_24,2026-10-03T18:00:00.000Z,40.0,88.1,14
feed_745,cow_25,2026-09-03T18:00:00.000Z,44.5,87.8,11
feed_746,cow_25,2026-09-04T18:00:00.000Z,43.8,81.8,10
feed_747,cow_25,2026-09-05T18:00:00.000Z,43.0,81.8,13
feed_748,cow_25,2026-09-06T18:00:00.000Z,42.7,89.0,10
feed_749,cow_25,2026-09-07T18:00:00.000Z,42.4,86.5,11
feed_750,cow_25,2026-09-08T18:00:00.000Z,45.2,88.0,14
feed_751,cow_25,2026-09-09T18:00:00.000Z,46.4,87.5,10
feed_752,cow_25,2026-09-10T18:00:00.000Z,42.5,87.1,12
feed_753,cow_25,2026-09-11T18:00:00.000Z,44.8,80.6,10
feed_754,cow_25,2026-09-12T18:00:00.000Z,42.1,88.9,13
feed_755,cow_25,2026-09-13T18:00:00.000Z,46.6,82.4,10
feed_756,cow_25,2026-09-14T18:00:00.000Z,42.3,84.9,12
feed_757,cow_25,2026-09-15T18:00:00.000Z,45.0,84.9,10
feed_758,cow_25,2026-09-16T18:00:00.000Z,45.2,82.8,11
feed_759,cow_25,2026-09-17T18:00:00.000Z,45.4,85.5,10
feed_760,cow_25,2026-09-18T18:00:00.000Z,45.5,81.6,9
feed_761,cow_25,2026-09-19T18:00:00.000Z,42.0,89.9,12
feed_762,cow_25,2026-09-20T18:00:00.000Z,42.8,84.2,9
feed_763,cow_25,2026-09-21T18:00:00.000Z,44.2,82.0,10
feed_764,cow_25,2026-09-22T18:00:00.000Z,44.4,86.9,9
feed_765,cow_25,2026-09-23T18:00:00.000Z,46.1,83.8,12
feed_766,cow_25,2026-09-24T18:00:00.000Z,44.8,80.3,9
feed_767,cow_25,2026-09-25T18:00:00.000Z,43.0,89.4,10
feed_768,cow_25,2026-09-26T18:00:00.000Z,41.4,82.5,12
feed_769,cow_25,2026-09-27T18:00:00.000Z,45.1,89.6,10
feed_770,cow_25,2026-09-28T18:00:00.000Z,46.2,88.1,10
feed_771,cow_25,2026-09-29T18:00:00.000Z,43.7,87.7,12
feed_772,cow_25,2026-09-30T18:00:00.000Z,41.0,82.3,14
feed_773,cow_25,2026-10-01T18:00:00.000Z,38.5,83.3,10
feed_774,cow_25,2026-10-02T18:00:00.000Z,37.6,82.3,12
feed_775,cow_25,2026-10-03T18:00:00.000Z,37.0,80.6,14
feed_776,cow_26,2026-09-03T18:00:00.000Z,41.0,81.6,11
feed_777,cow_26,2026-09-04T18:00:00.000Z,46.8,84.7,13
feed_778,cow_26,2026-09-05T18:00:00.000Z,41.6,89.8,11
feed_779,cow_26,2026-09-06T18:00:00.000Z,45.0,81.2,14
feed_780,cow_26,2026-09-07T18:00:00.000Z,45.5,89.7,14
feed_781,cow_26,2026-09-08T18:00:00.000Z,43.5,81.4,11
feed_782,cow_26,2026-09-09T18:00:00.000Z,46.5,80.4,9
feed_783,cow_26,2026-09-10T18:00:00.000Z,42.0,87.4,12
feed_784,cow_26,2026-09-11T18:00:00.000Z,44.4,85.5,10
feed_785,cow_26,2026-09-12T18:00:00.000Z,41.3,83.2,11
feed_786,cow_26,2026-09-13T18:00:00.000Z,43.6,81.9,14
feed_787,cow_26,2026-09-14T18:00:00.000Z,44.3,82.9,13
feed_788,cow_26,2026-09-15T18:00:00.000Z,45.8,80.9,10
feed_789,cow_26,2026-09-16T18:00:00.000Z,44.7,84.9,14
feed_790,cow_26,2026-09-17T18:00:00.000Z,44.9,88.2,9
feed_791,cow_26,2026-09-18T18:00:00.000Z,46.8,83.0,9
feed_792,cow_26,2026-09-19T18:00:00.000Z,45.1,84.7,10
feed_793,cow_26,2026-09-20T18:00:00.000Z,41.4,83.9,11
feed_794,cow_26,2026-09-21T18:00:00.000Z,41.7,84.9,9
feed_795,cow_26,2026-09-22T18:00:00.000Z,46.0,82.6,9
feed_796,cow_26,2026-09-23T18:00:00.000Z,44.6,89.8,12
feed_797,cow_26,2026-09-24T18:00:00.000Z,44.1,87.0,13
feed_798,cow_26,2026-09-25T18:00:00.000Z,46.8,83.5,14
feed_799,cow_26,2026-09-26T18:00:00.000Z,44.4,81.1,14
feed_800,cow_26,2026-09-27T18:00:00.000Z,45.5,86.3,10
feed_801,cow_26,2026-09-28T18:00:00.000Z,33.8,64.7,13
feed_802,cow_26,2026-09-29T18:00:00.000Z,33.2,67.4,9
feed_803,cow_26,2026-09-30T18:00:00.000Z,28.9,68.8,12
feed_804,cow_26,2026-10-01T18:00:00.000Z,33.8,69.4,12
feed_805,cow_26,2026-10-02T18:00:00.000Z,28.1,70.1,10
feed_806,cow_26,2026-10-03T18:00:00.000Z,30.0,71.8,14
feed_807,cow_27,2026-09-03T18:00:00.000Z,45.6,82.0,12
feed_808,cow_27,2026-09-04T18:00:00.000Z,41.8,89.2,14
feed_809,cow_27,2026-09-05T18:00:00.000Z,43.2,82.7,9
feed_810,cow_27,2026-09-06T18:00:00.000Z,46.7,86.8,14
feed_811,cow_27,2026-09-07T18:00:00.000Z,44.6,87.6,9
feed_812,cow_27,2026-09-08T18:00:00.000Z,43.4,88.8,13
feed_813,cow_27,2026-09-09T18:00:00.000Z,43.6,81.4,14
feed_814,cow_27,2026-09-10T18:00:00.000Z,44.3,82.0,14
feed_815,cow_27,2026-09-11T18:00:00.000Z,41.4,89.8,12
feed_816,cow_27,2026-09-12T18:00:00.000Z,43.2,85.8,13
feed_817,cow_27,2026-09-13T18:00:00.000Z,41.8,83.1,9
feed_818,cow_27,2026-09-14T18:00:00.000Z,44.1,86.8,12
feed_819,cow_27,2026-09-15T18:00:00.000Z,44.0,87.4,10
feed_820,cow_27,2026-09-16T18:00:00.000Z,44.1,80.9,11
feed_821,cow_27,2026-09-17T18:00:00.000Z,45.4,83.5,14
feed_822,cow_27,2026-09-18T18:00:00.000Z,46.0,80.1,9
feed_823,cow_27,2026-09-19T18:00:00.000Z,43.7,87.4,13
feed_824,cow_27,2026-09-20T18:00:00.000Z,46.1,88.3,14
feed_825,cow_27,2026-09-21T18:00:00.000Z,44.3,86.3,10
feed_826,cow_27,2026-09-22T18:00:00.000Z,41.2,89.5,10
feed_827,cow_27,2026-09-23T18:00:00.000Z,43.6,86.6,11
feed_828,cow_27,2026-09-24T18:00:00.000Z,45.5,89.7,13
feed_829,cow_27,2026-09-25T18:00:00.000Z,45.1,83.0,14
feed_830,cow_27,2026-09-26T18:00:00.000Z,45.3,85.0,14
feed_831,cow_27,2026-09-27T18:00:00.000Z,43.5,87.1,12
feed_832,cow_27,2026-09-28T18:00:00.000Z,30.2,67.8,14
feed_833,cow_27,2026-09-29T18:00:00.000Z,31.9,63.5,13
feed_834,cow_27,2026-09-30T18:00:00.000Z,33.5,63.6,11
feed_835,cow_27,2026-10-01T18:00:00.000Z,31.3,68.1,12
feed_836,cow_27,2026-10-02T18:00:00.000Z,33.2,62.1,9
feed_837,cow_27,2026-10-03T18:00:00.000Z,31.2,68.9,14
feed_838,cow_28,2026-09-03T18:00:00.000Z,43.9,89.1,12
feed_839,cow_28,2026-09-04T18:00:00.000Z,42.8,85.6,12
feed_840,cow_28,2026-09-05T18:00:00.000Z,46.6,89.3,11
feed_841,cow_28,2026-09-06T18:00:00.000Z,41.2,88.1,12
feed_842,cow_28,2026-09-07T18:00:00.000Z,45.6,87.3,12
feed_843,cow_28,2026-09-08T18:00:00.000Z,46.1,83.8,10
feed_844,cow_28,2026-09-09T18:00:00.000Z,45.6,89.7,11
feed_845,cow_28,2026-09-10T18:00:00.000Z,42.6,81.7,11
feed_846,cow_28,2026-09-11T18:00:00.000Z,42.3,85.0,10
feed_847,cow_28,2026-09-12T18:00:00.000Z,43.3,85.1,13
feed_848,cow_28,2026-09-13T18:00:00.000Z,43.5,80.7,10
feed_849,cow_28,2026-09-14T18:00:00.000Z,43.7,82.6,11
feed_850,cow_28,2026-09-15T18:00:00.000Z,41.5,87.5,10
feed_851,cow_28,2026-09-16T18:00:00.000Z,45.8,85.3,12
feed_852,cow_28,2026-09-17T18:00:00.000Z,41.3,80.6,14
feed_853,cow_28,2026-09-18T18:00:00.000Z,44.9,84.4,13
feed_854,cow_28,2026-09-19T18:00:00.000Z,42.7,89.6,9
feed_855,cow_28,2026-09-20T18:00:00.000Z,46.3,83.3,12
feed_856,cow_28,2026-09-21T18:00:00.000Z,44.4,81.4,9
feed_857,cow_28,2026-09-22T18:00:00.000Z,46.1,87.8,12
feed_858,cow_28,2026-09-23T18:00:00.000Z,42.3,87.4,12
feed_859,cow_28,2026-09-24T18:00:00.000Z,41.1,80.8,14
feed_860,cow_28,2026-09-25T18:00:00.000Z,45.1,86.5,9
feed_861,cow_28,2026-09-26T18:00:00.000Z,42.9,85.8,13
feed_862,cow_28,2026-09-27T18:00:00.000Z,43.9,80.2,11
feed_863,cow_28,2026-09-28T18:00:00.000Z,33.7,66.4,14
feed_864,cow_28,2026-09-29T18:00:00.000Z,32.9,70.0,14
feed_865,cow_28,2026-09-30T18:00:00.000Z,33.3,63.2,11
feed_866,cow_28,2026-10-01T18:00:00.000Z,31.8,71.7,12
feed_867,cow_28,2026-10-02T18:00:00.000Z,33.3,67.9,13
feed_868,cow_28,2026-10-03T18:00:00.000Z,31.8,64.7,14
feed_869,cow_29,2026-09-03T18:00:00.000Z,42.3,84.7,9
feed_870,cow_29,2026-09-04T18:00:00.000Z,43.4,88.0,14
feed_871,cow_29,2026-09-05T18:00:00.000Z,41.2,87.4,9
feed_872,cow_29,2026-09-06T18:00:00.000Z,46.7,89.5,13
feed_873,cow_29,2026-09-07T18:00:00.000Z,45.7,81.9,11
feed_874,cow_29,2026-09-08T18:00:00.000Z,44.8,83.8,13
feed_875,cow_29,2026-09-09T18:00:00.000Z,45.0,81.1,9
feed_876,cow_29,2026-09-10T18:00:00.000Z,41.4,82.3,10
feed_877,cow_29,2026-09-11T18:00:00.000Z,45.1,84.2,14
feed_878,cow_29,2026-09-12T18:00:00.000Z,46.4,80.5,12
feed_879,cow_29,2026-09-13T18:00:00.000Z,41.5,83.5,10
feed_880,cow_29,2026-09-14T18:00:00.000Z,44.1,87.7,10
feed_881,cow_29,2026-09-15T18:00:00.000Z,45.1,89.6,10
feed_882,cow_29,2026-09-16T18:00:00.000Z,45.3,84.7,12
feed_883,cow_29,2026-09-17T18:00:00.000Z,42.3,80.6,11
feed_884,cow_29,2026-09-18T18:00:00.000Z,45.7,81.7,14
feed_885,cow_29,2026-09-19T18:00:00.000Z,41.7,80.4,13
feed_886,cow_29,2026-09-20T18:00:00.000Z,46.4,86.3,13
feed_887,cow_29,2026-09-21T18:00:00.000Z,46.0,84.7,11
feed_888,cow_29,2026-09-22T18:00:00.000Z,42.8,83.7,9
feed_889,cow_29,2026-09-23T18:00:00.000Z,44.6,80.3,10
feed_890,cow_29,2026-09-24T18:00:00.000Z,42.4,80.7,10
feed_891,cow_29,2026-09-25T18:00:00.000Z,42.8,89.3,13
feed_892,cow_29,2026-09-26T18:00:00.000Z,43.2,89.6,10
feed_893,cow_29,2026-09-27T18:00:00.000Z,41.5,82.3,13
feed_894,cow_29,2026-09-28T18:00:00.000Z,32.1,66.3,11
feed_895,cow_29,2026-09-29T18:00:00.000Z,32.4,72.0,13
feed_896,cow_29,2026-09-30T18:00:00.000Z,33.0,62.5,13
feed_897,cow_29,2026-10-01T18:00:00.000Z,29.9,63.2,10
feed_898,cow_29,2026-10-02T18:00:00.000Z,29.9,67.8,13
feed_899,cow_29,2026-10-03T18:00:00.000Z,33.9,66.0,10
feed_900,cow_30,2026-09-03T18:00:00.000Z,46.7,86.8,10
feed_901,cow_30,2026-09-04T18:00:00.000Z,43.9,84.5,14
feed_902,cow_30,2026-09-05T18:00:00.000Z,43.9,84.7,14
feed_903,cow_30,2026-09-06T18:00:00.000Z,43.5,88.0,10
feed_904,cow_30,2026-09-07T18:00:00.000Z,42.7,87.0,11
feed_905,cow_30,2026-09-08T18:00:00.000Z,46.2,86.3,12
feed_906,cow_30,2026-09-09T18:00:00.000Z,44.3,87.0,9
feed_907,cow_30,2026-09-10T18:00:00.000Z,44.0,88.3,13
feed_908,cow_30,2026-09-11T18:00:00.000Z,44.5,87.9,12
feed_909,cow_30,2026-09-12T18:00:00.000Z,45.4,86.2,13
feed_910,cow_30,2026-09-13T18:00:00.000Z,43.2,84.9,12
feed_911,cow_30,2026-09-14T18:00:00.000Z,42.4,85.2,11
feed_912,cow_30,2026-09-15T18:00:00.000Z,41.9,87.0,14
feed_913,cow_30,2026-09-16T18:00:00.000Z,45.3,84.9,10
feed_914,cow_30,2026-09-17T18:00:00.000Z,43.9,87.4,10
feed_915,cow_30,2026-09-18T18:00:00.000Z,42.6,89.5,14
feed_916,cow_30,2026-09-19T18:00:00.000Z,45.6,82.5,12
feed_917,cow_30,2026-09-20T18:00:00.000Z,43.1,89.8,11
feed_918,cow_30,2026-09-21T18:00:00.000Z,45.1,81.8,14
feed_919,cow_30,2026-09-22T18:00:00.000Z,46.2,81.1,11
feed_920,cow_30,2026-09-23T18:00:00.000Z,46.1,89.5,12
feed_921,cow_30,2026-09-24T18:00:00.000Z,41.8,90.0,11
feed_922,cow_30,2026-09-25T18:00:00.000Z,46.6,82.8,14
feed_923,cow_30,2026-09-26T18:00:00.000Z,44.5,86.5,13
feed_924,cow_30,2026-09-27T18:00:00.000Z,42.9,82.2,9
feed_925,cow_30,2026-09-28T18:00:00.000Z,28.2,69.4,11
feed_926,cow_30,2026-09-29T18:00:00.000Z,31.1,64.3,11
feed_927,cow_30,2026-09-30T18:00:00.000Z,33.9,62.1,13
feed_928,cow_30,2026-10-01T18:00:00.000Z,33.1,68.4,14
feed_929,cow_30,2026-10-02T18:00:00.000Z,33.9,63.8,11
feed_930,cow_30,2026-10-03T18:00:00.000Z,28.4,70.3,14