id,tag_uid,cow_id,status,assigned_at
rfid_1,RFID-982701,cow_1,ACTIVE,2026-08-01T00:00:00Z
rfid_2,RFID-982702,cow_2,ACTIVE,2026-08-01T00:00:00Z
rfid_3,RFID-982703,cow_3,ACTIVE,2026-08-01T00:00:00Z
rfid_4,RFID-982704,cow_4,ACTIVE,2026-08-01T00:00:00Z
rfid_5,RFID-982705,cow_5,ACTIVE,2026-08-01T00:00:00Z
rfid_6,RFID-982706,cow_6,ACTIVE,2026-08-01T00:00:00Z
rfid_7,RFID-982707,cow_7,ACTIVE,2026-08-01T00:00:00Z
rfid_8,RFID-982708,cow_8,ACTIVE,2026-08-01T00:00:00Z
rfid_9,RFID-982709,cow_9,ACTIVE,2026-08-01T00:00:00Z
rfid_10,RFID-982710,cow_10,ACTIVE,2026-08-01T00:00:00Z
rfid_11,RFID-982711,cow_11,ACTIVE,2026-08-01T00:00:00Z
rfid_12,RFID-982712,cow_12,ACTIVE,2026-08-01T00:00:00Z
rfid_13,RFID-982713,cow_13,ACTIVE,2026-08-01T00:00:00Z
rfid_14,RFID-982714,cow_14,ACTIVE,2026-08-01T00:00:00Z
rfid_15,RFID-982715,cow_15,ACTIVE,2026-08-01T00:00:00Z
rfid_16,RFID-982716,cow_16,ACTIVE,2026-08-01T00:00:00Z
rfid_17,RFID-982717,cow_17,ACTIVE,2026-08-01T00:00:00Z
rfid_18,RFID-982718,cow_18,ACTIVE,2026-08-01T00:00:00Z
rfid_19,RFID-982719,cow_19,ACTIVE,2026-08-01T00:00:00Z
rfid_20,RFID-982720,cow_20,ACTIVE,2026-08-01T00:00:00Z
rfid_21,RFID-982721,cow_21,ACTIVE,2026-08-01T00:00:00Z
rfid_22,RFID-982722,cow_22,ACTIVE,2026-08-01T00:00:00Z
rfid_23,RFID-982723,cow_23,ACTIVE,2026-08-01T00:00:00Z
rfid_24,RFID-982724,cow_24,ACTIVE,2026-08-01T00:00:00Z
rfid_25,RFID-982725,cow_25,ACTIVE,2026-08-01T00:00:00Z
rfid_26,RFID-982726,cow_26,ACTIVE,2026-08-01T00:00:00Z
rfid_27,RFID-982727,cow_27,ACTIVE,2026-08-01T00:00:00Z
rfid_28,RFID-982728,cow_28,ACTIVE,2026-08-01T00:00:00Z
rfid_29,RFID-982729,cow_29,ACTIVE,2026-08-01T00:00:00Z
rfid_30,RFID-982730,cow_30,ACTIVE,2026-08-01T00:00:00Z