id,cow_id,timestamp,rumination_minutes,chewing_rate_per_min,night_rumination_minutes
rum_1,cow_1,2026-09-03T18:00:00.000Z,457,56,297
rum_2,cow_1,2026-09-04T18:00:00.000Z,450,59,293
rum_3,cow_1,2026-09-05T18:00:00.000Z,490,52,319
rum_4,cow_1,2026-09-06T18:00:00.000Z,461,54,300
rum_5,cow_1,2026-09-07T18:00:00.000Z,465,56,302
rum_6,cow_1,2026-09-08T18:00:00.000Z,508,54,330
rum_7,cow_1,2026-09-09T18:00:00.000Z,506,57,329
rum_8,cow_1,2026-09-10T18:00:00.000Z,495,59,322
rum_9,cow_1,2026-09-11T18:00:00.000Z,460,56,299
rum_10,cow_1,2026-09-12T18:00:00.000Z,491,56,319
rum_11,cow_1,2026-09-13T18:00:00.000Z,450,53,293
rum_12,cow_1,2026-09-14T18:00:00.000Z,475,59,309
rum_13,cow_1,2026-09-15T18:00:00.000Z,478,55,311
rum_14,cow_1,2026-09-16T18:00:00.000Z,450,54,293
rum_15,cow_1,2026-09-17T18:00:00.000Z,485,53,315
rum_16,cow_1,2026-09-18T18:00:00.000Z,476,54,309
rum_17,cow_1,2026-09-19T18:00:00.000Z,453,54,294
rum_18,cow_1,2026-09-20T18:00:00.000Z,505,58,328
rum_19,cow_1,2026-09-21T18:00:00.000Z,467,54,304
rum_20,cow_1,2026-09-22T18:00:00.000Z,507,54,330
rum_21,cow_1,2026-09-23T18:00:00.000Z,450,53,293
rum_22,cow_1,2026-09-24T18:00:00.000Z,462,59,300
rum_23,cow_1,2026-09-25T18:00:00.000Z,486,56,316
rum_24,cow_1,2026-09-26T18:00:00.000Z,464,58,302
rum_25,cow_1,2026-09-27T18:00:00.000Z,494,57,321
rum_26,cow_1,2026-09-28T18:00:00.000Z,480,59,312
rum_27,cow_1,2026-09-29T18:00:00.000Z,504,60,328
rum_28,cow_1,2026-09-30T18:00:00.000Z,503,55,327
rum_29,cow_1,2026-10-01T18:00:00.000Z,479,59,311
rum_30,cow_1,2026-10-02T18:00:00.000Z,508,56,330
rum_31,cow_1,2026-10-03T18:00:00.000Z,492,58,320
rum_32,cow_2,2026-09-03T18:00:00.000Z,468,54,304
rum_33,cow_2,2026-09-04T18:00:00.000Z,480,56,312
rum_34,cow_2,2026-09-05T18:00:00.000Z,462,52,300
rum_35,cow_2,2026-09-06T18:00:00.000Z,474,54,308
rum_36,cow_2,2026-09-07T18:00:00.000Z,494,58,321
rum_37,cow_2,2026-09-08T18:00:00.000Z,507,54,330
rum_38,cow_2,2026-09-09T18:00:00.000Z,488,56,317
rum_39,cow_2,2026-09-10T18:00:00.000Z,494,60,321
rum_40,cow_2,2026-09-11T18:00:00.000Z,474,54,308
rum_41,cow_2,2026-09-12T18:00:00.000Z,456,56,296
rum_42,cow_2,2026-09-13T18:00:00.000Z,452,56,294
rum_43,cow_2,2026-09-14T18:00:00.000Z,461,59,300
rum_44,cow_2,2026-09-15T18:00:00.000Z,450,60,293
rum_45,cow_2,2026-09-16T18:00:00.000Z,497,52,323
rum_46,cow_2,2026-09-17T18:00:00.000Z,509,53,331
rum_47,cow_2,2026-09-18T18:00:00.000Z,509,56,331
rum_48,cow_2,2026-09-19T18:00:00.000Z,470,55,306
rum_49,cow_2,2026-09-20T18:00:00.000Z,505,59,328
rum_50,cow_2,2026-09-21T18:00:00.000Z,505,57,328
rum_51,cow_2,2026-09-22T18:00:00.000Z,500,52,325
rum_52,cow_2,2026-09-23T18:00:00.000Z,482,54,313
rum_53,cow_2,2026-09-24T18:00:00.000Z,493,54,320
rum_54,cow_2,2026-09-25T18:00:00.000Z,494,54,321
rum_55,cow_2,2026-09-26T18:00:00.000Z,451,59,293
rum_56,cow_2,2026-09-27T18:00:00.000Z,472,60,307
rum_57,cow_2,2026-09-28T18:00:00.000Z,489,56,318
rum_58,cow_2,2026-09-29T18:00:00.000Z,461,58,300
rum_59,cow_2,2026-09-30T18:00:00.000Z,496,54,322
rum_60,cow_2,2026-10-01T18:00:00.000Z,480,58,312
rum_61,cow_2,2026-10-02T18:00:00.000Z,493,60,320
rum_62,cow_2,2026-10-03T18:00:00.000Z,477,53,310
rum_63,cow_3,2026-09-03T18:00:00.000Z,488,60,317
rum_64,cow_3,2026-09-04T18:00:00.000Z,489,57,318
rum_65,cow_3,2026-09-05T18:00:00.000Z,478,52,311
rum_66,cow_3,2026-09-06T18:00:00.000Z,488,56,317
rum_67,cow_3,2026-09-07T18:00:00.000Z,504,52,328
rum_68,cow_3,2026-09-08T18:00:00.000Z,473,53,307
rum_69,cow_3,2026-09-09T18:00:00.000Z,450,59,293
rum_70,cow_3,2026-09-10T18:00:00.000Z,453,59,294
rum_71,cow_3,2026-09-11T18:00:00.000Z,473,54,307
rum_72,cow_3,2026-09-12T18:00:00.000Z,453,58,294
rum_73,cow_3,2026-09-13T18:00:00.000Z,455,54,296
rum_74,cow_3,2026-09-14T18:00:00.000Z,500,60,325
rum_75,cow_3,2026-09-15T18:00:00.000Z,460,57,299
rum_76,cow_3,2026-09-16T18:00:00.000Z,499,52,324
rum_77,cow_3,2026-09-17T18:00:00.000Z,460,59,299
rum_78,cow_3,2026-09-18T18:00:00.000Z,506,58,329
rum_79,cow_3,2026-09-19T18:00:00.000Z,505,59,328
rum_80,cow_3,2026-09-20T18:00:00.000Z,475,54,309
rum_81,cow_3,2026-09-21T18:00:00.000Z,497,55,323
rum_82,cow_3,2026-09-22T18:00:00.000Z,468,55,304
rum_83,cow_3,2026-09-23T18:00:00.000Z,496,53,322
rum_84,cow_3,2026-09-24T18:00:00.000Z,497,54,323
rum_85,cow_3,2026-09-25T18:00:00.000Z,478,52,311
rum_86,cow_3,2026-09-26T18:00:00.000Z,482,53,313
rum_87,cow_3,2026-09-27T18:00:00.000Z,509,53,331
rum_88,cow_3,2026-09-28T18:00:00.000Z,493,58,320
rum_89,cow_3,2026-09-29T18:00:00.000Z,460,56,299
rum_90,cow_3,2026-09-30T18:00:00.000Z,493,52,320
rum_91,cow_3,2026-10-01T18:00:00.000Z,509,58,331
rum_92,cow_3,2026-10-02T18:00:00.000Z,454,55,295
rum_93,cow_3,2026-10-03T18:00:00.000Z,499,59,324
rum_94,cow_4,2026-09-03T18:00:00.000Z,498,59,324
rum_95,cow_4,2026-09-04T18:00:00.000Z,492,54,320
rum_96,cow_4,2026-09-05T18:00:00.000Z,482,60,313
rum_97,cow_4,2026-09-06T18:00:00.000Z,506,52,329
rum_98,cow_4,2026-09-07T18:00:00.000Z,453,57,294
rum_99,cow_4,2026-09-08T18:00:00.000Z,469,55,305
rum_100,cow_4,2026-09-09T18:00:00.000Z,465,54,302
rum_101,cow_4,2026-09-10T18:00:00.000Z,483,55,314
rum_102,cow_4,2026-09-11T18:00:00.000Z,498,53,324
rum_103,cow_4,2026-09-12T18:00:00.000Z,505,54,328
rum_104,cow_4,2026-09-13T18:00:00.000Z,497,52,323
rum_105,cow_4,2026-09-14T18:00:00.000Z,465,60,302
rum_106,cow_4,2026-09-15T18:00:00.000Z,499,57,324
rum_107,cow_4,2026-09-16T18:00:00.000Z,478,59,311
rum_108,cow_4,2026-09-17T18:00:00.000Z,460,58,299
rum_109,cow_4,2026-09-18T18:00:00.000Z,466,55,303
rum_110,cow_4,2026-09-19T18:00:00.000Z,458,60,298
rum_111,cow_4,2026-09-20T18:00:00.000Z,496,58,322
rum_112,cow_4,2026-09-21T18:00:00.000Z,501,60,326
rum_113,cow_4,2026-09-22T18:00:00.000Z,471,57,306
rum_114,cow_4,2026-09-23T18:00:00.000Z,470,53,306
rum_115,cow_4,2026-09-24T18:00:00.000Z,459,52,298
rum_116,cow_4,2026-09-25T18:00:00.000Z,463,57,301
rum_117,cow_4,2026-09-26T18:00:00.000Z,470,53,306
rum_118,cow_4,2026-09-27T18:00:00.000Z,498,60,324
rum_119,cow_4,2026-09-28T18:00:00.000Z,477,53,310
rum_120,cow_4,2026-09-29T18:00:00.000Z,476,60,309
rum_121,cow_4,2026-09-30T18:00:00.000Z,504,58,328
rum_122,cow_4,2026-10-01T18:00:00.000Z,510,57,332
rum_123,cow_4,2026-10-02T18:00:00.000Z,491,53,319
rum_124,cow_4,2026-10-03T18:00:00.000Z,458,53,298
rum_125,cow_5,2026-09-03T18:00:00.000Z,450,52,293
rum_126,cow_5,2026-09-04T18:00:00.000Z,491,56,319
rum_127,cow_5,2026-09-05T18:00:00.000Z,478,54,311
rum_128,cow_5,2026-09-06T18:00:00.000Z,502,52,326
rum_129,cow_5,2026-09-07T18:00:00.000Z,480,54,312
rum_130,cow_5,2026-09-08T18:00:00.000Z,487,60,317
rum_131,cow_5,2026-09-09T18:00:00.000Z,483,52,314
rum_132,cow_5,2026-09-10T18:00:00.000Z,496,55,322
rum_133,cow_5,2026-09-11T18:00:00.000Z,472,53,307
rum_134,cow_5,2026-09-12T18:00:00.000Z,452,52,294
rum_135,cow_5,2026-09-13T18:00:00.000Z,451,53,293
rum_136,cow_5,2026-09-14T18:00:00.000Z,508,60,330
rum_137,cow_5,2026-09-15T18:00:00.000Z,466,56,303
rum_138,cow_5,2026-09-16T18:00:00.000Z,479,53,311
rum_139,cow_5,2026-09-17T18:00:00.000Z,480,60,312
rum_140,cow_5,2026-09-18T18:00:00.000Z,472,58,307
rum_141,cow_5,2026-09-19T18:00:00.000Z,502,59,326
rum_142,cow_5,2026-09-20T18:00:00.000Z,459,59,298
rum_143,cow_5,2026-09-21T18:00:00.000Z,451,60,293
rum_144,cow_5,2026-09-22T18:00:00.000Z,456,60,296
rum_145,cow_5,2026-09-23T18:00:00.000Z,456,60,296
rum_146,cow_5,2026-09-24T18:00:00.000Z,491,56,319
rum_147,cow_5,2026-09-25T18:00:00.000Z,483,54,314
rum_148,cow_5,2026-09-26T18:00:00.000Z,506,56,329
rum_149,cow_5,2026-09-27T18:00:00.000Z,483,56,314
rum_150,cow_5,2026-09-28T18:00:00.000Z,483,59,314
rum_151,cow_5,2026-09-29T18:00:00.000Z,450,55,293
rum_152,cow_5,2026-09-30T18:00:00.000Z,483,59,314
rum_153,cow_5,2026-10-01T18:00:00.000Z,462,56,300
rum_154,cow_5,2026-10-02T18:00:00.000Z,451,59,293
rum_155,cow_5,2026-10-03T18:00:00.000Z,453,56,294
rum_156,cow_6,2026-09-03T18:00:00.000Z,484,58,315
rum_157,cow_6,2026-09-04T18:00:00.000Z,488,59,317
rum_158,cow_6,2026-09-05T18:00:00.000Z,476,55,309
rum_159,cow_6,2026-09-06T18:00:00.000Z,488,59,317
rum_160,cow_6,2026-09-07T18:00:00.000Z,494,52,321
rum_161,cow_6,2026-09-08T18:00:00.000Z,499,56,324
rum_162,cow_6,2026-09-09T18:00:00.000Z,500,52,325
rum_163,cow_6,2026-09-10T18:00:00.000Z,510,53,332
rum_164,cow_6,2026-09-11T18:00:00.000Z,467,59,304
rum_165,cow_6,2026-09-12T18:00:00.000Z,458,59,298
rum_166,cow_6,2026-09-13T18:00:00.000Z,486,56,316
rum_167,cow_6,2026-09-14T18:00:00.000Z,455,56,296
rum_168,cow_6,2026-09-15T18:00:00.000Z,463,58,301
rum_169,cow_6,2026-09-16T18:00:00.000Z,485,58,315
rum_170,cow_6,2026-09-17T18:00:00.000Z,509,59,331
rum_171,cow_6,2026-09-18T18:00:00.000Z,483,53,314
rum_172,cow_6,2026-09-19T18:00:00.000Z,489,60,318
rum_173,cow_6,2026-09-20T18:00:00.000Z,510,56,332
rum_174,cow_6,2026-09-21T18:00:00.000Z,461,55,300
rum_175,cow_6,2026-09-22T18:00:00.000Z,467,58,304
rum_176,cow_6,2026-09-23T18:00:00.000Z,464,53,302
rum_177,cow_6,2026-09-24T18:00:00.000Z,457,52,297
rum_178,cow_6,2026-09-25T18:00:00.000Z,485,59,315
rum_179,cow_6,2026-09-26T18:00:00.000Z,485,52,315
rum_180,cow_6,2026-09-27T18:00:00.000Z,496,56,322
rum_181,cow_6,2026-09-28T18:00:00.000Z,498,54,324
rum_182,cow_6,2026-09-29T18:00:00.000Z,468,58,304
rum_183,cow_6,2026-09-30T18:00:00.000Z,477,55,310
rum_184,cow_6,2026-10-01T18:00:00.000Z,495,58,322
rum_185,cow_6,2026-10-02T18:00:00.000Z,494,57,321
rum_186,cow_6,2026-10-03T18:00:00.000Z,509,57,331
rum_187,cow_7,2026-09-03T18:00:00.000Z,494,55,321
rum_188,cow_7,2026-09-04T18:00:00.000Z,463,54,301
rum_189,cow_7,2026-09-05T18:00:00.000Z,452,52,294
rum_190,cow_7,2026-09-06T18:00:00.000Z,453,55,294
rum_191,cow_7,2026-09-07T18:00:00.000Z,459,58,298
rum_192,cow_7,2026-09-08T18:00:00.000Z,501,57,326
rum_193,cow_7,2026-09-09T18:00:00.000Z,479,57,311
rum_194,cow_7,2026-09-10T18:00:00.000Z,487,54,317
rum_195,cow_7,2026-09-11T18:00:00.000Z,451,59,293
rum_196,cow_7,2026-09-12T18:00:00.000Z,462,56,300
rum_197,cow_7,2026-09-13T18:00:00.000Z,454,52,295
rum_198,cow_7,2026-09-14T18:00:00.000Z,482,58,313
rum_199,cow_7,2026-09-15T18:00:00.000Z,493,60,320
rum_200,cow_7,2026-09-16T18:00:00.000Z,454,57,295
rum_201,cow_7,2026-09-17T18:00:00.000Z,462,56,300
rum_202,cow_7,2026-09-18T18:00:00.000Z,454,55,295
rum_203,cow_7,2026-09-19T18:00:00.000Z,501,53,326
rum_204,cow_7,2026-09-20T18:00:00.000Z,476,53,309
rum_205,cow_7,2026-09-21T18:00:00.000Z,456,58,296
rum_206,cow_7,2026-09-22T18:00:00.000Z,463,57,301
rum_207,cow_7,2026-09-23T18:00:00.000Z,481,54,313
rum_208,cow_7,2026-09-24T18:00:00.000Z,456,59,296
rum_209,cow_7,2026-09-25T18:00:00.000Z,488,60,317
rum_210,cow_7,2026-09-26T18:00:00.000Z,497,58,323
rum_211,cow_7,2026-09-27T18:00:00.000Z,490,57,319
rum_212,cow_7,2026-09-28T18:00:00.000Z,459,57,298
rum_213,cow_7,2026-09-29T18:00:00.000Z,475,58,309
rum_214,cow_7,2026-09-30T18:00:00.000Z,497,58,323
rum_215,cow_7,2026-10-01T18:00:00.000Z,493,55,320
rum_216,cow_7,2026-10-02T18:00:00.000Z,490,56,319
rum_217,cow_7,2026-10-03T18:00:00.000Z,473,58,307
rum_218,cow_8,2026-09-03T18:00:00.000Z,508,57,330
rum_219,cow_8,2026-09-04T18:00:00.000Z,493,54,320
rum_220,cow_8,2026-09-05T18:00:00.000Z,502,55,326
rum_221,cow_8,2026-09-06T18:00:00.000Z,464,57,302
rum_222,cow_8,2026-09-07T18:00:00.000Z,463,53,301
rum_223,cow_8,2026-09-08T18:00:00.000Z,499,55,324
rum_224,cow_8,2026-09-09T18:00:00.000Z,478,56,311
rum_225,cow_8,2026-09-10T18:00:00.000Z,496,60,322
rum_226,cow_8,2026-09-11T18:00:00.000Z,501,58,326
rum_227,cow_8,2026-09-12T18:00:00.000Z,499,59,324
rum_228,cow_8,2026-09-13T18:00:00.000Z,472,57,307
rum_229,cow_8,2026-09-14T18:00:00.000Z,510,60,332
rum_230,cow_8,2026-09-15T18:00:00.000Z,487,59,317
rum_231,cow_8,2026-09-16T18:00:00.000Z,458,52,298
rum_232,cow_8,2026-09-17T18:00:00.000Z,471,59,306
rum_233,cow_8,2026-09-18T18:00:00.000Z,494,52,321
rum_234,cow_8,2026-09-19T18:00:00.000Z,468,59,304
rum_235,cow_8,2026-09-20T18:00:00.000Z,477,53,310
rum_236,cow_8,2026-09-21T18:00:00.000Z,501,60,326
rum_237,cow_8,2026-09-22T18:00:00.000Z,451,60,293
rum_238,cow_8,2026-09-23T18:00:00.000Z,457,54,297
rum_239,cow_8,2026-09-24T18:00:00.000Z,456,56,296
rum_240,cow_8,2026-09-25T18:00:00.000Z,487,53,317
rum_241,cow_8,2026-09-26T18:00:00.000Z,480,53,312
rum_242,cow_8,2026-09-27T18:00:00.000Z,495,55,322
rum_243,cow_8,2026-09-28T18:00:00.000Z,486,60,316
rum_244,cow_8,2026-09-29T18:00:00.000Z,510,53,332
rum_245,cow_8,2026-09-30T18:00:00.000Z,463,56,301
rum_246,cow_8,2026-10-01T18:00:00.000Z,505,52,328
rum_247,cow_8,2026-10-02T18:00:00.000Z,469,55,305
rum_248,cow_8,2026-10-03T18:00:00.000Z,486,54,316
rum_249,cow_9,2026-09-03T18:00:00.000Z,508,54,330
rum_250,cow_9,2026-09-04T18:00:00.000Z,505,59,328
rum_251,cow_9,2026-09-05T18:00:00.000Z,502,60,326
rum_252,cow_9,2026-09-06T18:00:00.000Z,497,55,323
rum_253,cow_9,2026-09-07T18:00:00.000Z,465,55,302
rum_254,cow_9,2026-09-08T18:00:00.000Z,508,60,330
rum_255,cow_9,2026-09-09T18:00:00.000Z,461,57,300
rum_256,cow_9,2026-09-10T18:00:00.000Z,474,57,308
rum_257,cow_9,2026-09-11T18:00:00.000Z,469,60,305
rum_258,cow_9,2026-09-12T18:00:00.000Z,501,56,326
rum_259,cow_9,2026-09-13T18:00:00.000Z,504,53,328
rum_260,cow_9,2026-09-14T18:00:00.000Z,460,56,299
rum_261,cow_9,2026-09-15T18:00:00.000Z,452,58,294
rum_262,cow_9,2026-09-16T18:00:00.000Z,466,56,303
rum_263,cow_9,2026-09-17T18:00:00.000Z,459,59,298
rum_264,cow_9,2026-09-18T18:00:00.000Z,496,54,322
rum_265,cow_9,2026-09-19T18:00:00.000Z,500,58,325
rum_266,cow_9,2026-09-20T18:00:00.000Z,496,56,322
rum_267,cow_9,2026-09-21T18:00:00.000Z,510,57,332
rum_268,cow_9,2026-09-22T18:00:00.000Z,495,54,322
rum_269,cow_9,2026-09-23T18:00:00.000Z,488,59,317
rum_270,cow_9,2026-09-24T18:00:00.000Z,495,55,322
rum_271,cow_9,2026-09-25T18:00:00.000Z,499,52,324
rum_272,cow_9,2026-09-26T18:00:00.000Z,462,52,300
rum_273,cow_9,2026-09-27T18:00:00.000Z,491,58,319
rum_274,cow_9,2026-09-28T18:00:00.000Z,462,52,300
rum_275,cow_9,2026-09-29T18:00:00.000Z,510,55,332
rum_276,cow_9,2026-09-30T18:00:00.000Z,459,56,298
rum_277,cow_9,2026-10-01T18:00:00.000Z,502,58,326
rum_278,cow_9,2026-10-02T18:00:00.000Z,479,60,311
rum_279,cow_9,2026-10-03T18:00:00.000Z,470,57,306
rum_280,cow_10,2026-09-03T18:00:00.000Z,502,56,326
rum_281,cow_10,2026-09-04T18:00:00.000Z,494,58,321
rum_282,cow_10,2026-09-05T18:00:00.000Z,470,54,306
rum_283,cow_10,2026-09-06T18:00:00.000Z,472,60,307
rum_284,cow_10,2026-09-07T18:00:00.000Z,482,60,313
rum_285,cow_10,2026-09-08T18:00:00.000Z,463,60,301
rum_286,cow_10,2026-09-09T18:00:00.000Z,482,59,313
rum_287,cow_10,2026-09-10T18:00:00.000Z,463,53,301
rum_288,cow_10,2026-09-11T18:00:00.000Z,491,60,319
rum_289,cow_10,2026-09-12T18:00:00.000Z,486,59,316
rum_290,cow_10,2026-09-13T18:00:00.000Z,507,55,330
rum_291,cow_10,2026-09-14T18:00:00.000Z,482,54,313
rum_292,cow_10,2026-09-15T18:00:00.000Z,471,52,306
rum_293,cow_10,2026-09-16T18:00:00.000Z,510,55,332
rum_294,cow_10,2026-09-17T18:00:00.000Z,451,54,293
rum_295,cow_10,2026-09-18T18:00:00.000Z,453,52,294
rum_296,cow_10,2026-09-19T18:00:00.000Z,505,54,328
rum_297,cow_10,2026-09-20T18:00:00.000Z,467,52,304
rum_298,cow_10,2026-09-21T18:00:00.000Z,451,60,293
rum_299,cow_10,2026-09-22T18:00:00.000Z,480,55,312
rum_300,cow_10,2026-09-23T18:00:00.000Z,465,52,302
rum_301,cow_10,2026-09-24T18:00:00.000Z,484,54,315
rum_302,cow_10,2026-09-25T18:00:00.000Z,455,54,296
rum_303,cow_10,2026-09-26T18:00:00.000Z,471,56,306
rum_304,cow_10,2026-09-27T18:00:00.000Z,498,54,324
rum_305,cow_10,2026-09-28T18:00:00.000Z,483,52,314
rum_306,cow_10,2026-09-29T18:00:00.000Z,494,57,321
rum_307,cow_10,2026-09-30T18:00:00.000Z,472,52,307
rum_308,cow_10,2026-10-01T18:00:00.000Z,504,56,328
rum_309,cow_10,2026-10-02T18:00:00.000Z,504,55,328
rum_310,cow_10,2026-10-03T18:00:00.000Z,489,53,318
rum_311,cow_11,2026-09-03T18:00:00.000Z,476,59,309
rum_312,cow_11,2026-09-04T18:00:00.000Z,455,59,296
rum_313,cow_11,2026-09-05T18:00:00.000Z,453,56,294
rum_314,cow_11,2026-09-06T18:00:00.000Z,463,59,301
rum_315,cow_11,2026-09-07T18:00:00.000Z,499,57,324
rum_316,cow_11,2026-09-08T18:00:00.000Z,496,60,322
rum_317,cow_11,2026-09-09T18:00:00.000Z,489,52,318
rum_318,cow_11,2026-09-10T18:00:00.000Z,457,59,297
rum_319,cow_11,2026-09-11T18:00:00.000Z,462,55,300
rum_320,cow_11,2026-09-12T18:00:00.000Z,489,55,318
rum_321,cow_11,2026-09-13T18:00:00.000Z,493,55,320
rum_322,cow_11,2026-09-14T18:00:00.000Z,480,56,312
rum_323,cow_11,2026-09-15T18:00:00.000Z,470,56,306
rum_324,cow_11,2026-09-16T18:00:00.000Z,510,56,332
rum_325,cow_11,2026-09-17T18:00:00.000Z,493,59,320
rum_326,cow_11,2026-09-18T18:00:00.000Z,489,52,318
rum_327,cow_11,2026-09-19T18:00:00.000Z,460,56,299
rum_328,cow_11,2026-09-20T18:00:00.000Z,479,56,311
rum_329,cow_11,2026-09-21T18:00:00.000Z,457,52,297
rum_330,cow_11,2026-09-22T18:00:00.000Z,463,57,301
rum_331,cow_11,2026-09-23T18:00:00.000Z,471,56,306
rum_332,cow_11,2026-09-24T18:00:00.000Z,510,54,332
rum_333,cow_11,2026-09-25T18:00:00.000Z,474,60,308
rum_334,cow_11,2026-09-26T18:00:00.000Z,484,55,315
rum_335,cow_11,2026-09-27T18:00:00.000Z,459,59,298
rum_336,cow_11,2026-09-28T18:00:00.000Z,467,60,304
rum_337,cow_11,2026-09-29T18:00:00.000Z,510,57,332
rum_338,cow_11,2026-09-30T18:00:00.000Z,464,52,302
rum_339,cow_11,2026-10-01T18:00:00.000Z,470,55,306
rum_340,cow_11,2026-10-02T18:00:00.000Z,467,60,304
rum_341,cow_11,2026-10-03T18:00:00.000Z,461,60,300
rum_342,cow_12,2026-09-03T18:00:00.000Z,474,53,308
rum_343,cow_12,2026-09-04T18:00:00.000Z,471,56,306
rum_344,cow_12,2026-09-05T18:00:00.000Z,493,54,320
rum_345,cow_12,2026-09-06T18:00:00.000Z,480,54,312
rum_346,cow_12,2026-09-07T18:00:00.000Z,468,54,304
rum_347,cow_12,2026-09-08T18:00:00.000Z,496,55,322
rum_348,cow_12,2026-09-09T18:00:00.000Z,463,56,301
rum_349,cow_12,2026-09-10T18:00:00.000Z,492,52,320
rum_350,cow_12,2026-09-11T18:00:00.000Z,492,59,320
rum_351,cow_12,2026-09-12T18:00:00.000Z,502,53,326
rum_352,cow_12,2026-09-13T18:00:00.000Z,486,60,316
rum_353,cow_12,2026-09-14T18:00:00.000Z,464,55,302
rum_354,cow_12,2026-09-15T18:00:00.000Z,474,52,308
rum_355,cow_12,2026-09-16T18:00:00.000Z,451,60,293
rum_356,cow_12,2026-09-17T18:00:00.000Z,460,52,299
rum_357,cow_12,2026-09-18T18:00:00.000Z,502,55,326
rum_358,cow_12,2026-09-19T18:00:00.000Z,462,56,300
rum_359,cow_12,2026-09-20T18:00:00.000Z,479,56,311
rum_360,cow_12,2026-09-21T18:00:00.000Z,504,52,328
rum_361,cow_12,2026-09-22T18:00:00.000Z,503,57,327
rum_362,cow_12,2026-09-23T18:00:00.000Z,472,59,307
rum_363,cow_12,2026-09-24T18:00:00.000Z,468,60,304
rum_364,cow_12,2026-09-25T18:00:00.000Z,490,52,319
rum_365,cow_12,2026-09-26T18:00:00.000Z,482,56,313
rum_366,cow_12,2026-09-27T18:00:00.000Z,505,60,328
rum_367,cow_12,2026-09-28T18:00:00.000Z,453,55,294
rum_368,cow_12,2026-09-29T18:00:00.000Z,498,56,324
rum_369,cow_12,2026-09-30T18:00:00.000Z,480,55,312
rum_370,cow_12,2026-10-01T18:00:00.000Z,458,56,298
rum_371,cow_12,2026-10-02T18:00:00.000Z,477,53,310
rum_372,cow_12,2026-10-03T18:00:00.000Z,492,54,320
rum_373,cow_13,2026-09-03T18:00:00.000Z,452,55,294
rum_374,cow_13,2026-09-04T18:00:00.000Z,500,52,325
rum_375,cow_13,2026-09-05T18:00:00.000Z,502,55,326
rum_376,cow_13,2026-09-06T18:00:00.000Z,450,58,293
rum_377,cow_13,2026-09-07T18:00:00.000Z,498,56,324
rum_378,cow_13,2026-09-08T18:00:00.000Z,476,52,309
rum_379,cow_13,2026-09-09T18:00:00.000Z,491,54,319
rum_380,cow_13,2026-09-10T18:00:00.000Z,482,59,313
rum_381,cow_13,2026-09-11T18:00:00.000Z,468,60,304
rum_382,cow_13,2026-09-12T18:00:00.000Z,507,57,330
rum_383,cow_13,2026-09-13T18:00:00.000Z,505,56,328
rum_384,cow_13,2026-09-14T18:00:00.000Z,491,52,319
rum_385,cow_13,2026-09-15T18:00:00.000Z,488,58,317
rum_386,cow_13,2026-09-16T18:00:00.000Z,499,60,324
rum_387,cow_13,2026-09-17T18:00:00.000Z,464,55,302
rum_388,cow_13,2026-09-18T18:00:00.000Z,471,60,306
rum_389,cow_13,2026-09-19T18:00:00.000Z,480,57,312
rum_390,cow_13,2026-09-20T18:00:00.000Z,498,55,324
rum_391,cow_13,2026-09-21T18:00:00.000Z,504,58,328
rum_392,cow_13,2026-09-22T18:00:00.000Z,489,52,318
rum_393,cow_13,2026-09-23T18:00:00.000Z,484,52,315
rum_394,cow_13,2026-09-24T18:00:00.000Z,501,59,326
rum_395,cow_13,2026-09-25T18:00:00.000Z,470,55,306
rum_396,cow_13,2026-09-26T18:00:00.000Z,488,56,317
rum_397,cow_13,2026-09-27T18:00:00.000Z,452,52,294
rum_398,cow_13,2026-09-28T18:00:00.000Z,492,57,320
rum_399,cow_13,2026-09-29T18:00:00.000Z,510,54,332
rum_400,cow_13,2026-09-30T18:00:00.000Z,451,55,293
rum_401,cow_13,2026-10-01T18:00:00.000Z,473,58,307
rum_402,cow_13,2026-10-02T18:00:00.000Z,508,52,330
rum_403,cow_13,2026-10-03T18:00:00.000Z,500,52,325
rum_404,cow_14,2026-09-03T18:00:00.000Z,470,60,306
rum_405,cow_14,2026-09-04T18:00:00.000Z,497,58,323
rum_406,cow_14,2026-09-05T18:00:00.000Z,472,57,307
rum_407,cow_14,2026-09-06T18:00:00.000Z,473,57,307
rum_408,cow_14,2026-09-07T18:00:00.000Z,499,53,324
rum_409,cow_14,2026-09-08T18:00:00.000Z,507,59,330
rum_410,cow_14,2026-09-09T18:00:00.000Z,477,52,310
rum_411,cow_14,2026-09-10T18:00:00.000Z,509,59,331
rum_412,cow_14,2026-09-11T18:00:00.000Z,477,52,310
rum_413,cow_14,2026-09-12T18:00:00.000Z,499,55,324
rum_414,cow_14,2026-09-13T18:00:00.000Z,463,54,301
rum_415,cow_14,2026-09-14T18:00:00.000Z,488,55,317
rum_416,cow_14,2026-09-15T18:00:00.000Z,453,52,294
rum_417,cow_14,2026-09-16T18:00:00.000Z,482,58,313
rum_418,cow_14,2026-09-17T18:00:00.000Z,453,54,294
rum_419,cow_14,2026-09-18T18:00:00.000Z,507,58,330
rum_420,cow_14,2026-09-19T18:00:00.000Z,462,60,300
rum_421,cow_14,2026-09-20T18:00:00.000Z,458,58,298
rum_422,cow_14,2026-09-21T18:00:00.000Z,453,59,294
rum_423,cow_14,2026-09-22T18:00:00.000Z,485,52,315
rum_424,cow_14,2026-09-23T18:00:00.000Z,455,53,296
rum_425,cow_14,2026-09-24T18:00:00.000Z,479,57,311
rum_426,cow_14,2026-09-25T18:00:00.000Z,476,60,309
rum_427,cow_14,2026-09-26T18:00:00.000Z,470,57,306
rum_428,cow_14,2026-09-27T18:00:00.000Z,467,60,304
rum_429,cow_14,2026-09-28T18:00:00.000Z,455,57,296
rum_430,cow_14,2026-09-29T18:00:00.000Z,470,53,306
rum_431,cow_14,2026-09-30T18:00:00.000Z,452,59,294
rum_432,cow_14,2026-10-01T18:00:00.000Z,473,55,307
rum_433,cow_14,2026-10-02T18:00:00.000Z,454,59,295
rum_434,cow_14,2026-10-03T18:00:00.000Z,464,56,302
rum_435,cow_15,2026-09-03T18:00:00.000Z,494,56,321
rum_436,cow_15,2026-09-04T18:00:00.000Z,497,52,323
rum_437,cow_15,2026-09-05T18:00:00.000Z,510,58,332
rum_438,cow_15,2026-09-06T18:00:00.000Z,509,58,331
rum_439,cow_15,2026-09-07T18:00:00.000Z,462,58,300
rum_440,cow_15,2026-09-08T18:00:00.000Z,492,58,320
rum_441,cow_15,2026-09-09T18:00:00.000Z,503,56,327
rum_442,cow_15,2026-09-10T18:00:00.000Z,498,58,324
rum_443,cow_15,2026-09-11T18:00:00.000Z,491,59,319
rum_444,cow_15,2026-09-12T18:00:00.000Z,492,54,320
rum_445,cow_15,2026-09-13T18:00:00.000Z,486,52,316
rum_446,cow_15,2026-09-14T18:00:00.000Z,487,54,317
rum_447,cow_15,2026-09-15T18:00:00.000Z,458,56,298
rum_448,cow_15,2026-09-16T18:00:00.000Z,472,56,307
rum_449,cow_15,2026-09-17T18:00:00.000Z,486,57,316
rum_450,cow_15,2026-09-18T18:00:00.000Z,504,52,328
rum_451,cow_15,2026-09-19T18:00:00.000Z,472,60,307
rum_452,cow_15,2026-09-20T18:00:00.000Z,472,56,307
rum_453,cow_15,2026-09-21T18:00:00.000Z,495,60,322
rum_454,cow_15,2026-09-22T18:00:00.000Z,462,58,300
rum_455,cow_15,2026-09-23T18:00:00.000Z,510,60,332
rum_456,cow_15,2026-09-24T18:00:00.000Z,505,57,328
rum_457,cow_15,2026-09-25T18:00:00.000Z,456,55,296
rum_458,cow_15,2026-09-26T18:00:00.000Z,462,58,300
rum_459,cow_15,2026-09-27T18:00:00.000Z,488,58,317
rum_460,cow_15,2026-09-28T18:00:00.000Z,470,52,306
rum_461,cow_15,2026-09-29T18:00:00.000Z,467,55,304
rum_462,cow_15,2026-09-30T18:00:00.000Z,457,54,297
rum_463,cow_15,2026-10-01T18:00:00.000Z,496,56,322
rum_464,cow_15,2026-10-02T18:00:00.000Z,493,60,320
rum_465,cow_15,2026-10-03T18:00:00.000Z,474,55,308
rum_466,cow_16,2026-09-03T18:00:00.000Z,468,56,304
rum_467,cow_16,2026-09-04T18:00:00.000Z,504,60,328
rum_468,cow_16,2026-09-05T18:00:00.000Z,463,53,301
rum_469,cow_16,2026-09-06T18:00:00.000Z,491,53,319
rum_470,cow_16,2026-09-07T18:00:00.000Z,489,56,318
rum_471,cow_16,2026-09-08T18:00:00.000Z,499,57,324
rum_472,cow_16,2026-09-09T18:00:00.000Z,469,52,305
rum_473,cow_16,2026-09-10T18:00:00.000Z,504,56,328
rum_474,cow_16,2026-09-11T18:00:00.000Z,474,55,308
rum_475,cow_16,2026-09-12T18:00:00.000Z,505,57,328
rum_476,cow_16,2026-09-13T18:00:00.000Z,505,55,328
rum_477,cow_16,2026-09-14T18:00:00.000Z,508,52,330
rum_478,cow_16,2026-09-15T18:00:00.000Z,492,58,320
rum_479,cow_16,2026-09-16T18:00:00.000Z,509,60,331
rum_480,cow_16,2026-09-17T18:00:00.000Z,501,52,326
rum_481,cow_16,2026-09-18T18:00:00.000Z,457,52,297
rum_482,cow_16,2026-09-19T18:00:00.000Z,452,55,294
rum_483,cow_16,2026-09-20T18:00:00.000Z,472,57,307
rum_484,cow_16,2026-09-21T18:00:00.000Z,506,56,329
rum_485,cow_16,2026-09-22T18:00:00.000Z,497,58,323
rum_486,cow_16,2026-09-23T18:00:00.000Z,473,59,307
rum_487,cow_16,2026-09-24T18:00:00.000Z,503,54,327
rum_488,cow_16,2026-09-25T18:00:00.000Z,477,60,310
rum_489,cow_16,2026-09-26T18:00:00.000Z,463,58,301
rum_490,cow_16,2026-09-27T18:00:00.000Z,486,53,316
rum_491,cow_16,2026-09-28T18:00:00.000Z,469,54,305
rum_492,cow_16,2026-09-29T18:00:00.000Z,475,58,309
rum_493,cow_16,2026-09-30T18:00:00.000Z,507,54,330
rum_494,cow_16,2026-10-01T18:00:00.000Z,504,57,328
rum_495,cow_16,2026-10-02T18:00:00.000Z,471,59,306
rum_496,cow_16,2026-10-03T18:00:00.000Z,484,55,315
rum_497,cow_17,2026-09-03T18:00:00.000Z,482,54,313
rum_498,cow_17,2026-09-04T18:00:00.000Z,465,54,302
rum_499,cow_17,2026-09-05T18:00:00.000Z,464,53,302
rum_500,cow_17,2026-09-06T18:00:00.000Z,480,58,312
rum_501,cow_17,2026-09-07T18:00:00.000Z,474,59,308
rum_502,cow_17,2026-09-08T18:00:00.000Z,480,54,312
rum_503,cow_17,2026-09-09T18:00:00.000Z,477,56,310
rum_504,cow_17,2026-09-10T18:00:00.000Z,496,58,322
rum_505,cow_17,2026-09-11T18:00:00.000Z,474,60,308
rum_506,cow_17,2026-09-12T18:00:00.000Z,464,58,302
rum_507,cow_17,2026-09-13T18:00:00.000Z,474,58,308
rum_508,cow_17,2026-09-14T18:00:00.000Z,477,58,310
rum_509,cow_17,2026-09-15T18:00:00.000Z,476,56,309
rum_510,cow_17,2026-09-16T18:00:00.000Z,458,56,298
rum_511,cow_17,2026-09-17T18:00:00.000Z,503,54,327
rum_512,cow_17,2026-09-18T18:00:00.000Z,462,54,300
rum_513,cow_17,2026-09-19T18:00:00.000Z,497,60,323
rum_514,cow_17,2026-09-20T18:00:00.000Z,509,57,331
rum_515,cow_17,2026-09-21T18:00:00.000Z,501,55,326
rum_516,cow_17,2026-09-22T18:00:00.000Z,462,53,300
rum_517,cow_17,2026-09-23T18:00:00.000Z,506,56,329
rum_518,cow_17,2026-09-24T18:00:00.000Z,499,56,324
rum_519,cow_17,2026-09-25T18:00:00.000Z,490,57,319
rum_520,cow_17,2026-09-26T18:00:00.000Z,497,58,323
rum_521,cow_17,2026-09-27T18:00:00.000Z,502,55,326
rum_522,cow_17,2026-09-28T18:00:00.000Z,499,56,324
rum_523,cow_17,2026-09-29T18:00:00.000Z,476,58,309
rum_524,cow_17,2026-09-30T18:00:00.000Z,474,56,308
rum_525,cow_17,2026-10-01T18:00:00.000Z,506,53,329
rum_526,cow_17,2026-10-02T18:00:00.000Z,493,55,320
rum_527,cow_17,2026-10-03T18:00:00.000Z,462,52,300
rum_528,cow_18,2026-09-03T18:00:00.000Z,508,58,330
rum_529,cow_18,2026-09-04T18:00:00.000Z,474,56,308
rum_530,cow_18,2026-09-05T18:00:00.000Z,509,58,331
rum_531,cow_18,2026-09-06T18:00:00.000Z,479,58,311
rum_532,cow_18,2026-09-07T18:00:00.000Z,453,57,294
rum_533,cow_18,2026-09-08T18:00:00.000Z,469,59,305
rum_534,cow_18,2026-09-09T18:00:00.000Z,477,53,310
rum_535,cow_18,2026-09-10T18:00:00.000Z,495,55,322
rum_536,cow_18,2026-09-11T18:00:00.000Z,489,60,318
rum_537,cow_18,2026-09-12T18:00:00.000Z,475,59,309
rum_538,cow_18,2026-09-13T18:00:00.000Z,508,57,330
rum_539,cow_18,2026-09-14T18:00:00.000Z,452,53,294
rum_540,cow_18,2026-09-15T18:00:00.000Z,497,53,323
rum_541,cow_18,2026-09-16T18:00:00.000Z,453,59,294
rum_542,cow_18,2026-09-17T18:00:00.000Z,479,59,311
rum_543,cow_18,2026-09-18T18:00:00.000Z,505,53,328
rum_544,cow_18,2026-09-19T18:00:00.000Z,485,53,315
rum_545,cow_18,2026-09-20T18:00:00.000Z,463,59,301
rum_546,cow_18,2026-09-21T18:00:00.000Z,463,59,301
rum_547,cow_18,2026-09-22T18:00:00.000Z,490,58,319
rum_548,cow_18,2026-09-23T18:00:00.000Z,497,52,323
rum_549,cow_18,2026-09-24T18:00:00.000Z,456,54,296
rum_550,cow_18,2026-09-25T18:00:00.000Z,460,52,299
rum_551,cow_18,2026-09-26T18:00:00.000Z,492,58,320
rum_552,cow_18,2026-09-27T18:00:00.000Z,474,54,308
rum_553,cow_18,2026-09-28T18:00:00.000Z,455,54,296
rum_554,cow_18,2026-09-29T18:00:00.000Z,460,52,299
rum_555,cow_18,2026-09-30T18:00:00.000Z,500,54,325
rum_556,cow_18,2026-10-01T18:00:00.000Z,464,57,302
rum_557,cow_18,2026-10-02T18:00:00.000Z,501,58,326
rum_558,cow_18,2026-10-03T18:00:00.000Z,501,54,326
rum_559,cow_19,2026-09-03T18:00:00.000Z,450,53,293
rum_560,cow_19,2026-09-04T18:00:00.000Z,507,56,330
rum_561,cow_19,2026-09-05T18:00:00.000Z,500,53,325
rum_562,cow_19,2026-09-06T18:00:00.000Z,491,57,319
rum_563,cow_19,2026-09-07T18:00:00.000Z,463,56,301
rum_564,cow_19,2026-09-08T18:00:00.000Z,458,57,298
rum_565,cow_19,2026-09-09T18:00:00.000Z,510,57,332
rum_566,cow_19,2026-09-10T18:00:00.000Z,480,57,312
rum_567,cow_19,2026-09-11T18:00:00.000Z,468,58,304
rum_568,cow_19,2026-09-12T18:00:00.000Z,477,59,310
rum_569,cow_19,2026-09-13T18:00:00.000Z,458,55,298
rum_570,cow_19,2026-09-14T18:00:00.000Z,503,60,327
rum_571,cow_19,2026-09-15T18:00:00.000Z,493,59,320
rum_572,cow_19,2026-09-16T18:00:00.000Z,466,58,303
rum_573,cow_19,2026-09-17T18:00:00.000Z,479,53,311
rum_574,cow_19,2026-09-18T18:00:00.000Z,451,57,293
rum_575,cow_19,2026-09-19T18:00:00.000Z,500,52,325
rum_576,cow_19,2026-09-20T18:00:00.000Z,475,53,309
rum_577,cow_19,2026-09-21T18:00:00.000Z,494,57,321
rum_578,cow_19,2026-09-22T18:00:00.000Z,507,56,330
rum_579,cow_19,2026-09-23T18:00:00.000Z,498,56,324
rum_580,cow_19,2026-09-24T18:00:00.000Z,500,59,325
rum_581,cow_19,2026-09-25T18:00:00.000Z,480,55,312
rum_582,cow_19,2026-09-26T18:00:00.000Z,485,56,315
rum_583,cow_19,2026-09-27T18:00:00.000Z,490,55,319
rum_584,cow_19,2026-09-28T18:00:00.000Z,476,56,309
rum_585,cow_19,2026-09-29T18:00:00.000Z,477,55,310
rum_586,cow_19,2026-09-30T18:00:00.000Z,505,57,328
rum_587,cow_19,2026-10-01T18:00:00.000Z,494,54,321
rum_588,cow_19,2026-10-02T18:00:00.000Z,502,53,326
rum_589,cow_19,2026-10-03T18:00:00.000Z,510,53,332
rum_590,cow_20,2026-09-03T18:00:00.000Z,478,55,311
rum_591,cow_20,2026-09-04T18:00:00.000Z,460,56,299
rum_592,cow_20,2026-09-05T18:00:00.000Z,504,58,328
rum_593,cow_20,2026-09-06T18:00:00.000Z,490,52,319
rum_594,cow_20,2026-09-07T18:00:00.000Z,458,59,298
rum_595,cow_20,2026-09-08T18:00:00.000Z,507,59,330
rum_596,cow_20,2026-09-09T18:00:00.000Z,502,53,326
rum_597,cow_20,2026-09-10T18:00:00.000Z,461,57,300
rum_598,cow_20,2026-09-11T18:00:00.000Z,499,58,324
rum_599,cow_20,2026-09-12T18:00:00.000Z,489,54,318
rum_600,cow_20,2026-09-13T18:00:00.000Z,507,55,330
rum_601,cow_20,2026-09-14T18:00:00.000Z,463,59,301
rum_602,cow_20,2026-09-15T18:00:00.000Z,498,55,324
rum_603,cow_20,2026-09-16T18:00:00.000Z,463,53,301
rum_604,cow_20,2026-09-17T18:00:00.000Z,450,53,293
rum_605,cow_20,2026-09-18T18:00:00.000Z,503,56,327
rum_606,cow_20,2026-09-19T18:00:00.000Z,459,59,298
rum_607,cow_20,2026-09-20T18:00:00.000Z,509,54,331
rum_608,cow_20,2026-09-21T18:00:00.000Z,477,60,310
rum_609,cow_20,2026-09-22T18:00:00.000Z,461,55,300
rum_610,cow_20,2026-09-23T18:00:00.000Z,483,54,314
rum_611,cow_20,2026-09-24T18:00:00.000Z,470,56,306
rum_612,cow_20,2026-09-25T18:00:00.000Z,452,53,294
rum_613,cow_20,2026-09-26T18:00:00.000Z,475,60,309
rum_614,cow_20,2026-09-27T18:00:00.000Z,494,60,321
rum_615,cow_20,2026-09-28T18:00:00.000Z,505,52,328
rum_616,cow_20,2026-09-29T18:00:00.000Z,495,60,322
rum_617,cow_20,2026-09-30T18:00:00.000Z,468,55,304
rum_618,cow_20,2026-10-01T18:00:00.000Z,460,60,299
rum_619,cow_20,2026-10-02T18:00:00.000Z,468,53,304
rum_620,cow_20,2026-10-03T18:00:00.000Z,454,54,295
rum_621,cow_21,2026-09-03T18:00:00.000Z,467,59,304
rum_622,cow_21,2026-09-04T18:00:00.000Z,483,59,314
rum_623,cow_21,2026-09-05T18:00:00.000Z,479,59,311
rum_624,cow_21,2026-09-06T18:00:00.000Z,469,58,305
rum_625,cow_21,2026-09-07T18:00:00.000Z,488,58,317
rum_626,cow_21,2026-09-08T18:00:00.000Z,493,60,320
rum_627,cow_21,2026-09-09T18:00:00.000Z,458,60,298
rum_628,cow_21,2026-09-10T18:00:00.000Z,476,60,309
rum_629,cow_21,2026-09-11T18:00:00.000Z,486,55,316
rum_630,cow_21,2026-09-12T18:00:00.000Z,475,54,309
rum_631,cow_21,2026-09-13T18:00:00.000Z,497,53,323
rum_632,cow_21,2026-09-14T18:00:00.000Z,460,54,299
rum_633,cow_21,2026-09-15T18:00:00.000Z,462,52,300
rum_634,cow_21,2026-09-16T18:00:00.000Z,485,54,315
rum_635,cow_21,2026-09-17T18:00:00.000Z,451,55,293
rum_636,cow_21,2026-09-18T18:00:00.000Z,487,55,317
rum_637,cow_21,2026-09-19T18:00:00.000Z,505,58,328
rum_638,cow_21,2026-09-20T18:00:00.000Z,505,58,328
rum_639,cow_21,2026-09-21T18:00:00.000Z,464,53,302
rum_640,cow_21,2026-09-22T18:00:00.000Z,462,58,300
rum_641,cow_21,2026-09-23T18:00:00.000Z,500,57,325
rum_642,cow_21,2026-09-24T18:00:00.000Z,460,56,299
rum_643,cow_21,2026-09-25T18:00:00.000Z,463,59,301
rum_644,cow_21,2026-09-26T18:00:00.000Z,489,53,318
rum_645,cow_21,2026-09-27T18:00:00.000Z,491,58,319
rum_646,cow_21,2026-09-28T18:00:00.000Z,450,56,293
rum_647,cow_21,2026-09-29T18:00:00.000Z,505,59,328
rum_648,cow_21,2026-09-30T18:00:00.000Z,398,58,259
rum_649,cow_21,2026-10-01T18:00:00.000Z,385,59,250
rum_650,cow_21,2026-10-02T18:00:00.000Z,441,55,287
rum_651,cow_21,2026-10-03T18:00:00.000Z,432,57,281
rum_652,cow_22,2026-09-03T18:00:00.000Z,494,60,321
rum_653,cow_22,2026-09-04T18:00:00.000Z,482,59,313
rum_654,cow_22,2026-09-05T18:00:00.000Z,489,52,318
rum_655,cow_22,2026-09-06T18:00:00.000Z,456,52,296
rum_656,cow_22,2026-09-07T18:00:00.000Z,466,56,303
rum_657,cow_22,2026-09-08T18:00:00.000Z,485,54,315
rum_658,cow_22,2026-09-09T18:00:00.000Z,481,59,313
rum_659,cow_22,2026-09-10T18:00:00.000Z,457,57,297
rum_660,cow_22,2026-09-11T18:00:00.000Z,464,58,302
rum_661,cow_22,2026-09-12T18:00:00.000Z,462,58,300
rum_662,cow_22,2026-09-13T18:00:00.000Z,471,52,306
rum_663,cow_22,2026-09-14T18:00:00.000Z,505,53,328
rum_664,cow_22,2026-09-15T18:00:00.000Z,486,58,316
rum_665,cow_22,2026-09-16T18:00:00.000Z,505,59,328
rum_666,cow_22,2026-09-17T18:00:00.000Z,462,57,300
rum_667,cow_22,2026-09-18T18:00:00.000Z,510,52,332
rum_668,cow_22,2026-09-19T18:00:00.000Z,497,55,323
rum_669,cow_22,2026-09-20T18:00:00.000Z,453,52,294
rum_670,cow_22,2026-09-21T18:00:00.000Z,472,56,307
rum_671,cow_22,2026-09-22T18:00:00.000Z,452,55,294
rum_672,cow_22,2026-09-23T18:00:00.000Z,497,60,323
rum_673,cow_22,2026-09-24T18:00:00.000Z,502,54,326
rum_674,cow_22,2026-09-25T18:00:00.000Z,505,59,328
rum_675,cow_22,2026-09-26T18:00:00.000Z,473,56,307
rum_676,cow_22,2026-09-27T18:00:00.000Z,481,55,313
rum_677,cow_22,2026-09-28T18:00:00.000Z,497,52,323
rum_678,cow_22,2026-09-29T18:00:00.000Z,487,53,317
rum_679,cow_22,2026-09-30T18:00:00.000Z,430,52,280
rum_680,cow_22,2026-10-01T18:00:00.000Z,420,58,273
rum_681,cow_22,2026-10-02T18:00:00.000Z,396,52,257
rum_682,cow_22,2026-10-03T18:00:00.000Z,434,54,282
rum_683,cow_23,2026-09-03T18:00:00.000Z,480,57,312
rum_684,cow_23,2026-09-04T18:00:00.000Z,464,52,302
rum_685,cow_23,2026-09-05T18:00:00.000Z,487,56,317
rum_686,cow_23,2026-09-06T18:00:00.000Z,500,54,325
rum_687,cow_23,2026-09-07T18:00:00.000Z,507,56,330
rum_688,cow_23,2026-09-08T18:00:00.000Z,509,54,331
rum_689,cow_23,2026-09-09T18:00:00.000Z,476,54,309
rum_690,cow_23,2026-09-10T18:00:00.000Z,489,58,318
rum_691,cow_23,2026-09-11T18:00:00.000Z,463,57,301
rum_692,cow_23,2026-09-12T18:00:00.000Z,498,60,324
rum_693,cow_23,2026-09-13T18:00:00.000Z,497,58,323
rum_694,cow_23,2026-09-14T18:00:00.000Z,464,56,302
rum_695,cow_23,2026-09-15T18:00:00.000Z,463,59,301
rum_696,cow_23,2026-09-16T18:00:00.000Z,497,55,323
rum_697,cow_23,2026-09-17T18:00:00.000Z,486,59,316
rum_698,cow_23,2026-09-18T18:00:00.000Z,474,59,308
rum_699,cow_23,2026-09-19T18:00:00.000Z,451,52,293
rum_700,cow_23,2026-09-20T18:00:00.000Z,451,60,293
rum_701,cow_23,2026-09-21T18:00:00.000Z,482,52,313
rum_702,cow_23,2026-09-22T18:00:00.000Z,500,58,325
rum_703,cow_23,2026-09-23T18:00:00.000Z,483,53,314
rum_704,cow_23,2026-09-24T18:00:00.000Z,510,54,332
rum_705,cow_23,2026-09-25T18:00:00.000Z,502,52,326
rum_706,cow_23,2026-09-26T18:00:00.000Z,487,54,317
rum_707,cow_23,2026-09-27T18:00:00.000Z,478,58,311
rum_708,cow_23,2026-09-28T18:00:00.000Z,460,59,299
rum_709,cow_23,2026-09-29T18:00:00.000Z,477,53,310
rum_710,cow_23,2026-09-30T18:00:00.000Z,424,60,276
rum_711,cow_23,2026-10-01T18:00:00.000Z,409,57,266
rum_712,cow_23,2026-10-02T18:00:00.000Z,445,60,289
rum_713,cow_23,2026-10-03T18:00:00.000Z,413,59,268
rum_714,cow_24,2026-09-03T18:00:00.000Z,474,58,308
rum_715,cow_24,2026-09-04T18:00:00.000Z,504,53,328
rum_716,cow_24,2026-09-05T18:00:00.000Z,492,54,320
rum_717,cow_24,2026-09-06T18:00:00.000Z,494,58,321
rum_718,cow_24,2026-09-07T18:00:00.000Z,480,54,312
rum_719,cow_24,2026-09-08T18:00:00.000Z,499,59,324
rum_720,cow_24,2026-09-09T18:00:00.000Z,502,52,326
rum_721,cow_24,2026-09-10T18:00:00.000Z,464,54,302
rum_722,cow_24,2026-09-11T18:00:00.000Z,492,59,320
rum_723,cow_24,2026-09-12T18:00:00.000Z,458,60,298
rum_724,cow_24,2026-09-13T18:00:00.000Z,459,54,298
rum_725,cow_24,2026-09-14T18:00:00.000Z,486,59,316
rum_726,cow_24,2026-09-15T18:00:00.000Z,462,57,300
rum_727,cow_24,2026-09-16T18:00:00.000Z,504,60,328
rum_728,cow_24,2026-09-17T18:00:00.000Z,500,54,325
rum_729,cow_24,2026-09-18T18:00:00.000Z,453,60,294
rum_730,cow_24,2026-09-19T18:00:00.000Z,475,60,309
rum_731,cow_24,2026-09-20T18:00:00.000Z,484,56,315
rum_732,cow_24,2026-09-21T18:00:00.000Z,504,58,328
rum_733,cow_24,2026-09-22T18:00:00.000Z,465,57,302
rum_734,cow_24,2026-09-23T18:00:00.000Z,507,56,330
rum_735,cow_24,2026-09-24T18:00:00.000Z,479,56,311
rum_736,cow_24,2026-09-25T18:00:00.000Z,482,60,313
rum_737,cow_24,2026-09-26T18:00:00.000Z,478,58,311
rum_738,cow_24,2026-09-27T18:00:00.000Z,509,59,331
rum_739,cow_24,2026-09-28T18:00:00.000Z,491,57,319
rum_740,cow_24,2026-09-29T18:00:00.000Z,507,54,330
rum_741,cow_24,2026-09-30T18:00:00.000Z,403,56,262
rum_742,cow_24,2026-10-01T18:00:00.000Z,407,58,265
rum_743,cow_24,2026-10-02T18:00:00.000Z,426,57,277
rum_744,cow_24,2026-10-03T18:00:00.000Z,390,53,254
rum_745,cow_25,2026-09-03T18:00:00.000Z,479,58,311
rum_746,cow_25,2026-09-04T18:00:00.000Z,491,59,319
rum_747,cow_25,2026-09-05T18:00:00.000Z,478,56,311
rum_748,cow_25,2026-09-06T18:00:00.000Z,507,55,330
rum_749,cow_25,2026-09-07T18:00:00.000Z,454,53,295
rum_750,cow_25,2026-09-08T18:00:00.000Z,494,54,321
rum_751,cow_25,2026-09-09T18:00:00.000Z,492,54,320
rum_752,cow_25,2026-09-10T18:00:00.000Z,493,57,320
rum_753,cow_25,2026-09-11T18:00:00.000Z,491,59,319
rum_754,cow_25,2026-09-12T18:00:00.000Z,483,56,314
rum_755,cow_25,2026-09-13T18:00:00.000Z,467,59,304
rum_756,cow_25,2026-09-14T18:00:00.000Z,489,55,318
rum_757,cow_25,2026-09-15T18:00:00.000Z,453,55,294
rum_758,cow_25,2026-09-16T18:00:00.000Z,490,54,319
rum_759,cow_25,2026-09-17T18:00:00.000Z,504,57,328
rum_760,cow_25,2026-09-18T18:00:00.000Z,462,55,300
rum_761,cow_25,2026-09-19T18:00:00.000Z,481,53,313
rum_762,cow_25,2026-09-20T18:00:00.000Z,485,55,315
rum_763,cow_25,2026-09-21T18:00:00.000Z,461,59,300
rum_764,cow_25,2026-09-22T18:00:00.000Z,472,53,307
rum_765,cow_25,2026-09-23T18:00:00.000Z,484,52,315
rum_766,cow_25,2026-09-24T18:00:00.000Z,461,52,300
rum_767,cow_25,2026-09-25T18:00:00.000Z,468,57,304
rum_768,cow_25,2026-09-26T18:00:00.000Z,450,53,293
rum_769,cow_25,2026-09-27T18:00:00.000Z,492,52,320
rum_770,cow_25,2026-09-28T18:00:00.000Z,501,56,326
rum_771,cow_25,2026-09-29T18:00:00.000Z,475,55,309
rum_772,cow_25,2026-09-30T18:00:00.000Z,416,55,270
rum_773,cow_25,2026-10-01T18:00:00.000Z,426,52,277
rum_774,cow_25,2026-10-02T18:00:00.000Z,428,52,278
rum_775,cow_25,2026-10-03T18:00:00.000Z,442,55,287
rum_776,cow_26,2026-09-03T18:00:00.000Z,464,53,302
rum_777,cow_26,2026-09-04T18:00:00.000Z,457,60,297
rum_778,cow_26,2026-09-05T18:00:00.000Z,461,56,300
rum_779,cow_26,2026-09-06T18:00:00.000Z,460,52,299
rum_780,cow_26,2026-09-07T18:00:00.000Z,467,53,304
rum_781,cow_26,2026-09-08T18:00:00.000Z,483,57,314
rum_782,cow_26,2026-09-09T18:00:00.000Z,460,56,299
rum_783,cow_26,2026-09-10T18:00:00.000Z,465,55,302
rum_784,cow_26,2026-09-11T18:00:00.000Z,464,52,302
rum_785,cow_26,2026-09-12T18:00:00.000Z,503,57,327
rum_786,cow_26,2026-09-13T18:00:00.000Z,504,57,328
rum_787,cow_26,2026-09-14T18:00:00.000Z,489,53,318
rum_788,cow_26,2026-09-15T18:00:00.000Z,457,57,297
rum_789,cow_26,2026-09-16T18:00:00.000Z,455,56,296
rum_790,cow_26,2026-09-17T18:00:00.000Z,466,57,303
rum_791,cow_26,2026-09-18T18:00:00.000Z,495,58,322
rum_792,cow_26,2026-09-19T18:00:00.000Z,482,53,313
rum_793,cow_26,2026-09-20T18:00:00.000Z,496,59,322
rum_794,cow_26,2026-09-21T18:00:00.000Z,461,52,300
rum_795,cow_26,2026-09-22T18:00:00.000Z,490,59,319
rum_796,cow_26,2026-09-23T18:00:00.000Z,477,58,310
rum_797,cow_26,2026-09-24T18:00:00.000Z,465,59,302
rum_798,cow_26,2026-09-25T18:00:00.000Z,507,55,330
rum_799,cow_26,2026-09-26T18:00:00.000Z,491,53,319
rum_800,cow_26,2026-09-27T18:00:00.000Z,457,58,297
rum_801,cow_26,2026-09-28T18:00:00.000Z,308,53,200
rum_802,cow_26,2026-09-29T18:00:00.000Z,318,58,207
rum_803,cow_26,2026-09-30T18:00:00.000Z,282,55,183
rum_804,cow_26,2026-10-01T18:00:00.000Z,293,52,190
rum_805,cow_26,2026-10-02T18:00:00.000Z,320,53,208
rum_806,cow_26,2026-10-03T18:00:00.000Z,318,53,207
rum_807,cow_27,2026-09-03T18:00:00.000Z,460,53,299
rum_808,cow_27,2026-09-04T18:00:00.000Z,490,52,319
rum_809,cow_27,2026-09-05T18:00:00.000Z,454,58,295
rum_810,cow_27,2026-09-06T18:00:00.000Z,510,54,332
rum_811,cow_27,2026-09-07T18:00:00.000Z,482,59,313
rum_812,cow_27,2026-09-08T18:00:00.000Z,485,52,315
rum_813,cow_27,2026-09-09T18:00:00.000Z,461,53,300
rum_814,cow_27,2026-09-10T18:00:00.000Z,482,55,313
rum_815,cow_27,2026-09-11T18:00:00.000Z,477,58,310
rum_816,cow_27,2026-09-12T18:00:00.000Z,453,56,294
rum_817,cow_27,2026-09-13T18:00:00.000Z,503,56,327
rum_818,cow_27,2026-09-14T18:00:00.000Z,497,56,323
rum_819,cow_27,2026-09-15T18:00:00.000Z,504,58,328
rum_820,cow_27,2026-09-16T18:00:00.000Z,462,52,300
rum_821,cow_27,2026-09-17T18:00:00.000Z,461,54,300
rum_822,cow_27,2026-09-18T18:00:00.000Z,487,58,317
rum_823,cow_27,2026-09-19T18:00:00.000Z,500,52,325
rum_824,cow_27,2026-09-20T18:00:00.000Z,490,58,319
rum_825,cow_27,2026-09-21T18:00:00.000Z,504,54,328
rum_826,cow_27,2026-09-22T18:00:00.000Z,468,58,304
rum_827,cow_27,2026-09-23T18:00:00.000Z,453,59,294
rum_828,cow_27,2026-09-24T18:00:00.000Z,450,57,293
rum_829,cow_27,2026-09-25T18:00:00.000Z,486,60,316
rum_830,cow_27,2026-09-26T18:00:00.000Z,460,60,299
rum_831,cow_27,2026-09-27T18:00:00.000Z,500,54,325
rum_832,cow_27,2026-09-28T18:00:00.000Z,307,60,200
rum_833,cow_27,2026-09-29T18:00:00.000Z,292,56,190
rum_834,cow_27,2026-09-30T18:00:00.000Z,319,54,207
rum_835,cow_27,2026-10-01T18:00:00.000Z,280,53,182
rum_836,cow_27,2026-10-02T18:00:00.000Z,277,56,180
rum_837,cow_27,2026-10-03T18:00:00.000Z,278,53,181
rum_838,cow_28,2026-09-03T18:00:00.000Z,483,57,314
rum_839,cow_28,2026-09-04T18:00:00.000Z,466,54,303
rum_840,cow_28,2026-09-05T18:00:00.000Z,453,53,294
rum_841,cow_28,2026-09-06T18:00:00.000Z,501,54,326
rum_842,cow_28,2026-09-07T18:00:00.000Z,487,56,317
rum_843,cow_28,2026-09-08T18:00:00.000Z,502,59,326
rum_844,cow_28,2026-09-09T18:00:00.000Z,488,52,317
rum_845,cow_28,2026-09-10T18:00:00.000Z,495,55,322
rum_846,cow_28,2026-09-11T18:00:00.000Z,454,53,295
rum_847,cow_28,2026-09-12T18:00:00.000Z,505,57,328
rum_848,cow_28,2026-09-13T18:00:00.000Z,452,55,294
rum_849,cow_28,2026-09-14T18:00:00.000Z,464,53,302
rum_850,cow_28,2026-09-15T18:00:00.000Z,505,57,328
rum_851,cow_28,2026-09-16T18:00:00.000Z,464,52,302
rum_852,cow_28,2026-09-17T18:00:00.000Z,464,57,302
rum_853,cow_28,2026-09-18T18:00:00.000Z,464,58,302
rum_854,cow_28,2026-09-19T18:00:00.000Z,494,53,321
rum_855,cow_28,2026-09-20T18:00:00.000Z,506,54,329
rum_856,cow_28,2026-09-21T18:00:00.000Z,450,55,293
rum_857,cow_28,2026-09-22T18:00:00.000Z,479,52,311
rum_858,cow_28,2026-09-23T18:00:00.000Z,501,52,326
rum_859,cow_28,2026-09-24T18:00:00.000Z,450,56,293
rum_860,cow_28,2026-09-25T18:00:00.000Z,484,59,315
rum_861,cow_28,2026-09-26T18:00:00.000Z,472,58,307
rum_862,cow_28,2026-09-27T18:00:00.000Z,462,53,300
rum_863,cow_28,2026-09-28T18:00:00.000Z,272,58,177
rum_864,cow_28,2026-09-29T18:00:00.000Z,286,54,186
rum_865,cow_28,2026-09-30T18:00:00.000Z,320,54,208
rum_866,cow_28,2026-10-01T18:00:00.000Z,291,55,189
rum_867,cow_28,2026-10-02T18:00:00.000Z,298,59,194
rum_868,cow_28,2026-10-03T18:00:00.000Z,301,57,196
rum_869,cow_29,2026-09-03T18:00:00.000Z,477,58,310
rum_870,cow_29,2026-09-04T18:00:00.000Z,472,58,307
rum_871,cow_29,2026-09-05T18:00:00.000Z,497,59,323
rum_872,cow_29,2026-09-06T18:00:00.000Z,501,56,326
rum_873,cow_29,2026-09-07T18:00:00.000Z,509,54,331
rum_874,cow_29,2026-09-08T18:00:00.000Z,477,56,310
rum_875,cow_29,2026-09-09T18:00:00.000Z,450,57,293
rum_876,cow_29,2026-09-10T18:00:00.000Z,471,53,306
rum_877,cow_29,2026-09-11T18:00:00.000Z,457,58,297
rum_878,cow_29,2026-09-12T18:00:00.000Z,494,59,321
rum_879,cow_29,2026-09-13T18:00:00.000Z,489,57,318
rum_880,cow_29,2026-09-14T18:00:00.000Z,465,60,302
rum_881,cow_29,2026-09-15T18:00:00.000Z,456,58,296
rum_882,cow_29,2026-09-16T18:00:00.000Z,482,58,313
rum_883,cow_29,2026-09-17T18:00:00.000Z,470,55,306
rum_884,cow_29,2026-09-18T18:00:00.000Z,510,56,332
rum_885,cow_29,2026-09-19T18:00:00.000Z,502,60,326
rum_886,cow_29,2026-09-20T18:00:00.000Z,506,54,329
rum_887,cow_29,2026-09-21T18:00:00.000Z,492,60,320
rum_888,cow_29,2026-09-22T18:00:00.000Z,494,56,321
rum_889,cow_29,2026-09-23T18:00:00.000Z,487,60,317
rum_890,cow_29,2026-09-24T18:00:00.000Z,450,53,293
rum_891,cow_29,2026-09-25T18:00:00.000Z,455,60,296
rum_892,cow_29,2026-09-26T18:00:00.000Z,510,56,332
rum_893,cow_29,2026-09-27T18:00:00.000Z,465,54,302
rum_894,cow_29,2026-09-28T18:00:00.000Z,274,54,178
rum_895,cow_29,2026-09-29T18:00:00.000Z,284,54,185
rum_896,cow_29,2026-09-30T18:00:00.000Z,305,58,198
rum_897,cow_29,2026-10-01T18:00:00.000Z,323,60,210
rum_898,cow_29,2026-10-02T18:00:00.000Z,286,56,186
rum_899,cow_29,2026-10-03T18:00:00.000Z,285,52,185
rum_900,cow_30,2026-09-03T18:00:00.000Z,468,57,304
rum_901,cow_30,2026-09-04T18:00:00.000Z,507,59,330
rum_902,cow_30,2026-09-05T18:00:00.000Z,464,53,302
rum_903,cow_30,2026-09-06T18:00:00.000Z,468,56,304
rum_904,cow_30,2026-09-07T18:00:00.000Z,482,60,313
rum_905,cow_30,2026-09-08T18:00:00.000Z,505,58,328
rum_906,cow_30,2026-09-09T18:00:00.000Z,498,54,324
rum_907,cow_30,2026-09-10T18:00:00.000Z,472,54,307
rum_908,cow_30,2026-09-11T18:00:00.000Z,474,55,308
rum_909,cow_30,2026-09-12T18:00:00.000Z,490,60,319
rum_910,cow_30,2026-09-13T18:00:00.000Z,467,55,304
rum_911,cow_30,2026-09-14T18:00:00.000Z,454,58,295
rum_912,cow_30,2026-09-15T18:00:00.000Z,493,57,320
rum_913,cow_30,2026-09-16T18:00:00.000Z,495,56,322
rum_914,cow_30,2026-09-17T18:00:00.000Z,482,59,313
rum_915,cow_30,2026-09-18T18:00:00.000Z,485,58,315
rum_916,cow_30,2026-09-19T18:00:00.000Z,461,60,300
rum_917,cow_30,2026-09-20T18:00:00.000Z,496,58,322
rum_918,cow_30,2026-09-21T18:00:00.000Z,457,54,297
rum_919,cow_30,2026-09-22T18:00:00.000Z,492,58,320
rum_920,cow_30,2026-09-23T18:00:00.000Z,497,55,323
rum_921,cow_30,2026-09-24T18:00:00.000Z,483,56,314
rum_922,cow_30,2026-09-25T18:00:00.000Z,475,60,309
rum_923,cow_30,2026-09-26T18:00:00.000Z,486,59,316
rum_924,cow_30,2026-09-27T18:00:00.000Z,461,57,300
rum_925,cow_30,2026-09-28T18:00:00.000Z,314,57,204
rum_926,cow_30,2026-09-29T18:00:00.000Z,277,52,180
rum_927,cow_30,2026-09-30T18:00:00.000Z,325,60,211
rum_928,cow_30,2026-10-01T18:00:00.000Z,327,59,213
rum_929,cow_30,2026-10-02T18:00:00.000Z,301,53,196
rum_930,cow_30,2026-10-03T18:00:00.000Z,308,60,200