id,cow_id,vaccine_name,administered_date,next_due_date,status,batch_no
vax_cow_1_1,cow_1,"FMD Quadrivalent Booster",2026-06-15,2026-12-15,COMPLETED,BATCH-FMD-991
vax_cow_1_2,cow_1,"HS + BQ Combined",2026-04-10,2027-04-10,COMPLETED,BATCH-HSBQ-402
vax_cow_2_1,cow_2,"FMD Quadrivalent Booster",2026-06-15,2026-12-15,COMPLETED,BATCH-FMD-991
vax_cow_2_2,cow_2,"HS + BQ Combined",2026-04-10,2027-04-10,COMPLETED,BATCH-HSBQ-402
vax_cow_3_1,cow_3,"FMD Quadrivalent Booster",2026-06-15,2026-12-15,COMPLETED,BATCH-FMD-991
vax_cow_3_2,cow_3,"HS + BQ Combined",2026-04-10,2027-04-10,COMPLETED,BATCH-HSBQ-402
vax_cow_4_1,cow_4,"FMD Quadrivalent Booster",2026-06-15,2026-12-15,COMPLETED,BATCH-FMD-991
vax_cow_4_2,cow_4,"HS + BQ Combined",2026-04-10,2027-04-10,COMPLETED,BATCH-HSBQ-402
vax_cow_5_1,cow_5,"FMD Quadrivalent Booster",2026-06-15,2026-12-15,COMPLETED,BATCH-FMD-991
vax_cow_5_2,cow_5,"HS + BQ Combined",2026-04-10,2027-04-10,COMPLETED,BATCH-HSBQ-402
vax_cow_6_1,cow_6,"FMD Quadrivalent Booster",2026-06-15,2026-12-15,COMPLETED,BATCH-FMD-991
vax_cow_6_2,cow_6,"HS + BQ Combined",2026-04-10,2027-04-10,COMPLETED,BATCH-HSBQ-402
vax_cow_7_1,cow_7,"FMD Quadrivalent Booster",2026-06-15,2026-12-15,COMPLETED,BATCH-FMD-991
vax_cow_7_2,cow_7,"HS + BQ Combined",2026-04-10,2027-04-10,COMPLETED,BATCH-HSBQ-402
vax_cow_8_1,cow_8,"FMD Quadrivalent Booster",2026-06-15,2026-12-15,COMPLETED,BATCH-FMD-991
vax_cow_8_2,cow_8,"HS + BQ Combined",2026-04-10,2027-04-10,COMPLETED,BATCH-HSBQ-402
vax_cow_9_1,cow_9,"FMD Quadrivalent Booster",2026-06-15,2026-12-15,COMPLETED,BATCH-FMD-991
vax_cow_9_2,cow_9,"HS + BQ Combined",2026-04-10,2027-04-10,COMPLETED,BATCH-HSBQ-402
vax_cow_10_1,cow_10,"FMD Quadrivalent Booster",2026-06-15,2026-12-15,COMPLETED,BATCH-FMD-991
vax_cow_10_2,cow_10,"HS + BQ Combined",2026-04-10,2027-04-10,COMPLETED,BATCH-HSBQ-402
vax_cow_11_1,cow_11,"FMD Quadrivalent Booster",2026-06-15,2026-12-15,COMPLETED,BATCH-FMD-991
vax_cow_11_2,cow_11,"HS + BQ Combined",2026-04-10,2027-04-10,COMPLETED,BATCH-HSBQ-402
vax_cow_12_1,cow_12,"FMD Quadrivalent Booster",2026-06-15,2026-12-15,COMPLETED,BATCH-FMD-991
vax_cow_12_2,cow_12,"HS + BQ Combined",2026-04-10,2027-04-10,COMPLETED,BATCH-HSBQ-402
vax_cow_13_1,cow_13,"FMD Quadrivalent Booster",2026-06-15,2026-12-15,COMPLETED,BATCH-FMD-991
vax_cow_13_2,cow_13,"HS + BQ Combined",2026-04-10,2027-04-10,COMPLETED,BATCH-HSBQ-402
vax_cow_14_1,cow_14,"FMD Quadrivalent Booster",2026-06-15,2026-12-15,COMPLETED,BATCH-FMD-991
vax_cow_14_2,cow_14,"HS + BQ Combined",2026-04-10,2027-04-10,COMPLETED,BATCH-HSBQ-402
vax_cow_15_1,cow_15,"FMD Quadrivalent Booster",2026-06-15,2026-12-15,COMPLETED,BATCH-FMD-991
vax_cow_15_2,cow_15,"HS + BQ Combined",2026-04-10,2027-04-10,COMPLETED,BATCH-HSBQ-402
vax_cow_16_1,cow_16,"FMD Quadrivalent Booster",2026-06-15,2026-12-15,COMPLETED,BATCH-FMD-991
vax_cow_16_2,cow_16,"HS + BQ Combined",2026-04-10,2027-04-10,COMPLETED,BATCH-HSBQ-402
vax_cow_17_1,cow_17,"FMD Quadrivalent Booster",2026-06-15,2026-12-15,COMPLETED,BATCH-FMD-991
vax_cow_17_2,cow_17,"HS + BQ Combined",2026-04-10,2027-04-10,COMPLETED,BATCH-HSBQ-402
vax_cow_18_1,cow_18,"FMD Quadrivalent Booster",2026-06-15,2026-12-15,COMPLETED,BATCH-FMD-991
vax_cow_18_2,cow_18,"HS + BQ Combined",2026-04-10,2027-04-10,COMPLETED,BATCH-HSBQ-402
vax_cow_19_1,cow_19,"FMD Quadrivalent Booster",2026-06-15,2026-12-15,COMPLETED,BATCH-FMD-991
vax_cow_19_2,cow_19,"HS + BQ Combined",2026-04-10,2027-04-10,COMPLETED,BATCH-HSBQ-402
vax_cow_20_1,cow_20,"FMD Quadrivalent Booster",2026-06-15,2026-12-15,COMPLETED,BATCH-FMD-991
vax_cow_20_2,cow_20,"HS + BQ Combined",2026-04-10,2027-04-10,COMPLETED,BATCH-HSBQ-402
vax_cow_21_1,cow_21,"FMD Quadrivalent Booster",2026-06-15,2026-12-15,COMPLETED,BATCH-FMD-991
vax_cow_21_2,cow_21,"HS + BQ Combined",2026-04-10,2027-04-10,COMPLETED,BATCH-HSBQ-402
vax_cow_22_1,cow_22,"FMD Quadrivalent Booster",2026-06-15,2026-12-15,COMPLETED,BATCH-FMD-991
vax_cow_22_2,cow_22,"HS + BQ Combined",2026-04-10,2027-04-10,COMPLETED,BATCH-HSBQ-402
vax_cow_23_1,cow_23,"FMD Quadrivalent Booster",2026-06-15,2026-12-15,COMPLETED,BATCH-FMD-991
vax_cow_23_2,cow_23,"HS + BQ Combined",2026-04-10,2027-04-10,COMPLETED,BATCH-HSBQ-402
vax_cow_24_1,cow_24,"FMD Quadrivalent Booster",2026-06-15,2026-12-15,COMPLETED,BATCH-FMD-991
vax_cow_24_2,cow_24,"HS + BQ Combined",2026-04-10,2027-04-10,COMPLETED,BATCH-HSBQ-402
vax_cow_25_1,cow_25,"FMD Quadrivalent Booster",2026-06-15,2026-12-15,COMPLETED,BATCH-FMD-991
vax_cow_25_2,cow_25,"HS + BQ Combined",2026-04-10,2027-04-10,COMPLETED,BATCH-HSBQ-402
vax_cow_26_1,cow_26,"FMD Quadrivalent Booster",2026-06-15,2026-12-15,COMPLETED,BATCH-FMD-991
vax_cow_26_2,cow_26,"HS + BQ Combined",2026-04-10,2027-04-10,COMPLETED,BATCH-HSBQ-402
vax_cow_27_1,cow_27,"FMD Quadrivalent Booster",2026-06-15,2026-12-15,COMPLETED,BATCH-FMD-991
vax_cow_27_2,cow_27,"HS + BQ Combined",2026-04-10,2027-04-10,COMPLETED,BATCH-HSBQ-402
vax_cow_28_1,cow_28,"FMD Quadrivalent Booster",2026-06-15,2026-12-15,COMPLETED,BATCH-FMD-991
vax_cow_28_2,cow_28,"HS + BQ Combined",2026-04-10,2027-04-10,COMPLETED,BATCH-HSBQ-402
vax_cow_29_1,cow_29,"FMD Quadrivalent Booster",2026-06-15,2026-12-15,COMPLETED,BATCH-FMD-991
vax_cow_29_2,cow_29,"HS + BQ Combined",2026-04-10,2027-04-10,COMPLETED,BATCH-HSBQ-402
vax_cow_30_1,cow_30,"FMD Quadrivalent Booster",2026-06-15,2026-12-15,COMPLETED,BATCH-FMD-991
vax_cow_30_2,cow_30,"HS + BQ Combined",2026-04-10,2027-04-10,COMPLETED,BATCH-HSBQ-402